name^|^mt_id^|^offer_id^|^contactlist_id^|^campcode^|^cellcode^|^target_id^|^target_start^|^target_end^|^extract_date
Dataupsell^|^47^|^11^|^2345^|^MCC_3332^|^03_TMU_S_RXL_CO^|^22^|^20170617^|^20170726^|^20170819
Dataupsell^|^48^|^12^|^2345^|^MCC_3332^|^03_TMU_S_RXL_CO^|^23^|^20171103^|^20170318^|^20170127
Dataupsell^|^49^|^13^|^2345^|^MCC_3332^|^03_TMU_S_RXL_CO^|^24^|^20170615^|^20170405^|^20170705
Dataupsell^|^50^|^14^|^2345^|^MCC_3332^|^03_TMU_S_RXL_CO^|^25^|^20170902^|^20170527^|^20170507
Dataupsell^|^51^|^15^|^2345^|^MCC_3332^|^03_TMU_S_RXL_CO^|^26^|^20161127^|^20170624^|^20170219
Dataupsell^|^52^|^16^|^2345^|^MCC_3332^|^03_TMU_S_RXL_CO^|^27^|^20170221^|^20170805^|^20171009
Dataupsell^|^53^|^17^|^2345^|^MCC_3332^|^03_TMU_S_RXL_CO^|^28^|^20170124^|^20170204^|^20171119
Dataupsell^|^54^|^18^|^2345^|^MCC_3332^|^03_TMU_S_RXL_CO^|^29^|^20170306^|^20170421^|^20170626
Dataupsell^|^55^|^19^|^2345^|^MCC_3332^|^03_TMU_S_RXL_CO^|^30^|^20170305^|^20170920^|^20161205
Dataupsell^|^56^|^20^|^2345^|^MCC_3332^|^03_TMU_S_RXL_CO^|^31^|^20170517^|^20161129^|^20161130
Dataupsell^|^57^|^21^|^2345^|^MCC_3332^|^03_TMU_S_RXL_CO^|^32^|^20170710^|^20161214^|^20170304
Dataupsell^|^58^|^22^|^2345^|^MCC_3332^|^03_TMU_S_RXL_CO^|^33^|^20170821^|^20170209^|^20170718
Dataupsell^|^59^|^23^|^2345^|^MCC_3332^|^03_TMU_S_RXL_CO^|^34^|^20161224^|^20161129^|^20170117
Dataupsell^|^60^|^24^|^2345^|^MCC_3332^|^03_TMU_S_RXL_CO^|^35^|^20170929^|^20170702^|^20161225
Dataupsell^|^61^|^25^|^2345^|^MCC_3332^|^03_TMU_S_RXL_CO^|^36^|^20171005^|^20161127^|^20170315
Dataupsell^|^62^|^26^|^2345^|^MCC_3332^|^03_TMU_S_RXL_CO^|^37^|^20170702^|^20171023^|^20171117
Dataupsell^|^63^|^27^|^2345^|^MCC_3332^|^03_TMU_S_RXL_CO^|^38^|^20170122^|^20170808^|^20170429
Dataupsell^|^64^|^28^|^2345^|^MCC_3332^|^03_TMU_S_RXL_CO^|^39^|^20170910^|^20171117^|^20170727
Dataupsell^|^65^|^29^|^2345^|^MCC_3332^|^03_TMU_S_RXL_CO^|^40^|^20170411^|^20170129^|^20170706
Dataupsell^|^66^|^30^|^2345^|^MCC_3332^|^03_TMU_S_RXL_CO^|^41^|^20170129^|^20170502^|^20170515
Dataupsell^|^67^|^31^|^2345^|^MCC_3332^|^03_TMU_S_RXL_CO^|^42^|^20171109^|^20171002^|^20170611
Dataupsell^|^68^|^32^|^2345^|^MCC_3332^|^03_TMU_S_RXL_CO^|^43^|^20161215^|^20171010^|^20170307
Dataupsell^|^69^|^33^|^2345^|^MCC_3332^|^03_TMU_S_RXL_CO^|^44^|^20170603^|^20171030^|^20170518
Dataupsell^|^70^|^34^|^2345^|^MCC_3332^|^03_TMU_S_RXL_CO^|^45^|^20170925^|^20170504^|^20170827
Dataupsell^|^71^|^35^|^2345^|^MCC_3332^|^03_TMU_S_RXL_CO^|^46^|^20170621^|^20170816^|^20170102
Dataupsell^|^72^|^36^|^2345^|^MCC_3332^|^03_TMU_S_RXL_CO^|^47^|^20170325^|^20170117^|^20171106
Dataupsell^|^73^|^37^|^2345^|^MCC_3332^|^03_TMU_S_RXL_CO^|^48^|^20170622^|^20170816^|^20170601
Dataupsell^|^74^|^38^|^2345^|^MCC_3332^|^03_TMU_S_RXL_CO^|^49^|^20161130^|^20170729^|^20170223
Dataupsell^|^75^|^39^|^2345^|^MCC_3332^|^03_TMU_S_RXL_CO^|^50^|^20170811^|^20170908^|^20170616
Dataupsell^|^76^|^40^|^2345^|^MCC_3332^|^03_TMU_S_RXL_CO^|^51^|^20170329^|^20170425^|^20170728
Dataupsell^|^77^|^41^|^2345^|^MCC_3332^|^03_TMU_S_RXL_CO^|^52^|^20170805^|^20161227^|^20170119
Dataupsell^|^78^|^42^|^2345^|^MCC_3332^|^03_TMU_S_RXL_CO^|^53^|^20170203^|^20170812^|^20170918
Dataupsell^|^79^|^43^|^2345^|^MCC_3332^|^03_TMU_S_RXL_CO^|^54^|^20161125^|^20170926^|^20170328
Dataupsell^|^80^|^44^|^2345^|^MCC_3332^|^03_TMU_S_RXL_CO^|^55^|^20170629^|^20170815^|^20170808
Dataupsell^|^81^|^45^|^2345^|^MCC_3332^|^03_TMU_S_RXL_CO^|^56^|^20170418^|^20170128^|^20170108
Dataupsell^|^82^|^46^|^2345^|^MCC_3332^|^03_TMU_S_RXL_CO^|^57^|^20170528^|^20170213^|^20170317
Dataupsell^|^83^|^47^|^2345^|^MCC_3332^|^03_TMU_S_RXL_CO^|^58^|^20170912^|^20170901^|^20170620
Dataupsell^|^84^|^48^|^2345^|^MCC_3332^|^03_TMU_S_RXL_CO^|^59^|^20161229^|^20170603^|^20161231
Dataupsell^|^85^|^49^|^2345^|^MCC_3332^|^03_TMU_S_RXL_CO^|^60^|^20170124^|^20170124^|^20170516
Dataupsell^|^86^|^50^|^2345^|^MCC_3332^|^03_TMU_S_RXL_CO^|^61^|^20170821^|^20171105^|^20170718
Dataupsell^|^87^|^51^|^2345^|^MCC_3332^|^03_TMU_S_RXL_CO^|^62^|^20161220^|^20170902^|^20170914
Dataupsell^|^88^|^52^|^2345^|^MCC_3332^|^03_TMU_S_RXL_CO^|^63^|^20170813^|^20170618^|^20171001
Dataupsell^|^89^|^53^|^2345^|^MCC_3332^|^03_TMU_S_RXL_CO^|^64^|^20170303^|^20170319^|^20161225
Dataupsell^|^90^|^54^|^2345^|^MCC_3332^|^03_TMU_S_RXL_CO^|^65^|^20161128^|^20170813^|^20170902
Dataupsell^|^91^|^55^|^2345^|^MCC_3332^|^03_TMU_S_RXL_CO^|^66^|^20170109^|^20171118^|^20161211
Dataupsell^|^92^|^56^|^2345^|^MCC_3332^|^03_TMU_S_RXL_CO^|^67^|^20170308^|^20170407^|^20170606
Dataupsell^|^93^|^57^|^2345^|^MCC_3332^|^03_TMU_S_RXL_CO^|^68^|^20170305^|^20170405^|^20170921
Dataupsell^|^94^|^58^|^2345^|^MCC_3332^|^03_TMU_S_RXL_CO^|^69^|^20171110^|^20170204^|^20170215
Dataupsell^|^95^|^59^|^2345^|^MCC_3332^|^03_TMU_S_RXL_CO^|^70^|^20170616^|^20170404^|^20170315
Dataupsell^|^96^|^60^|^2345^|^MCC_3332^|^03_TMU_S_RXL_CO^|^71^|^20170311^|^20170915^|^20171026
Dataupsell^|^97^|^61^|^2345^|^MCC_3332^|^03_TMU_S_RXL_CO^|^72^|^20170223^|^20170714^|^20170129
Dataupsell^|^98^|^62^|^2345^|^MCC_3332^|^03_TMU_S_RXL_CO^|^73^|^20170104^|^20170906^|^20170717
Dataupsell^|^99^|^63^|^2345^|^MCC_3332^|^03_TMU_S_RXL_CO^|^74^|^20170228^|^20170515^|^20170208
Dataupsell^|^100^|^64^|^2345^|^MCC_3332^|^03_TMU_S_RXL_CO^|^75^|^20170204^|^20170712^|^20171005
Dataupsell^|^101^|^65^|^2345^|^MCC_3332^|^03_TMU_S_RXL_CO^|^76^|^20170323^|^20170315^|^20171115
Dataupsell^|^102^|^66^|^2345^|^MCC_3332^|^03_TMU_S_RXL_CO^|^77^|^20170130^|^20170601^|^20170522
Dataupsell^|^103^|^67^|^2345^|^MCC_3332^|^03_TMU_S_RXL_CO^|^78^|^20170612^|^20170428^|^20170102
Dataupsell^|^104^|^68^|^2345^|^MCC_3332^|^03_TMU_S_RXL_CO^|^79^|^20170223^|^20170409^|^20170516
Dataupsell^|^105^|^69^|^2345^|^MCC_3332^|^03_TMU_S_RXL_CO^|^80^|^20171114^|^20171024^|^20170907
Dataupsell^|^106^|^70^|^2345^|^MCC_3332^|^03_TMU_S_RXL_CO^|^81^|^20170620^|^20170409^|^20171108
Dataupsell^|^107^|^71^|^2345^|^MCC_3332^|^03_TMU_S_RXL_CO^|^82^|^20170324^|^20170503^|^20170531
Dataupsell^|^108^|^72^|^2345^|^MCC_3332^|^03_TMU_S_RXL_CO^|^83^|^20170921^|^20170718^|^20170426
Dataupsell^|^109^|^73^|^2345^|^MCC_3332^|^03_TMU_S_RXL_CO^|^84^|^20170101^|^20170629^|^20171106
Dataupsell^|^110^|^74^|^2345^|^MCC_3332^|^03_TMU_S_RXL_CO^|^85^|^20170617^|^20170807^|^20170903
Dataupsell^|^111^|^75^|^2345^|^MCC_3332^|^03_TMU_S_RXL_CO^|^86^|^20161230^|^20170426^|^20170104
Dataupsell^|^112^|^76^|^2345^|^MCC_3332^|^03_TMU_S_RXL_CO^|^87^|^20170805^|^20170406^|^20170402
Dataupsell^|^113^|^77^|^2345^|^MCC_3332^|^03_TMU_S_RXL_CO^|^88^|^20161130^|^20170709^|^20170503
Dataupsell^|^114^|^78^|^2345^|^MCC_3332^|^03_TMU_S_RXL_CO^|^89^|^20171010^|^20170524^|^20170823
Dataupsell^|^115^|^79^|^2345^|^MCC_3332^|^03_TMU_S_RXL_CO^|^90^|^20170801^|^20161126^|^20171105
Dataupsell^|^116^|^80^|^2345^|^MCC_3332^|^03_TMU_S_RXL_CO^|^91^|^20170322^|^20161231^|^20170227
Dataupsell^|^117^|^81^|^2345^|^MCC_3332^|^03_TMU_S_RXL_CO^|^92^|^20170511^|^20170216^|^20170208
Dataupsell^|^118^|^82^|^2345^|^MCC_3332^|^03_TMU_S_RXL_CO^|^93^|^20171018^|^20171116^|^20170504
Dataupsell^|^119^|^83^|^2345^|^MCC_3332^|^03_TMU_S_RXL_CO^|^94^|^20161222^|^20170708^|^20170605
Dataupsell^|^120^|^84^|^2345^|^MCC_3332^|^03_TMU_S_RXL_CO^|^95^|^20170524^|^20170409^|^20161120
Dataupsell^|^121^|^85^|^2345^|^MCC_3332^|^03_TMU_S_RXL_CO^|^96^|^20170418^|^20170905^|^20170327
Dataupsell^|^122^|^86^|^2345^|^MCC_3332^|^03_TMU_S_RXL_CO^|^97^|^20170614^|^20170114^|^20171115
Dataupsell^|^123^|^87^|^2345^|^MCC_3332^|^03_TMU_S_RXL_CO^|^98^|^20171114^|^20170120^|^20170619
Dataupsell^|^124^|^88^|^2345^|^MCC_3332^|^03_TMU_S_RXL_CO^|^99^|^20171005^|^20170409^|^20170402
Dataupsell^|^125^|^89^|^2345^|^MCC_3332^|^03_TMU_S_RXL_CO^|^100^|^20171022^|^20170614^|^20170828
Dataupsell^|^126^|^90^|^2345^|^MCC_3332^|^03_TMU_S_RXL_CO^|^101^|^20170613^|^20161125^|^20170123
Dataupsell^|^127^|^91^|^2345^|^MCC_3332^|^03_TMU_S_RXL_CO^|^102^|^20170328^|^20170228^|^20170709
Dataupsell^|^128^|^92^|^2345^|^MCC_3332^|^03_TMU_S_RXL_CO^|^103^|^20170419^|^20170216^|^20170220
Dataupsell^|^129^|^93^|^2345^|^MCC_3332^|^03_TMU_S_RXL_CO^|^104^|^20161228^|^20161229^|^20161219
Dataupsell^|^130^|^94^|^2345^|^MCC_3332^|^03_TMU_S_RXL_CO^|^105^|^20170207^|^20170117^|^20170701
Dataupsell^|^131^|^95^|^2345^|^MCC_3332^|^03_TMU_S_RXL_CO^|^106^|^20161124^|^20170314^|^20170518
Dataupsell^|^132^|^96^|^2345^|^MCC_3332^|^03_TMU_S_RXL_CO^|^107^|^20170806^|^20170319^|^20170406
Dataupsell^|^133^|^97^|^2345^|^MCC_3332^|^03_TMU_S_RXL_CO^|^108^|^20170702^|^20161125^|^20170822
Dataupsell^|^134^|^98^|^2345^|^MCC_3332^|^03_TMU_S_RXL_CO^|^109^|^20161226^|^20170903^|^20171107
Dataupsell^|^135^|^99^|^2345^|^MCC_3332^|^03_TMU_S_RXL_CO^|^110^|^20171020^|^20170224^|^20171104
Dataupsell^|^136^|^100^|^2345^|^MCC_3332^|^03_TMU_S_RXL_CO^|^111^|^20170131^|^20170628^|^20161225
Dataupsell^|^137^|^101^|^2345^|^MCC_3332^|^03_TMU_S_RXL_CO^|^112^|^20170307^|^20170203^|^20171010
Dataupsell^|^138^|^102^|^2345^|^MCC_3332^|^03_TMU_S_RXL_CO^|^113^|^20170403^|^20161231^|^20170129
Dataupsell^|^139^|^103^|^2345^|^MCC_3332^|^03_TMU_S_RXL_CO^|^114^|^20170130^|^20170525^|^20170116
Dataupsell^|^140^|^104^|^2345^|^MCC_3332^|^03_TMU_S_RXL_CO^|^115^|^20170307^|^20170621^|^20170727
Dataupsell^|^141^|^105^|^2345^|^MCC_3332^|^03_TMU_S_RXL_CO^|^116^|^20170821^|^20171101^|^20170707
Dataupsell^|^142^|^106^|^2345^|^MCC_3332^|^03_TMU_S_RXL_CO^|^117^|^20170122^|^20170408^|^20171111
Dataupsell^|^143^|^107^|^2345^|^MCC_3332^|^03_TMU_S_RXL_CO^|^118^|^20170429^|^20170928^|^20161121
Dataupsell^|^144^|^108^|^2345^|^MCC_3332^|^03_TMU_S_RXL_CO^|^119^|^20170617^|^20170408^|^20170412
Dataupsell^|^145^|^109^|^2345^|^MCC_3332^|^03_TMU_S_RXL_CO^|^120^|^20170728^|^20170405^|^20170305
Dataupsell^|^146^|^110^|^2345^|^MCC_3332^|^03_TMU_S_RXL_CO^|^121^|^20170118^|^20170529^|^20161130
Dataupsell^|^147^|^111^|^2345^|^MCC_3332^|^03_TMU_S_RXL_CO^|^122^|^20161222^|^20170818^|^20170801
Dataupsell^|^148^|^112^|^2345^|^MCC_3332^|^03_TMU_S_RXL_CO^|^123^|^20170410^|^20171107^|^20161201
Dataupsell^|^149^|^113^|^2345^|^MCC_3332^|^03_TMU_S_RXL_CO^|^124^|^20170713^|^20170314^|^20170109
Dataupsell^|^150^|^114^|^2345^|^MCC_3332^|^03_TMU_S_RXL_CO^|^125^|^20170410^|^20170814^|^20170708
Dataupsell^|^151^|^115^|^2345^|^MCC_3332^|^03_TMU_S_RXL_CO^|^126^|^20170527^|^20170317^|^20170707
Dataupsell^|^152^|^116^|^2345^|^MCC_3332^|^03_TMU_S_RXL_CO^|^127^|^20170316^|^20170203^|^20170817
Dataupsell^|^153^|^117^|^2345^|^MCC_3332^|^03_TMU_S_RXL_CO^|^128^|^20170111^|^20170108^|^20161208
Dataupsell^|^154^|^118^|^2345^|^MCC_3332^|^03_TMU_S_RXL_CO^|^129^|^20170926^|^20170715^|^20170108
Dataupsell^|^155^|^119^|^2345^|^MCC_3332^|^03_TMU_S_RXL_CO^|^130^|^20170608^|^20170626^|^20171030
Dataupsell^|^156^|^120^|^2345^|^MCC_3332^|^03_TMU_S_RXL_CO^|^131^|^20161222^|^20170914^|^20171028
Dataupsell^|^157^|^121^|^2345^|^MCC_3332^|^03_TMU_S_RXL_CO^|^132^|^20170404^|^20171010^|^20171004
Dataupsell^|^158^|^122^|^2345^|^MCC_3332^|^03_TMU_S_RXL_CO^|^133^|^20170205^|^20171021^|^20170311
Dataupsell^|^159^|^123^|^2345^|^MCC_3332^|^03_TMU_S_RXL_CO^|^134^|^20170310^|^20171007^|^20171003
Dataupsell^|^160^|^124^|^2345^|^MCC_3332^|^03_TMU_S_RXL_CO^|^135^|^20170904^|^20170312^|^20161129
Dataupsell^|^161^|^125^|^2345^|^MCC_3332^|^03_TMU_S_RXL_CO^|^136^|^20170313^|^20170505^|^20170910
Dataupsell^|^162^|^126^|^2345^|^MCC_3332^|^03_TMU_S_RXL_CO^|^137^|^20170131^|^20170912^|^20161223
Dataupsell^|^163^|^127^|^2345^|^MCC_3332^|^03_TMU_S_RXL_CO^|^138^|^20170902^|^20170426^|^20170614
Dataupsell^|^164^|^128^|^2345^|^MCC_3332^|^03_TMU_S_RXL_CO^|^139^|^20161208^|^20170527^|^20170209
Dataupsell^|^165^|^129^|^2345^|^MCC_3332^|^03_TMU_S_RXL_CO^|^140^|^20170112^|^20161123^|^20170523
Dataupsell^|^166^|^130^|^2345^|^MCC_3332^|^03_TMU_S_RXL_CO^|^141^|^20170329^|^20170609^|^20161213
Dataupsell^|^167^|^131^|^2345^|^MCC_3332^|^03_TMU_S_RXL_CO^|^142^|^20161123^|^20170120^|^20170219
Dataupsell^|^168^|^132^|^2345^|^MCC_3332^|^03_TMU_S_RXL_CO^|^143^|^20170223^|^20170411^|^20161224
Dataupsell^|^169^|^133^|^2345^|^MCC_3332^|^03_TMU_S_RXL_CO^|^144^|^20161229^|^20170531^|^20170819
Dataupsell^|^170^|^134^|^2345^|^MCC_3332^|^03_TMU_S_RXL_CO^|^145^|^20170224^|^20170425^|^20170315
Dataupsell^|^171^|^135^|^2345^|^MCC_3332^|^03_TMU_S_RXL_CO^|^146^|^20170629^|^20170922^|^20170724
Dataupsell^|^172^|^136^|^2345^|^MCC_3332^|^03_TMU_S_RXL_CO^|^147^|^20170320^|^20170719^|^20171116
Dataupsell^|^173^|^137^|^2345^|^MCC_3332^|^03_TMU_S_RXL_CO^|^148^|^20170609^|^20170428^|^20171014
Dataupsell^|^174^|^138^|^2345^|^MCC_3332^|^03_TMU_S_RXL_CO^|^149^|^20161225^|^20170214^|^20170327
Dataupsell^|^175^|^139^|^2345^|^MCC_3332^|^03_TMU_S_RXL_CO^|^150^|^20171023^|^20161225^|^20170509
Dataupsell^|^176^|^140^|^2345^|^MCC_3332^|^03_TMU_S_RXL_CO^|^151^|^20161218^|^20170711^|^20171024
Dataupsell^|^177^|^141^|^2345^|^MCC_3332^|^03_TMU_S_RXL_CO^|^152^|^20170807^|^20170427^|^20170403
Dataupsell^|^178^|^142^|^2345^|^MCC_3332^|^03_TMU_S_RXL_CO^|^153^|^20161213^|^20170107^|^20170426
Dataupsell^|^179^|^143^|^2345^|^MCC_3332^|^03_TMU_S_RXL_CO^|^154^|^20170706^|^20171104^|^20161127
Dataupsell^|^180^|^144^|^2345^|^MCC_3332^|^03_TMU_S_RXL_CO^|^155^|^20170613^|^20170912^|^20170729
Dataupsell^|^181^|^145^|^2345^|^MCC_3332^|^03_TMU_S_RXL_CO^|^156^|^20161128^|^20170201^|^20171119
Dataupsell^|^182^|^146^|^2345^|^MCC_3332^|^03_TMU_S_RXL_CO^|^157^|^20170904^|^20170930^|^20171021
Dataupsell^|^183^|^147^|^2345^|^MCC_3332^|^03_TMU_S_RXL_CO^|^158^|^20161220^|^20161228^|^20170401
Dataupsell^|^184^|^148^|^2345^|^MCC_3332^|^03_TMU_S_RXL_CO^|^159^|^20171109^|^20170915^|^20170302
Dataupsell^|^185^|^149^|^2345^|^MCC_3332^|^03_TMU_S_RXL_CO^|^160^|^20171030^|^20170623^|^20170130
Dataupsell^|^186^|^150^|^2345^|^MCC_3332^|^03_TMU_S_RXL_CO^|^161^|^20170830^|^20170715^|^20161121
Dataupsell^|^187^|^151^|^2345^|^MCC_3332^|^03_TMU_S_RXL_CO^|^162^|^20170912^|^20170126^|^20170806
Dataupsell^|^188^|^152^|^2345^|^MCC_3332^|^03_TMU_S_RXL_CO^|^163^|^20170107^|^20170911^|^20170809
Dataupsell^|^189^|^153^|^2345^|^MCC_3332^|^03_TMU_S_RXL_CO^|^164^|^20170506^|^20170809^|^20171103
Dataupsell^|^190^|^154^|^2345^|^MCC_3332^|^03_TMU_S_RXL_CO^|^165^|^20170922^|^20170305^|^20170428
Dataupsell^|^191^|^155^|^2345^|^MCC_3332^|^03_TMU_S_RXL_CO^|^166^|^20170323^|^20170407^|^20170701
Dataupsell^|^192^|^156^|^2345^|^MCC_3332^|^03_TMU_S_RXL_CO^|^167^|^20170629^|^20171112^|^20170901
Dataupsell^|^193^|^157^|^2345^|^MCC_3332^|^03_TMU_S_RXL_CO^|^168^|^20161227^|^20161206^|^20170822
Dataupsell^|^194^|^158^|^2345^|^MCC_3332^|^03_TMU_S_RXL_CO^|^169^|^20170331^|^20171019^|^20170107
Dataupsell^|^195^|^159^|^2345^|^MCC_3332^|^03_TMU_S_RXL_CO^|^170^|^20170108^|^20170801^|^20170130
Dataupsell^|^196^|^160^|^2345^|^MCC_3332^|^03_TMU_S_RXL_CO^|^171^|^20171116^|^20170111^|^20170801
Dataupsell^|^197^|^161^|^2345^|^MCC_3332^|^03_TMU_S_RXL_CO^|^172^|^20170214^|^20170420^|^20161217
Dataupsell^|^198^|^162^|^2345^|^MCC_3332^|^03_TMU_S_RXL_CO^|^173^|^20170813^|^20170206^|^20170728
Dataupsell^|^199^|^163^|^2345^|^MCC_3332^|^03_TMU_S_RXL_CO^|^174^|^20170224^|^20171115^|^20161127
Dataupsell^|^200^|^164^|^2345^|^MCC_3332^|^03_TMU_S_RXL_CO^|^175^|^20171007^|^20170329^|^20171022
Dataupsell^|^201^|^165^|^2345^|^MCC_3332^|^03_TMU_S_RXL_CO^|^176^|^20170205^|^20161214^|^20170103
Dataupsell^|^202^|^166^|^2345^|^MCC_3332^|^03_TMU_S_RXL_CO^|^177^|^20170221^|^20170918^|^20171015
Dataupsell^|^203^|^167^|^2345^|^MCC_3332^|^03_TMU_S_RXL_CO^|^178^|^20171004^|^20170619^|^20170426
Dataupsell^|^204^|^168^|^2345^|^MCC_3332^|^03_TMU_S_RXL_CO^|^179^|^20170708^|^20170310^|^20171007
Dataupsell^|^205^|^169^|^2345^|^MCC_3332^|^03_TMU_S_RXL_CO^|^180^|^20170805^|^20170604^|^20170323
Dataupsell^|^206^|^170^|^2345^|^MCC_3332^|^03_TMU_S_RXL_CO^|^181^|^20170708^|^20170327^|^20170325
Dataupsell^|^207^|^171^|^2345^|^MCC_3332^|^03_TMU_S_RXL_CO^|^182^|^20161130^|^20171001^|^20170430
Dataupsell^|^208^|^172^|^2345^|^MCC_3332^|^03_TMU_S_RXL_CO^|^183^|^20170219^|^20170911^|^20161130
Dataupsell^|^209^|^173^|^2345^|^MCC_3332^|^03_TMU_S_RXL_CO^|^184^|^20170403^|^20170123^|^20170707
Dataupsell^|^210^|^174^|^2345^|^MCC_3332^|^03_TMU_S_RXL_CO^|^185^|^20170324^|^20170501^|^20170119
Dataupsell^|^211^|^175^|^2345^|^MCC_3332^|^03_TMU_S_RXL_CO^|^186^|^20170113^|^20170315^|^20170111
Dataupsell^|^212^|^176^|^2345^|^MCC_3332^|^03_TMU_S_RXL_CO^|^187^|^20170317^|^20170621^|^20170707
Dataupsell^|^213^|^177^|^2345^|^MCC_3332^|^03_TMU_S_RXL_CO^|^188^|^20170211^|^20170421^|^20171006
Dataupsell^|^214^|^178^|^2345^|^MCC_3332^|^03_TMU_S_RXL_CO^|^189^|^20170404^|^20171114^|^20170614
Dataupsell^|^215^|^179^|^2345^|^MCC_3332^|^03_TMU_S_RXL_CO^|^190^|^20171104^|^20170311^|^20170718
Dataupsell^|^216^|^180^|^2345^|^MCC_3332^|^03_TMU_S_RXL_CO^|^191^|^20170110^|^20170719^|^20170221
Dataupsell^|^217^|^181^|^2345^|^MCC_3332^|^03_TMU_S_RXL_CO^|^192^|^20170909^|^20170624^|^20170521
Dataupsell^|^218^|^182^|^2345^|^MCC_3332^|^03_TMU_S_RXL_CO^|^193^|^20170219^|^20170830^|^20170808
Dataupsell^|^219^|^183^|^2345^|^MCC_3332^|^03_TMU_S_RXL_CO^|^194^|^20170704^|^20170406^|^20170930
Dataupsell^|^220^|^184^|^2345^|^MCC_3332^|^03_TMU_S_RXL_CO^|^195^|^20170527^|^20170118^|^20170414
Dataupsell^|^221^|^185^|^2345^|^MCC_3332^|^03_TMU_S_RXL_CO^|^196^|^20171027^|^20170310^|^20161230
Dataupsell^|^222^|^186^|^2345^|^MCC_3332^|^03_TMU_S_RXL_CO^|^197^|^20161215^|^20170209^|^20170624
Dataupsell^|^223^|^187^|^2345^|^MCC_3332^|^03_TMU_S_RXL_CO^|^198^|^20161202^|^20170915^|^20170701
Dataupsell^|^224^|^188^|^2345^|^MCC_3332^|^03_TMU_S_RXL_CO^|^199^|^20170125^|^20171102^|^20171019
Dataupsell^|^225^|^189^|^2345^|^MCC_3332^|^03_TMU_S_RXL_CO^|^200^|^20170419^|^20170208^|^20171017
Dataupsell^|^226^|^190^|^2345^|^MCC_3332^|^03_TMU_S_RXL_CO^|^201^|^20170319^|^20161201^|^20161214
Dataupsell^|^227^|^191^|^2345^|^MCC_3332^|^03_TMU_S_RXL_CO^|^202^|^20170320^|^20170114^|^20170619
Dataupsell^|^228^|^192^|^2345^|^MCC_3332^|^03_TMU_S_RXL_CO^|^203^|^20170704^|^20171025^|^20170315
Dataupsell^|^229^|^193^|^2345^|^MCC_3332^|^03_TMU_S_RXL_CO^|^204^|^20170406^|^20170206^|^20170826
Dataupsell^|^230^|^194^|^2345^|^MCC_3332^|^03_TMU_S_RXL_CO^|^205^|^20161124^|^20161122^|^20171005
Dataupsell^|^231^|^195^|^2345^|^MCC_3332^|^03_TMU_S_RXL_CO^|^206^|^20170923^|^20170515^|^20170114
Dataupsell^|^232^|^196^|^2345^|^MCC_3332^|^03_TMU_S_RXL_CO^|^207^|^20170218^|^20170119^|^20170408
Dataupsell^|^233^|^197^|^2345^|^MCC_3332^|^03_TMU_S_RXL_CO^|^208^|^20170502^|^20170530^|^20171002
Dataupsell^|^234^|^198^|^2345^|^MCC_3332^|^03_TMU_S_RXL_CO^|^209^|^20170626^|^20170721^|^20170402
Dataupsell^|^235^|^199^|^2345^|^MCC_3332^|^03_TMU_S_RXL_CO^|^210^|^20170828^|^20171114^|^20161211
Dataupsell^|^236^|^200^|^2345^|^MCC_3332^|^03_TMU_S_RXL_CO^|^211^|^20170805^|^20170308^|^20170524
Dataupsell^|^237^|^201^|^2345^|^MCC_3332^|^03_TMU_S_RXL_CO^|^212^|^20170330^|^20161211^|^20170607
Dataupsell^|^238^|^202^|^2345^|^MCC_3332^|^03_TMU_S_RXL_CO^|^213^|^20161213^|^20170801^|^20170617
Dataupsell^|^239^|^203^|^2345^|^MCC_3332^|^03_TMU_S_RXL_CO^|^214^|^20170908^|^20170812^|^20170419
Dataupsell^|^240^|^204^|^2345^|^MCC_3332^|^03_TMU_S_RXL_CO^|^215^|^20170711^|^20171116^|^20171021
Dataupsell^|^241^|^205^|^2345^|^MCC_3332^|^03_TMU_S_RXL_CO^|^216^|^20170206^|^20170920^|^20170406
Dataupsell^|^242^|^206^|^2345^|^MCC_3332^|^03_TMU_S_RXL_CO^|^217^|^20170918^|^20161221^|^20170814
Dataupsell^|^243^|^207^|^2345^|^MCC_3332^|^03_TMU_S_RXL_CO^|^218^|^20170412^|^20170403^|^20170110
Dataupsell^|^244^|^208^|^2345^|^MCC_3332^|^03_TMU_S_RXL_CO^|^219^|^20170422^|^20171107^|^20170420
Dataupsell^|^245^|^209^|^2345^|^MCC_3332^|^03_TMU_S_RXL_CO^|^220^|^20161207^|^20170120^|^20170614
Dataupsell^|^246^|^210^|^2345^|^MCC_3332^|^03_TMU_S_RXL_CO^|^221^|^20170715^|^20170521^|^20170215
Dataupsell^|^247^|^211^|^2345^|^MCC_3332^|^03_TMU_S_RXL_CO^|^222^|^20170826^|^20161124^|^20170420
Dataupsell^|^248^|^212^|^2345^|^MCC_3332^|^03_TMU_S_RXL_CO^|^223^|^20161121^|^20161219^|^20170515
Dataupsell^|^249^|^213^|^2345^|^MCC_3332^|^03_TMU_S_RXL_CO^|^224^|^20170422^|^20170530^|^20170103
Dataupsell^|^250^|^214^|^2345^|^MCC_3332^|^03_TMU_S_RXL_CO^|^225^|^20170502^|^20161218^|^20170301
Dataupsell^|^251^|^215^|^2345^|^MCC_3332^|^03_TMU_S_RXL_CO^|^226^|^20170204^|^20170613^|^20170214
Dataupsell^|^252^|^216^|^2345^|^MCC_3332^|^03_TMU_S_RXL_CO^|^227^|^20170522^|^20170328^|^20171021
Dataupsell^|^253^|^217^|^2345^|^MCC_3332^|^03_TMU_S_RXL_CO^|^228^|^20170120^|^20170831^|^20170416
Dataupsell^|^254^|^218^|^2345^|^MCC_3332^|^03_TMU_S_RXL_CO^|^229^|^20161121^|^20171011^|^20171102
Dataupsell^|^255^|^219^|^2345^|^MCC_3332^|^03_TMU_S_RXL_CO^|^230^|^20170110^|^20170625^|^20170907
Dataupsell^|^256^|^220^|^2345^|^MCC_3332^|^03_TMU_S_RXL_CO^|^231^|^20161224^|^20170630^|^20170227
Dataupsell^|^257^|^221^|^2345^|^MCC_3332^|^03_TMU_S_RXL_CO^|^232^|^20170601^|^20171021^|^20170725
Dataupsell^|^258^|^222^|^2345^|^MCC_3332^|^03_TMU_S_RXL_CO^|^233^|^20170318^|^20170709^|^20171002
Dataupsell^|^259^|^223^|^2345^|^MCC_3332^|^03_TMU_S_RXL_CO^|^234^|^20170707^|^20170224^|^20170720
Dataupsell^|^260^|^224^|^2345^|^MCC_3332^|^03_TMU_S_RXL_CO^|^235^|^20170316^|^20170602^|^20170321
Dataupsell^|^261^|^225^|^2345^|^MCC_3332^|^03_TMU_S_RXL_CO^|^236^|^20170420^|^20170714^|^20170211
Dataupsell^|^262^|^226^|^2345^|^MCC_3332^|^03_TMU_S_RXL_CO^|^237^|^20170516^|^20170201^|^20170422
Dataupsell^|^263^|^227^|^2345^|^MCC_3332^|^03_TMU_S_RXL_CO^|^238^|^20161125^|^20161129^|^20170521
Dataupsell^|^264^|^228^|^2345^|^MCC_3332^|^03_TMU_S_RXL_CO^|^239^|^20170901^|^20170811^|^20171002
Dataupsell^|^265^|^229^|^2345^|^MCC_3332^|^03_TMU_S_RXL_CO^|^240^|^20170118^|^20170602^|^20171001
Dataupsell^|^266^|^230^|^2345^|^MCC_3332^|^03_TMU_S_RXL_CO^|^241^|^20171016^|^20170818^|^20170407
Dataupsell^|^267^|^231^|^2345^|^MCC_3332^|^03_TMU_S_RXL_CO^|^242^|^20170710^|^20170702^|^20170928
Dataupsell^|^268^|^232^|^2345^|^MCC_3332^|^03_TMU_S_RXL_CO^|^243^|^20161208^|^20170814^|^20170919
Dataupsell^|^269^|^233^|^2345^|^MCC_3332^|^03_TMU_S_RXL_CO^|^244^|^20171114^|^20170604^|^20170917
Dataupsell^|^270^|^234^|^2345^|^MCC_3332^|^03_TMU_S_RXL_CO^|^245^|^20170502^|^20170930^|^20170924
Dataupsell^|^271^|^235^|^2345^|^MCC_3332^|^03_TMU_S_RXL_CO^|^246^|^20170704^|^20170328^|^20170302
Dataupsell^|^272^|^236^|^2345^|^MCC_3332^|^03_TMU_S_RXL_CO^|^247^|^20170630^|^20170810^|^20170115
Dataupsell^|^273^|^237^|^2345^|^MCC_3332^|^03_TMU_S_RXL_CO^|^248^|^20171012^|^20170405^|^20170126
Dataupsell^|^274^|^238^|^2345^|^MCC_3332^|^03_TMU_S_RXL_CO^|^249^|^20170626^|^20170823^|^20170328
Dataupsell^|^275^|^239^|^2345^|^MCC_3332^|^03_TMU_S_RXL_CO^|^250^|^20170208^|^20170627^|^20170814
Dataupsell^|^276^|^240^|^2345^|^MCC_3332^|^03_TMU_S_RXL_CO^|^251^|^20170812^|^20170930^|^20170218
Dataupsell^|^277^|^241^|^2345^|^MCC_3332^|^03_TMU_S_RXL_CO^|^252^|^20171024^|^20170502^|^20161203
Dataupsell^|^278^|^242^|^2345^|^MCC_3332^|^03_TMU_S_RXL_CO^|^253^|^20171105^|^20170520^|^20171014
Dataupsell^|^279^|^243^|^2345^|^MCC_3332^|^03_TMU_S_RXL_CO^|^254^|^20170117^|^20170905^|^20171004
Dataupsell^|^280^|^244^|^2345^|^MCC_3332^|^03_TMU_S_RXL_CO^|^255^|^20170624^|^20170923^|^20170201
Dataupsell^|^281^|^245^|^2345^|^MCC_3332^|^03_TMU_S_RXL_CO^|^256^|^20170111^|^20170925^|^20161205
Dataupsell^|^282^|^246^|^2345^|^MCC_3332^|^03_TMU_S_RXL_CO^|^257^|^20161121^|^20170325^|^20170206
Dataupsell^|^283^|^247^|^2345^|^MCC_3332^|^03_TMU_S_RXL_CO^|^258^|^20170312^|^20170201^|^20170925
Dataupsell^|^284^|^248^|^2345^|^MCC_3332^|^03_TMU_S_RXL_CO^|^259^|^20170406^|^20170831^|^20170302
Dataupsell^|^285^|^249^|^2345^|^MCC_3332^|^03_TMU_S_RXL_CO^|^260^|^20170121^|^20171002^|^20170723
Dataupsell^|^286^|^250^|^2345^|^MCC_3332^|^03_TMU_S_RXL_CO^|^261^|^20161223^|^20170615^|^20170618
Dataupsell^|^287^|^251^|^2345^|^MCC_3332^|^03_TMU_S_RXL_CO^|^262^|^20170106^|^20170322^|^20170527
Dataupsell^|^288^|^252^|^2345^|^MCC_3332^|^03_TMU_S_RXL_CO^|^263^|^20170612^|^20170116^|^20161207
Dataupsell^|^289^|^253^|^2345^|^MCC_3332^|^03_TMU_S_RXL_CO^|^264^|^20170801^|^20170117^|^20170319
Dataupsell^|^290^|^254^|^2345^|^MCC_3332^|^03_TMU_S_RXL_CO^|^265^|^20170708^|^20170225^|^20161228
Dataupsell^|^291^|^255^|^2345^|^MCC_3332^|^03_TMU_S_RXL_CO^|^266^|^20170210^|^20170421^|^20170608
Dataupsell^|^292^|^256^|^2345^|^MCC_3332^|^03_TMU_S_RXL_CO^|^267^|^20171014^|^20170904^|^20171013
Dataupsell^|^293^|^257^|^2345^|^MCC_3332^|^03_TMU_S_RXL_CO^|^268^|^20170805^|^20170928^|^20170907
Dataupsell^|^294^|^258^|^2345^|^MCC_3332^|^03_TMU_S_RXL_CO^|^269^|^20170414^|^20170708^|^20170802
Dataupsell^|^295^|^259^|^2345^|^MCC_3332^|^03_TMU_S_RXL_CO^|^270^|^20170814^|^20171009^|^20170612
Dataupsell^|^296^|^260^|^2345^|^MCC_3332^|^03_TMU_S_RXL_CO^|^271^|^20170617^|^20170414^|^20170725
Dataupsell^|^297^|^261^|^2345^|^MCC_3332^|^03_TMU_S_RXL_CO^|^272^|^20170202^|^20170209^|^20171004
Dataupsell^|^298^|^262^|^2345^|^MCC_3332^|^03_TMU_S_RXL_CO^|^273^|^20170421^|^20161209^|^20170924
Dataupsell^|^299^|^263^|^2345^|^MCC_3332^|^03_TMU_S_RXL_CO^|^274^|^20170624^|^20170715^|^20170930
Dataupsell^|^300^|^264^|^2345^|^MCC_3332^|^03_TMU_S_RXL_CO^|^275^|^20170709^|^20171108^|^20170518
Dataupsell^|^301^|^265^|^2345^|^MCC_3332^|^03_TMU_S_RXL_CO^|^276^|^20170821^|^20170709^|^20170605
Dataupsell^|^302^|^266^|^2345^|^MCC_3332^|^03_TMU_S_RXL_CO^|^277^|^20170605^|^20170312^|^20170922
Dataupsell^|^303^|^267^|^2345^|^MCC_3332^|^03_TMU_S_RXL_CO^|^278^|^20161224^|^20170104^|^20170720
Dataupsell^|^304^|^268^|^2345^|^MCC_3332^|^03_TMU_S_RXL_CO^|^279^|^20171015^|^20161209^|^20171005
Dataupsell^|^305^|^269^|^2345^|^MCC_3332^|^03_TMU_S_RXL_CO^|^280^|^20170308^|^20171014^|^20170511
Dataupsell^|^306^|^270^|^2345^|^MCC_3332^|^03_TMU_S_RXL_CO^|^281^|^20170618^|^20170210^|^20170526
Dataupsell^|^307^|^271^|^2345^|^MCC_3332^|^03_TMU_S_RXL_CO^|^282^|^20171003^|^20170723^|^20170622
Dataupsell^|^308^|^272^|^2345^|^MCC_3332^|^03_TMU_S_RXL_CO^|^283^|^20170412^|^20170501^|^20170804
Dataupsell^|^309^|^273^|^2345^|^MCC_3332^|^03_TMU_S_RXL_CO^|^284^|^20170709^|^20170521^|^20170207
Dataupsell^|^310^|^274^|^2345^|^MCC_3332^|^03_TMU_S_RXL_CO^|^285^|^20161204^|^20170506^|^20170619
Dataupsell^|^311^|^275^|^2345^|^MCC_3332^|^03_TMU_S_RXL_CO^|^286^|^20170710^|^20171021^|^20170116
Dataupsell^|^312^|^276^|^2345^|^MCC_3332^|^03_TMU_S_RXL_CO^|^287^|^20161212^|^20170407^|^20170620
Dataupsell^|^313^|^277^|^2345^|^MCC_3332^|^03_TMU_S_RXL_CO^|^288^|^20170729^|^20170209^|^20170213
Dataupsell^|^314^|^278^|^2345^|^MCC_3332^|^03_TMU_S_RXL_CO^|^289^|^20170510^|^20170819^|^20170914
Dataupsell^|^315^|^279^|^2345^|^MCC_3332^|^03_TMU_S_RXL_CO^|^290^|^20170901^|^20170918^|^20161123
Dataupsell^|^316^|^280^|^2345^|^MCC_3332^|^03_TMU_S_RXL_CO^|^291^|^20170222^|^20170316^|^20170715
Dataupsell^|^317^|^281^|^2345^|^MCC_3332^|^03_TMU_S_RXL_CO^|^292^|^20170425^|^20170613^|^20170503
Dataupsell^|^318^|^282^|^2345^|^MCC_3332^|^03_TMU_S_RXL_CO^|^293^|^20161212^|^20171024^|^20170601
Dataupsell^|^319^|^283^|^2345^|^MCC_3332^|^03_TMU_S_RXL_CO^|^294^|^20170302^|^20170714^|^20171005
Dataupsell^|^320^|^284^|^2345^|^MCC_3332^|^03_TMU_S_RXL_CO^|^295^|^20170622^|^20170712^|^20161214
Dataupsell^|^321^|^285^|^2345^|^MCC_3332^|^03_TMU_S_RXL_CO^|^296^|^20170725^|^20170326^|^20171111
Dataupsell^|^322^|^286^|^2345^|^MCC_3332^|^03_TMU_S_RXL_CO^|^297^|^20170502^|^20170122^|^20170313
Dataupsell^|^323^|^287^|^2345^|^MCC_3332^|^03_TMU_S_RXL_CO^|^298^|^20170220^|^20171020^|^20170526
Dataupsell^|^324^|^288^|^2345^|^MCC_3332^|^03_TMU_S_RXL_CO^|^299^|^20161124^|^20170519^|^20170907
Dataupsell^|^325^|^289^|^2345^|^MCC_3332^|^03_TMU_S_RXL_CO^|^300^|^20171013^|^20170217^|^20170531
Dataupsell^|^326^|^290^|^2345^|^MCC_3332^|^03_TMU_S_RXL_CO^|^301^|^20171110^|^20171112^|^20170614
Dataupsell^|^327^|^291^|^2345^|^MCC_3332^|^03_TMU_S_RXL_CO^|^302^|^20170401^|^20170711^|^20170309
Dataupsell^|^328^|^292^|^2345^|^MCC_3332^|^03_TMU_S_RXL_CO^|^303^|^20170213^|^20161221^|^20170610
Dataupsell^|^329^|^293^|^2345^|^MCC_3332^|^03_TMU_S_RXL_CO^|^304^|^20170222^|^20170507^|^20170203
Dataupsell^|^330^|^294^|^2345^|^MCC_3332^|^03_TMU_S_RXL_CO^|^305^|^20171019^|^20170309^|^20170612
Dataupsell^|^331^|^295^|^2345^|^MCC_3332^|^03_TMU_S_RXL_CO^|^306^|^20170919^|^20171006^|^20161228
Dataupsell^|^332^|^296^|^2345^|^MCC_3332^|^03_TMU_S_RXL_CO^|^307^|^20161209^|^20170203^|^20161218
Dataupsell^|^333^|^297^|^2345^|^MCC_3332^|^03_TMU_S_RXL_CO^|^308^|^20170213^|^20161127^|^20170923
Dataupsell^|^334^|^298^|^2345^|^MCC_3332^|^03_TMU_S_RXL_CO^|^309^|^20170322^|^20170106^|^20161203
Dataupsell^|^335^|^299^|^2345^|^MCC_3332^|^03_TMU_S_RXL_CO^|^310^|^20170506^|^20170706^|^20171029
Dataupsell^|^336^|^300^|^2345^|^MCC_3332^|^03_TMU_S_RXL_CO^|^311^|^20170222^|^20170120^|^20170908
Dataupsell^|^337^|^301^|^2345^|^MCC_3332^|^03_TMU_S_RXL_CO^|^312^|^20171017^|^20170207^|^20170304
Dataupsell^|^338^|^302^|^2345^|^MCC_3332^|^03_TMU_S_RXL_CO^|^313^|^20170822^|^20170419^|^20170423
Dataupsell^|^339^|^303^|^2345^|^MCC_3332^|^03_TMU_S_RXL_CO^|^314^|^20170629^|^20170630^|^20171118
Dataupsell^|^340^|^304^|^2345^|^MCC_3332^|^03_TMU_S_RXL_CO^|^315^|^20161205^|^20171109^|^20161202
Dataupsell^|^341^|^305^|^2345^|^MCC_3332^|^03_TMU_S_RXL_CO^|^316^|^20171001^|^20161124^|^20161201
Dataupsell^|^342^|^306^|^2345^|^MCC_3332^|^03_TMU_S_RXL_CO^|^317^|^20170121^|^20170515^|^20170620
Dataupsell^|^343^|^307^|^2345^|^MCC_3332^|^03_TMU_S_RXL_CO^|^318^|^20170310^|^20170619^|^20161123
Dataupsell^|^344^|^308^|^2345^|^MCC_3332^|^03_TMU_S_RXL_CO^|^319^|^20171007^|^20171003^|^20161213
Dataupsell^|^345^|^309^|^2345^|^MCC_3332^|^03_TMU_S_RXL_CO^|^320^|^20170404^|^20170919^|^20171110
Dataupsell^|^346^|^310^|^2345^|^MCC_3332^|^03_TMU_S_RXL_CO^|^321^|^20170804^|^20161212^|^20170111
Dataupsell^|^347^|^311^|^2345^|^MCC_3332^|^03_TMU_S_RXL_CO^|^322^|^20170410^|^20170510^|^20170628
Dataupsell^|^348^|^312^|^2345^|^MCC_3332^|^03_TMU_S_RXL_CO^|^323^|^20170418^|^20170715^|^20171114
Dataupsell^|^349^|^313^|^2345^|^MCC_3332^|^03_TMU_S_RXL_CO^|^324^|^20170213^|^20170618^|^20170812
Dataupsell^|^350^|^314^|^2345^|^MCC_3332^|^03_TMU_S_RXL_CO^|^325^|^20170905^|^20170424^|^20170412
Dataupsell^|^351^|^315^|^2345^|^MCC_3332^|^03_TMU_S_RXL_CO^|^326^|^20170630^|^20170911^|^20161214
Dataupsell^|^352^|^316^|^2345^|^MCC_3332^|^03_TMU_S_RXL_CO^|^327^|^20170805^|^20170712^|^20170924
Dataupsell^|^353^|^317^|^2345^|^MCC_3332^|^03_TMU_S_RXL_CO^|^328^|^20170827^|^20161204^|^20170626
Dataupsell^|^354^|^318^|^2345^|^MCC_3332^|^03_TMU_S_RXL_CO^|^329^|^20170427^|^20171016^|^20170109
Dataupsell^|^355^|^319^|^2345^|^MCC_3332^|^03_TMU_S_RXL_CO^|^330^|^20170528^|^20170809^|^20170618
Dataupsell^|^356^|^320^|^2345^|^MCC_3332^|^03_TMU_S_RXL_CO^|^331^|^20170210^|^20170403^|^20170210
Dataupsell^|^357^|^321^|^2345^|^MCC_3332^|^03_TMU_S_RXL_CO^|^332^|^20170623^|^20171004^|^20170109
Dataupsell^|^358^|^322^|^2345^|^MCC_3332^|^03_TMU_S_RXL_CO^|^333^|^20170606^|^20171109^|^20170505
Dataupsell^|^359^|^323^|^2345^|^MCC_3332^|^03_TMU_S_RXL_CO^|^334^|^20170913^|^20161225^|^20170322
Dataupsell^|^360^|^324^|^2345^|^MCC_3332^|^03_TMU_S_RXL_CO^|^335^|^20171009^|^20170805^|^20170504
Dataupsell^|^361^|^325^|^2345^|^MCC_3332^|^03_TMU_S_RXL_CO^|^336^|^20170506^|^20171109^|^20171006
Dataupsell^|^362^|^326^|^2345^|^MCC_3332^|^03_TMU_S_RXL_CO^|^337^|^20170419^|^20170711^|^20161215
Dataupsell^|^363^|^327^|^2345^|^MCC_3332^|^03_TMU_S_RXL_CO^|^338^|^20170717^|^20170127^|^20171003
Dataupsell^|^364^|^328^|^2345^|^MCC_3332^|^03_TMU_S_RXL_CO^|^339^|^20170122^|^20171102^|^20170302
Dataupsell^|^365^|^329^|^2345^|^MCC_3332^|^03_TMU_S_RXL_CO^|^340^|^20170726^|^20170616^|^20161126
Dataupsell^|^366^|^330^|^2345^|^MCC_3332^|^03_TMU_S_RXL_CO^|^341^|^20170805^|^20170801^|^20170408
Dataupsell^|^367^|^331^|^2345^|^MCC_3332^|^03_TMU_S_RXL_CO^|^342^|^20171028^|^20170626^|^20170319
Dataupsell^|^368^|^332^|^2345^|^MCC_3332^|^03_TMU_S_RXL_CO^|^343^|^20170724^|^20170803^|^20161227
Dataupsell^|^369^|^333^|^2345^|^MCC_3332^|^03_TMU_S_RXL_CO^|^344^|^20170524^|^20170102^|^20161229
Dataupsell^|^370^|^334^|^2345^|^MCC_3332^|^03_TMU_S_RXL_CO^|^345^|^20170228^|^20170204^|^20170413
Dataupsell^|^371^|^335^|^2345^|^MCC_3332^|^03_TMU_S_RXL_CO^|^346^|^20161204^|^20170809^|^20170207
Dataupsell^|^372^|^336^|^2345^|^MCC_3332^|^03_TMU_S_RXL_CO^|^347^|^20170815^|^20170507^|^20170414
Dataupsell^|^373^|^337^|^2345^|^MCC_3332^|^03_TMU_S_RXL_CO^|^348^|^20170915^|^20170124^|^20170407
Dataupsell^|^374^|^338^|^2345^|^MCC_3332^|^03_TMU_S_RXL_CO^|^349^|^20170122^|^20170322^|^20171021
Dataupsell^|^375^|^339^|^2345^|^MCC_3332^|^03_TMU_S_RXL_CO^|^350^|^20170924^|^20170701^|^20161204
Dataupsell^|^376^|^340^|^2345^|^MCC_3332^|^03_TMU_S_RXL_CO^|^351^|^20161206^|^20170201^|^20170528
Dataupsell^|^377^|^341^|^2345^|^MCC_3332^|^03_TMU_S_RXL_CO^|^352^|^20170722^|^20170606^|^20170226
Dataupsell^|^378^|^342^|^2345^|^MCC_3332^|^03_TMU_S_RXL_CO^|^353^|^20170323^|^20170316^|^20171110
Dataupsell^|^379^|^343^|^2345^|^MCC_3332^|^03_TMU_S_RXL_CO^|^354^|^20170202^|^20170103^|^20170518
Dataupsell^|^380^|^344^|^2345^|^MCC_3332^|^03_TMU_S_RXL_CO^|^355^|^20170719^|^20161218^|^20170909
Dataupsell^|^381^|^345^|^2345^|^MCC_3332^|^03_TMU_S_RXL_CO^|^356^|^20170912^|^20170428^|^20170311
Dataupsell^|^382^|^346^|^2345^|^MCC_3332^|^03_TMU_S_RXL_CO^|^357^|^20170508^|^20170428^|^20170412
Dataupsell^|^383^|^347^|^2345^|^MCC_3332^|^03_TMU_S_RXL_CO^|^358^|^20170819^|^20170224^|^20170416
Dataupsell^|^384^|^348^|^2345^|^MCC_3332^|^03_TMU_S_RXL_CO^|^359^|^20171110^|^20170607^|^20170913
Dataupsell^|^385^|^349^|^2345^|^MCC_3332^|^03_TMU_S_RXL_CO^|^360^|^20170108^|^20170410^|^20171110
Dataupsell^|^386^|^350^|^2345^|^MCC_3332^|^03_TMU_S_RXL_CO^|^361^|^20170718^|^20170730^|^20170524
Dataupsell^|^387^|^351^|^2345^|^MCC_3332^|^03_TMU_S_RXL_CO^|^362^|^20161224^|^20171111^|^20170816
Dataupsell^|^388^|^352^|^2345^|^MCC_3332^|^03_TMU_S_RXL_CO^|^363^|^20171010^|^20171103^|^20170206
Dataupsell^|^389^|^353^|^2345^|^MCC_3332^|^03_TMU_S_RXL_CO^|^364^|^20161216^|^20161227^|^20161227
Dataupsell^|^390^|^354^|^2345^|^MCC_3332^|^03_TMU_S_RXL_CO^|^365^|^20170808^|^20170217^|^20170327
Dataupsell^|^391^|^355^|^2345^|^MCC_3332^|^03_TMU_S_RXL_CO^|^366^|^20171001^|^20170408^|^20170528
Dataupsell^|^392^|^356^|^2345^|^MCC_3332^|^03_TMU_S_RXL_CO^|^367^|^20170614^|^20161203^|^20171023
Dataupsell^|^393^|^357^|^2345^|^MCC_3332^|^03_TMU_S_RXL_CO^|^368^|^20170103^|^20170726^|^20170412
Dataupsell^|^394^|^358^|^2345^|^MCC_3332^|^03_TMU_S_RXL_CO^|^369^|^20161121^|^20161130^|^20170615
Dataupsell^|^395^|^359^|^2345^|^MCC_3332^|^03_TMU_S_RXL_CO^|^370^|^20170411^|^20170429^|^20161123
Dataupsell^|^396^|^360^|^2345^|^MCC_3332^|^03_TMU_S_RXL_CO^|^371^|^20170420^|^20170326^|^20170307
Dataupsell^|^397^|^361^|^2345^|^MCC_3332^|^03_TMU_S_RXL_CO^|^372^|^20171024^|^20170730^|^20170515
Dataupsell^|^398^|^362^|^2345^|^MCC_3332^|^03_TMU_S_RXL_CO^|^373^|^20170419^|^20171027^|^20170520
Dataupsell^|^399^|^363^|^2345^|^MCC_3332^|^03_TMU_S_RXL_CO^|^374^|^20170821^|^20161213^|^20170528
Dataupsell^|^400^|^364^|^2345^|^MCC_3332^|^03_TMU_S_RXL_CO^|^375^|^20170414^|^20161120^|^20170104
Dataupsell^|^401^|^365^|^2345^|^MCC_3332^|^03_TMU_S_RXL_CO^|^376^|^20171025^|^20161221^|^20170504
Dataupsell^|^402^|^366^|^2345^|^MCC_3332^|^03_TMU_S_RXL_CO^|^377^|^20161209^|^20170321^|^20171023
Dataupsell^|^403^|^367^|^2345^|^MCC_3332^|^03_TMU_S_RXL_CO^|^378^|^20161226^|^20161210^|^20170913
Dataupsell^|^404^|^368^|^2345^|^MCC_3332^|^03_TMU_S_RXL_CO^|^379^|^20171017^|^20170608^|^20161230
Dataupsell^|^405^|^369^|^2345^|^MCC_3332^|^03_TMU_S_RXL_CO^|^380^|^20161212^|^20171018^|^20170324
Dataupsell^|^406^|^370^|^2345^|^MCC_3332^|^03_TMU_S_RXL_CO^|^381^|^20170104^|^20170630^|^20170501
Dataupsell^|^407^|^371^|^2345^|^MCC_3332^|^03_TMU_S_RXL_CO^|^382^|^20161124^|^20170522^|^20170829
Dataupsell^|^408^|^372^|^2345^|^MCC_3332^|^03_TMU_S_RXL_CO^|^383^|^20170118^|^20170121^|^20170425
Dataupsell^|^409^|^373^|^2345^|^MCC_3332^|^03_TMU_S_RXL_CO^|^384^|^20170612^|^20170712^|^20170425
Dataupsell^|^410^|^374^|^2345^|^MCC_3332^|^03_TMU_S_RXL_CO^|^385^|^20170825^|^20171112^|^20170523
Dataupsell^|^411^|^375^|^2345^|^MCC_3332^|^03_TMU_S_RXL_CO^|^386^|^20170906^|^20170908^|^20161205
Dataupsell^|^412^|^376^|^2345^|^MCC_3332^|^03_TMU_S_RXL_CO^|^387^|^20170929^|^20170319^|^20171020
Dataupsell^|^413^|^377^|^2345^|^MCC_3332^|^03_TMU_S_RXL_CO^|^388^|^20171013^|^20170814^|^20171021
Dataupsell^|^414^|^378^|^2345^|^MCC_3332^|^03_TMU_S_RXL_CO^|^389^|^20171102^|^20171017^|^20170827
Dataupsell^|^415^|^379^|^2345^|^MCC_3332^|^03_TMU_S_RXL_CO^|^390^|^20170720^|^20170602^|^20170102
Dataupsell^|^416^|^380^|^2345^|^MCC_3332^|^03_TMU_S_RXL_CO^|^391^|^20170927^|^20170603^|^20170822
Dataupsell^|^417^|^381^|^2345^|^MCC_3332^|^03_TMU_S_RXL_CO^|^392^|^20170613^|^20171004^|^20161230
Dataupsell^|^418^|^382^|^2345^|^MCC_3332^|^03_TMU_S_RXL_CO^|^393^|^20161228^|^20170829^|^20170806
Dataupsell^|^419^|^383^|^2345^|^MCC_3332^|^03_TMU_S_RXL_CO^|^394^|^20170507^|^20170812^|^20170516
Dataupsell^|^420^|^384^|^2345^|^MCC_3332^|^03_TMU_S_RXL_CO^|^395^|^20171012^|^20170619^|^20170324
Dataupsell^|^421^|^385^|^2345^|^MCC_3332^|^03_TMU_S_RXL_CO^|^396^|^20170720^|^20170101^|^20161218
Dataupsell^|^422^|^386^|^2345^|^MCC_3332^|^03_TMU_S_RXL_CO^|^397^|^20170523^|^20170519^|^20170303
Dataupsell^|^423^|^387^|^2345^|^MCC_3332^|^03_TMU_S_RXL_CO^|^398^|^20170210^|^20171111^|^20170228
Dataupsell^|^424^|^388^|^2345^|^MCC_3332^|^03_TMU_S_RXL_CO^|^399^|^20171009^|^20170804^|^20170817
Dataupsell^|^425^|^389^|^2345^|^MCC_3332^|^03_TMU_S_RXL_CO^|^400^|^20171111^|^20161207^|^20170306
Dataupsell^|^426^|^390^|^2345^|^MCC_3332^|^03_TMU_S_RXL_CO^|^401^|^20170725^|^20161220^|^20170328
Dataupsell^|^427^|^391^|^2345^|^MCC_3332^|^03_TMU_S_RXL_CO^|^402^|^20171015^|^20161214^|^20170927
Dataupsell^|^428^|^392^|^2345^|^MCC_3332^|^03_TMU_S_RXL_CO^|^403^|^20170728^|^20170805^|^20171018
Dataupsell^|^429^|^393^|^2345^|^MCC_3332^|^03_TMU_S_RXL_CO^|^404^|^20170702^|^20170121^|^20170731
Dataupsell^|^430^|^394^|^2345^|^MCC_3332^|^03_TMU_S_RXL_CO^|^405^|^20170812^|^20170801^|^20170706
Dataupsell^|^431^|^395^|^2345^|^MCC_3332^|^03_TMU_S_RXL_CO^|^406^|^20170709^|^20170224^|^20170118
Dataupsell^|^432^|^396^|^2345^|^MCC_3332^|^03_TMU_S_RXL_CO^|^407^|^20170317^|^20170425^|^20170426
Dataupsell^|^433^|^397^|^2345^|^MCC_3332^|^03_TMU_S_RXL_CO^|^408^|^20170620^|^20170208^|^20171001
Dataupsell^|^434^|^398^|^2345^|^MCC_3332^|^03_TMU_S_RXL_CO^|^409^|^20170320^|^20170404^|^20170522
Dataupsell^|^435^|^399^|^2345^|^MCC_3332^|^03_TMU_S_RXL_CO^|^410^|^20170418^|^20170821^|^20170727
Dataupsell^|^436^|^400^|^2345^|^MCC_3332^|^03_TMU_S_RXL_CO^|^411^|^20170208^|^20170813^|^20170412
Dataupsell^|^437^|^401^|^2345^|^MCC_3332^|^03_TMU_S_RXL_CO^|^412^|^20170516^|^20171101^|^20170807
Dataupsell^|^438^|^402^|^2345^|^MCC_3332^|^03_TMU_S_RXL_CO^|^413^|^20170505^|^20170228^|^20161212
Dataupsell^|^439^|^403^|^2345^|^MCC_3332^|^03_TMU_S_RXL_CO^|^414^|^20170517^|^20170527^|^20170305
Dataupsell^|^440^|^404^|^2345^|^MCC_3332^|^03_TMU_S_RXL_CO^|^415^|^20170613^|^20170802^|^20170727
Dataupsell^|^441^|^405^|^2345^|^MCC_3332^|^03_TMU_S_RXL_CO^|^416^|^20170701^|^20170118^|^20171014
Dataupsell^|^442^|^406^|^2345^|^MCC_3332^|^03_TMU_S_RXL_CO^|^417^|^20171025^|^20171024^|^20171013
Dataupsell^|^443^|^407^|^2345^|^MCC_3332^|^03_TMU_S_RXL_CO^|^418^|^20171105^|^20170225^|^20170918
Dataupsell^|^444^|^408^|^2345^|^MCC_3332^|^03_TMU_S_RXL_CO^|^419^|^20170111^|^20170219^|^20170413
Dataupsell^|^445^|^409^|^2345^|^MCC_3332^|^03_TMU_S_RXL_CO^|^420^|^20170125^|^20171007^|^20161228
Dataupsell^|^446^|^410^|^2345^|^MCC_3332^|^03_TMU_S_RXL_CO^|^421^|^20170201^|^20170719^|^20171009
Dataupsell^|^447^|^411^|^2345^|^MCC_3332^|^03_TMU_S_RXL_CO^|^422^|^20171112^|^20170918^|^20171116
Dataupsell^|^448^|^412^|^2345^|^MCC_3332^|^03_TMU_S_RXL_CO^|^423^|^20170503^|^20171026^|^20170419
Dataupsell^|^449^|^413^|^2345^|^MCC_3332^|^03_TMU_S_RXL_CO^|^424^|^20170505^|^20170507^|^20170130
Dataupsell^|^450^|^414^|^2345^|^MCC_3332^|^03_TMU_S_RXL_CO^|^425^|^20170821^|^20170819^|^20170409
Dataupsell^|^451^|^415^|^2345^|^MCC_3332^|^03_TMU_S_RXL_CO^|^426^|^20170912^|^20171005^|^20170612
Dataupsell^|^452^|^416^|^2345^|^MCC_3332^|^03_TMU_S_RXL_CO^|^427^|^20171030^|^20170110^|^20170518
Dataupsell^|^453^|^417^|^2345^|^MCC_3332^|^03_TMU_S_RXL_CO^|^428^|^20171020^|^20170214^|^20170525
Dataupsell^|^454^|^418^|^2345^|^MCC_3332^|^03_TMU_S_RXL_CO^|^429^|^20170717^|^20170904^|^20170519
Dataupsell^|^455^|^419^|^2345^|^MCC_3332^|^03_TMU_S_RXL_CO^|^430^|^20170213^|^20170802^|^20161126
Dataupsell^|^456^|^420^|^2345^|^MCC_3332^|^03_TMU_S_RXL_CO^|^431^|^20170618^|^20170210^|^20170929
Dataupsell^|^457^|^421^|^2345^|^MCC_3332^|^03_TMU_S_RXL_CO^|^432^|^20161121^|^20170926^|^20170111
Dataupsell^|^458^|^422^|^2345^|^MCC_3332^|^03_TMU_S_RXL_CO^|^433^|^20170816^|^20170501^|^20170204
Dataupsell^|^459^|^423^|^2345^|^MCC_3332^|^03_TMU_S_RXL_CO^|^434^|^20170620^|^20170619^|^20170509
Dataupsell^|^460^|^424^|^2345^|^MCC_3332^|^03_TMU_S_RXL_CO^|^435^|^20171118^|^20170306^|^20170713
Dataupsell^|^461^|^425^|^2345^|^MCC_3332^|^03_TMU_S_RXL_CO^|^436^|^20170809^|^20170217^|^20170714
Dataupsell^|^462^|^426^|^2345^|^MCC_3332^|^03_TMU_S_RXL_CO^|^437^|^20170725^|^20170506^|^20170809
Dataupsell^|^463^|^427^|^2345^|^MCC_3332^|^03_TMU_S_RXL_CO^|^438^|^20170621^|^20170830^|^20170607
Dataupsell^|^464^|^428^|^2345^|^MCC_3332^|^03_TMU_S_RXL_CO^|^439^|^20170926^|^20170530^|^20170222
Dataupsell^|^465^|^429^|^2345^|^MCC_3332^|^03_TMU_S_RXL_CO^|^440^|^20171013^|^20170908^|^20170822
Dataupsell^|^466^|^430^|^2345^|^MCC_3332^|^03_TMU_S_RXL_CO^|^441^|^20170625^|^20170606^|^20170221
Dataupsell^|^467^|^431^|^2345^|^MCC_3332^|^03_TMU_S_RXL_CO^|^442^|^20171119^|^20170701^|^20170910
Dataupsell^|^468^|^432^|^2345^|^MCC_3332^|^03_TMU_S_RXL_CO^|^443^|^20170930^|^20170319^|^20170227
Dataupsell^|^469^|^433^|^2345^|^MCC_3332^|^03_TMU_S_RXL_CO^|^444^|^20170329^|^20170403^|^20171114
Dataupsell^|^470^|^434^|^2345^|^MCC_3332^|^03_TMU_S_RXL_CO^|^445^|^20161125^|^20161230^|^20170329
Dataupsell^|^471^|^435^|^2345^|^MCC_3332^|^03_TMU_S_RXL_CO^|^446^|^20170817^|^20171031^|^20170425
Dataupsell^|^472^|^436^|^2345^|^MCC_3332^|^03_TMU_S_RXL_CO^|^447^|^20170826^|^20161219^|^20170714
Dataupsell^|^473^|^437^|^2345^|^MCC_3332^|^03_TMU_S_RXL_CO^|^448^|^20171022^|^20170331^|^20161207
Dataupsell^|^474^|^438^|^2345^|^MCC_3332^|^03_TMU_S_RXL_CO^|^449^|^20161228^|^20170719^|^20170401
Dataupsell^|^475^|^439^|^2345^|^MCC_3332^|^03_TMU_S_RXL_CO^|^450^|^20170901^|^20170904^|^20170423
Dataupsell^|^476^|^440^|^2345^|^MCC_3332^|^03_TMU_S_RXL_CO^|^451^|^20171007^|^20170525^|^20170219
Dataupsell^|^477^|^441^|^2345^|^MCC_3332^|^03_TMU_S_RXL_CO^|^452^|^20170601^|^20170217^|^20170622
Dataupsell^|^478^|^442^|^2345^|^MCC_3332^|^03_TMU_S_RXL_CO^|^453^|^20170214^|^20161223^|^20170721
Dataupsell^|^479^|^443^|^2345^|^MCC_3332^|^03_TMU_S_RXL_CO^|^454^|^20170314^|^20171007^|^20170709
Dataupsell^|^480^|^444^|^2345^|^MCC_3332^|^03_TMU_S_RXL_CO^|^455^|^20170520^|^20161201^|^20170505
Dataupsell^|^481^|^445^|^2345^|^MCC_3332^|^03_TMU_S_RXL_CO^|^456^|^20171025^|^20170108^|^20170427
Dataupsell^|^482^|^446^|^2345^|^MCC_3332^|^03_TMU_S_RXL_CO^|^457^|^20170214^|^20170821^|^20170421
Dataupsell^|^483^|^447^|^2345^|^MCC_3332^|^03_TMU_S_RXL_CO^|^458^|^20161228^|^20170514^|^20171117
Dataupsell^|^484^|^448^|^2345^|^MCC_3332^|^03_TMU_S_RXL_CO^|^459^|^20161213^|^20170423^|^20170417
Dataupsell^|^485^|^449^|^2345^|^MCC_3332^|^03_TMU_S_RXL_CO^|^460^|^20171012^|^20170804^|^20161209
Dataupsell^|^486^|^450^|^2345^|^MCC_3332^|^03_TMU_S_RXL_CO^|^461^|^20170728^|^20161219^|^20161218
Dataupsell^|^487^|^451^|^2345^|^MCC_3332^|^03_TMU_S_RXL_CO^|^462^|^20170622^|^20170722^|^20170125
Dataupsell^|^488^|^452^|^2345^|^MCC_3332^|^03_TMU_S_RXL_CO^|^463^|^20170809^|^20170212^|^20170207
Dataupsell^|^489^|^453^|^2345^|^MCC_3332^|^03_TMU_S_RXL_CO^|^464^|^20170203^|^20170111^|^20170509
Dataupsell^|^490^|^454^|^2345^|^MCC_3332^|^03_TMU_S_RXL_CO^|^465^|^20161228^|^20171109^|^20170319
Dataupsell^|^491^|^455^|^2345^|^MCC_3332^|^03_TMU_S_RXL_CO^|^466^|^20170117^|^20170907^|^20171004
Dataupsell^|^492^|^456^|^2345^|^MCC_3332^|^03_TMU_S_RXL_CO^|^467^|^20161201^|^20161220^|^20171016
Dataupsell^|^493^|^457^|^2345^|^MCC_3332^|^03_TMU_S_RXL_CO^|^468^|^20170111^|^20170215^|^20170106
Dataupsell^|^494^|^458^|^2345^|^MCC_3332^|^03_TMU_S_RXL_CO^|^469^|^20170924^|^20161223^|^20170413
Dataupsell^|^495^|^459^|^2345^|^MCC_3332^|^03_TMU_S_RXL_CO^|^470^|^20170527^|^20170622^|^20170804
Dataupsell^|^496^|^460^|^2345^|^MCC_3332^|^03_TMU_S_RXL_CO^|^471^|^20170326^|^20170411^|^20170503
Dataupsell^|^497^|^461^|^2345^|^MCC_3332^|^03_TMU_S_RXL_CO^|^472^|^20170802^|^20170916^|^20170119
Dataupsell^|^498^|^462^|^2345^|^MCC_3332^|^03_TMU_S_RXL_CO^|^473^|^20170423^|^20170726^|^20170211
Dataupsell^|^499^|^463^|^2345^|^MCC_3332^|^03_TMU_S_RXL_CO^|^474^|^20171102^|^20161225^|^20170624
Dataupsell^|^500^|^464^|^2345^|^MCC_3332^|^03_TMU_S_RXL_CO^|^475^|^20170902^|^20170117^|^20170921
Dataupsell^|^501^|^465^|^2345^|^MCC_3332^|^03_TMU_S_RXL_CO^|^476^|^20170330^|^20170305^|^20170525
Dataupsell^|^502^|^466^|^2345^|^MCC_3332^|^03_TMU_S_RXL_CO^|^477^|^20161216^|^20171029^|^20170621
Dataupsell^|^503^|^467^|^2345^|^MCC_3332^|^03_TMU_S_RXL_CO^|^478^|^20161204^|^20170819^|^20170617
Dataupsell^|^504^|^468^|^2345^|^MCC_3332^|^03_TMU_S_RXL_CO^|^479^|^20170624^|^20170824^|^20170403
Dataupsell^|^505^|^469^|^2345^|^MCC_3332^|^03_TMU_S_RXL_CO^|^480^|^20161205^|^20170901^|^20170711
Dataupsell^|^506^|^470^|^2345^|^MCC_3332^|^03_TMU_S_RXL_CO^|^481^|^20170811^|^20170821^|^20171006
Dataupsell^|^507^|^471^|^2345^|^MCC_3332^|^03_TMU_S_RXL_CO^|^482^|^20170118^|^20170415^|^20171016
Dataupsell^|^508^|^472^|^2345^|^MCC_3332^|^03_TMU_S_RXL_CO^|^483^|^20170401^|^20170609^|^20170107
Dataupsell^|^509^|^473^|^2345^|^MCC_3332^|^03_TMU_S_RXL_CO^|^484^|^20170222^|^20170328^|^20170530
Dataupsell^|^510^|^474^|^2345^|^MCC_3332^|^03_TMU_S_RXL_CO^|^485^|^20171025^|^20161219^|^20161226
Dataupsell^|^511^|^475^|^2345^|^MCC_3332^|^03_TMU_S_RXL_CO^|^486^|^20170623^|^20170728^|^20170913
Dataupsell^|^512^|^476^|^2345^|^MCC_3332^|^03_TMU_S_RXL_CO^|^487^|^20170601^|^20170925^|^20161201
Dataupsell^|^513^|^477^|^2345^|^MCC_3332^|^03_TMU_S_RXL_CO^|^488^|^20171110^|^20170720^|^20170126
Dataupsell^|^514^|^478^|^2345^|^MCC_3332^|^03_TMU_S_RXL_CO^|^489^|^20170207^|^20161202^|^20171109
Dataupsell^|^515^|^479^|^2345^|^MCC_3332^|^03_TMU_S_RXL_CO^|^490^|^20171007^|^20161123^|^20170630
Dataupsell^|^516^|^480^|^2345^|^MCC_3332^|^03_TMU_S_RXL_CO^|^491^|^20161207^|^20170827^|^20170822
Dataupsell^|^517^|^481^|^2345^|^MCC_3332^|^03_TMU_S_RXL_CO^|^492^|^20170504^|^20161210^|^20161217
Dataupsell^|^518^|^482^|^2345^|^MCC_3332^|^03_TMU_S_RXL_CO^|^493^|^20171113^|^20161209^|^20170909
Dataupsell^|^519^|^483^|^2345^|^MCC_3332^|^03_TMU_S_RXL_CO^|^494^|^20170613^|^20170803^|^20170913
Dataupsell^|^520^|^484^|^2345^|^MCC_3332^|^03_TMU_S_RXL_CO^|^495^|^20170827^|^20170708^|^20170217
Dataupsell^|^521^|^485^|^2345^|^MCC_3332^|^03_TMU_S_RXL_CO^|^496^|^20170518^|^20171006^|^20170905
Dataupsell^|^522^|^486^|^2345^|^MCC_3332^|^03_TMU_S_RXL_CO^|^497^|^20170623^|^20170928^|^20170817
Dataupsell^|^523^|^487^|^2345^|^MCC_3332^|^03_TMU_S_RXL_CO^|^498^|^20171118^|^20170821^|^20170811
Dataupsell^|^524^|^488^|^2345^|^MCC_3332^|^03_TMU_S_RXL_CO^|^499^|^20170218^|^20170227^|^20161224
Dataupsell^|^525^|^489^|^2345^|^MCC_3332^|^03_TMU_S_RXL_CO^|^500^|^20170126^|^20161201^|^20170917
Dataupsell^|^526^|^490^|^2345^|^MCC_3332^|^03_TMU_S_RXL_CO^|^501^|^20170831^|^20170905^|^20170522
Dataupsell^|^527^|^491^|^2345^|^MCC_3332^|^03_TMU_S_RXL_CO^|^502^|^20171107^|^20171005^|^20170427
Dataupsell^|^528^|^492^|^2345^|^MCC_3332^|^03_TMU_S_RXL_CO^|^503^|^20170305^|^20170822^|^20161130
Dataupsell^|^529^|^493^|^2345^|^MCC_3332^|^03_TMU_S_RXL_CO^|^504^|^20170915^|^20170420^|^20170402
Dataupsell^|^530^|^494^|^2345^|^MCC_3332^|^03_TMU_S_RXL_CO^|^505^|^20170109^|^20171119^|^20170509
Dataupsell^|^531^|^495^|^2345^|^MCC_3332^|^03_TMU_S_RXL_CO^|^506^|^20170217^|^20161202^|^20171111
Dataupsell^|^532^|^496^|^2345^|^MCC_3332^|^03_TMU_S_RXL_CO^|^507^|^20170429^|^20171002^|^20170925
Dataupsell^|^533^|^497^|^2345^|^MCC_3332^|^03_TMU_S_RXL_CO^|^508^|^20170727^|^20170322^|^20170309
Dataupsell^|^534^|^498^|^2345^|^MCC_3332^|^03_TMU_S_RXL_CO^|^509^|^20171027^|^20170510^|^20161207
Dataupsell^|^535^|^499^|^2345^|^MCC_3332^|^03_TMU_S_RXL_CO^|^510^|^20170209^|^20170420^|^20170318
Dataupsell^|^536^|^500^|^2345^|^MCC_3332^|^03_TMU_S_RXL_CO^|^511^|^20170825^|^20170309^|^20170714
Dataupsell^|^537^|^501^|^2345^|^MCC_3332^|^03_TMU_S_RXL_CO^|^512^|^20170809^|^20170616^|^20161207
Dataupsell^|^538^|^502^|^2345^|^MCC_3332^|^03_TMU_S_RXL_CO^|^513^|^20161126^|^20170708^|^20170422
Dataupsell^|^539^|^503^|^2345^|^MCC_3332^|^03_TMU_S_RXL_CO^|^514^|^20170816^|^20171012^|^20170216
Dataupsell^|^540^|^504^|^2345^|^MCC_3332^|^03_TMU_S_RXL_CO^|^515^|^20170919^|^20170204^|^20171110
Dataupsell^|^541^|^505^|^2345^|^MCC_3332^|^03_TMU_S_RXL_CO^|^516^|^20170511^|^20170901^|^20170630
Dataupsell^|^542^|^506^|^2345^|^MCC_3332^|^03_TMU_S_RXL_CO^|^517^|^20170716^|^20170522^|^20170111
Dataupsell^|^543^|^507^|^2345^|^MCC_3332^|^03_TMU_S_RXL_CO^|^518^|^20161211^|^20171023^|^20171025
Dataupsell^|^544^|^508^|^2345^|^MCC_3332^|^03_TMU_S_RXL_CO^|^519^|^20170710^|^20170401^|^20171022
Dataupsell^|^545^|^509^|^2345^|^MCC_3332^|^03_TMU_S_RXL_CO^|^520^|^20171105^|^20170430^|^20170708
Dataupsell^|^546^|^510^|^2345^|^MCC_3332^|^03_TMU_S_RXL_CO^|^521^|^20161212^|^20170305^|^20170504
Dataupsell^|^547^|^511^|^2345^|^MCC_3332^|^03_TMU_S_RXL_CO^|^522^|^20170327^|^20161218^|^20170223
Dataupsell^|^548^|^512^|^2345^|^MCC_3332^|^03_TMU_S_RXL_CO^|^523^|^20170901^|^20170722^|^20170207
Dataupsell^|^549^|^513^|^2345^|^MCC_3332^|^03_TMU_S_RXL_CO^|^524^|^20170601^|^20170515^|^20170707
Dataupsell^|^550^|^514^|^2345^|^MCC_3332^|^03_TMU_S_RXL_CO^|^525^|^20170426^|^20161229^|^20170521
Dataupsell^|^551^|^515^|^2345^|^MCC_3332^|^03_TMU_S_RXL_CO^|^526^|^20170622^|^20170904^|^20170523
Dataupsell^|^552^|^516^|^2345^|^MCC_3332^|^03_TMU_S_RXL_CO^|^527^|^20170821^|^20170225^|^20170725
Dataupsell^|^553^|^517^|^2345^|^MCC_3332^|^03_TMU_S_RXL_CO^|^528^|^20170605^|^20170429^|^20170320
Dataupsell^|^554^|^518^|^2345^|^MCC_3332^|^03_TMU_S_RXL_CO^|^529^|^20170330^|^20170127^|^20170411
Dataupsell^|^555^|^519^|^2345^|^MCC_3332^|^03_TMU_S_RXL_CO^|^530^|^20170621^|^20170131^|^20170828
Dataupsell^|^556^|^520^|^2345^|^MCC_3332^|^03_TMU_S_RXL_CO^|^531^|^20170223^|^20170719^|^20171022
Dataupsell^|^557^|^521^|^2345^|^MCC_3332^|^03_TMU_S_RXL_CO^|^532^|^20161202^|^20170603^|^20170729
Dataupsell^|^558^|^522^|^2345^|^MCC_3332^|^03_TMU_S_RXL_CO^|^533^|^20170331^|^20171009^|^20170305
Dataupsell^|^559^|^523^|^2345^|^MCC_3332^|^03_TMU_S_RXL_CO^|^534^|^20170310^|^20161214^|^20170902
Dataupsell^|^560^|^524^|^2345^|^MCC_3332^|^03_TMU_S_RXL_CO^|^535^|^20161213^|^20161222^|^20170827
Dataupsell^|^561^|^525^|^2345^|^MCC_3332^|^03_TMU_S_RXL_CO^|^536^|^20161209^|^20170305^|^20170502
Dataupsell^|^562^|^526^|^2345^|^MCC_3332^|^03_TMU_S_RXL_CO^|^537^|^20170226^|^20170228^|^20170502
Dataupsell^|^563^|^527^|^2345^|^MCC_3332^|^03_TMU_S_RXL_CO^|^538^|^20170722^|^20170831^|^20170912
Dataupsell^|^564^|^528^|^2345^|^MCC_3332^|^03_TMU_S_RXL_CO^|^539^|^20161124^|^20170115^|^20170107
Dataupsell^|^565^|^529^|^2345^|^MCC_3332^|^03_TMU_S_RXL_CO^|^540^|^20170117^|^20170126^|^20161226
Dataupsell^|^566^|^530^|^2345^|^MCC_3332^|^03_TMU_S_RXL_CO^|^541^|^20170321^|^20161228^|^20170720
Dataupsell^|^567^|^531^|^2345^|^MCC_3332^|^03_TMU_S_RXL_CO^|^542^|^20170305^|^20170815^|^20171002
Dataupsell^|^568^|^532^|^2345^|^MCC_3332^|^03_TMU_S_RXL_CO^|^543^|^20170210^|^20170604^|^20170113
Dataupsell^|^569^|^533^|^2345^|^MCC_3332^|^03_TMU_S_RXL_CO^|^544^|^20170222^|^20170522^|^20171014
Dataupsell^|^570^|^534^|^2345^|^MCC_3332^|^03_TMU_S_RXL_CO^|^545^|^20170503^|^20171031^|^20170520
Dataupsell^|^571^|^535^|^2345^|^MCC_3332^|^03_TMU_S_RXL_CO^|^546^|^20170819^|^20161225^|^20170110
Dataupsell^|^572^|^536^|^2345^|^MCC_3332^|^03_TMU_S_RXL_CO^|^547^|^20170526^|^20170813^|^20170222
Dataupsell^|^573^|^537^|^2345^|^MCC_3332^|^03_TMU_S_RXL_CO^|^548^|^20171009^|^20170212^|^20161225
Dataupsell^|^574^|^538^|^2345^|^MCC_3332^|^03_TMU_S_RXL_CO^|^549^|^20170619^|^20170425^|^20170325
Dataupsell^|^575^|^539^|^2345^|^MCC_3332^|^03_TMU_S_RXL_CO^|^550^|^20170314^|^20170714^|^20170425
Dataupsell^|^576^|^540^|^2345^|^MCC_3332^|^03_TMU_S_RXL_CO^|^551^|^20171118^|^20170215^|^20170213
Dataupsell^|^577^|^541^|^2345^|^MCC_3332^|^03_TMU_S_RXL_CO^|^552^|^20170907^|^20170825^|^20170414
Dataupsell^|^578^|^542^|^2345^|^MCC_3332^|^03_TMU_S_RXL_CO^|^553^|^20170618^|^20171013^|^20170608
Dataupsell^|^579^|^543^|^2345^|^MCC_3332^|^03_TMU_S_RXL_CO^|^554^|^20170910^|^20170813^|^20170901
Dataupsell^|^580^|^544^|^2345^|^MCC_3332^|^03_TMU_S_RXL_CO^|^555^|^20170518^|^20170120^|^20170611
Dataupsell^|^581^|^545^|^2345^|^MCC_3332^|^03_TMU_S_RXL_CO^|^556^|^20170413^|^20170217^|^20170921
Dataupsell^|^582^|^546^|^2345^|^MCC_3332^|^03_TMU_S_RXL_CO^|^557^|^20170527^|^20170104^|^20170113
Dataupsell^|^583^|^547^|^2345^|^MCC_3332^|^03_TMU_S_RXL_CO^|^558^|^20170624^|^20170322^|^20170926
Dataupsell^|^584^|^548^|^2345^|^MCC_3332^|^03_TMU_S_RXL_CO^|^559^|^20170613^|^20170717^|^20170228
Dataupsell^|^585^|^549^|^2345^|^MCC_3332^|^03_TMU_S_RXL_CO^|^560^|^20170219^|^20170516^|^20170822
Dataupsell^|^586^|^550^|^2345^|^MCC_3332^|^03_TMU_S_RXL_CO^|^561^|^20170405^|^20170331^|^20170311
Dataupsell^|^587^|^551^|^2345^|^MCC_3332^|^03_TMU_S_RXL_CO^|^562^|^20171104^|^20170112^|^20171019
Dataupsell^|^588^|^552^|^2345^|^MCC_3332^|^03_TMU_S_RXL_CO^|^563^|^20170929^|^20170503^|^20161227
Dataupsell^|^589^|^553^|^2345^|^MCC_3332^|^03_TMU_S_RXL_CO^|^564^|^20170628^|^20170222^|^20170814
Dataupsell^|^590^|^554^|^2345^|^MCC_3332^|^03_TMU_S_RXL_CO^|^565^|^20170810^|^20170908^|^20161122
Dataupsell^|^591^|^555^|^2345^|^MCC_3332^|^03_TMU_S_RXL_CO^|^566^|^20170721^|^20161231^|^20161122
Dataupsell^|^592^|^556^|^2345^|^MCC_3332^|^03_TMU_S_RXL_CO^|^567^|^20170731^|^20170301^|^20170317
Dataupsell^|^593^|^557^|^2345^|^MCC_3332^|^03_TMU_S_RXL_CO^|^568^|^20170904^|^20170503^|^20171021
Dataupsell^|^594^|^558^|^2345^|^MCC_3332^|^03_TMU_S_RXL_CO^|^569^|^20170420^|^20170113^|^20170529
Dataupsell^|^595^|^559^|^2345^|^MCC_3332^|^03_TMU_S_RXL_CO^|^570^|^20161123^|^20170819^|^20170510
Dataupsell^|^596^|^560^|^2345^|^MCC_3332^|^03_TMU_S_RXL_CO^|^571^|^20170506^|^20170814^|^20170317
Dataupsell^|^597^|^561^|^2345^|^MCC_3332^|^03_TMU_S_RXL_CO^|^572^|^20170115^|^20171104^|^20170116
Dataupsell^|^598^|^562^|^2345^|^MCC_3332^|^03_TMU_S_RXL_CO^|^573^|^20170811^|^20171018^|^20170824
Dataupsell^|^599^|^563^|^2345^|^MCC_3332^|^03_TMU_S_RXL_CO^|^574^|^20170505^|^20170915^|^20170827
Dataupsell^|^600^|^564^|^2345^|^MCC_3332^|^03_TMU_S_RXL_CO^|^575^|^20170629^|^20170121^|^20170802
Dataupsell^|^601^|^565^|^2345^|^MCC_3332^|^03_TMU_S_RXL_CO^|^576^|^20170419^|^20170325^|^20170609
Dataupsell^|^602^|^566^|^2345^|^MCC_3332^|^03_TMU_S_RXL_CO^|^577^|^20170524^|^20170209^|^20170228
Dataupsell^|^603^|^567^|^2345^|^MCC_3332^|^03_TMU_S_RXL_CO^|^578^|^20171018^|^20170625^|^20170218
Dataupsell^|^604^|^568^|^2345^|^MCC_3332^|^03_TMU_S_RXL_CO^|^579^|^20170910^|^20170227^|^20161215
Dataupsell^|^605^|^569^|^2345^|^MCC_3332^|^03_TMU_S_RXL_CO^|^580^|^20170327^|^20170606^|^20161205
Dataupsell^|^606^|^570^|^2345^|^MCC_3332^|^03_TMU_S_RXL_CO^|^581^|^20170930^|^20170608^|^20170529
Dataupsell^|^607^|^571^|^2345^|^MCC_3332^|^03_TMU_S_RXL_CO^|^582^|^20170619^|^20161224^|^20170716
Dataupsell^|^608^|^572^|^2345^|^MCC_3332^|^03_TMU_S_RXL_CO^|^583^|^20170413^|^20170411^|^20170411
Dataupsell^|^609^|^573^|^2345^|^MCC_3332^|^03_TMU_S_RXL_CO^|^584^|^20170511^|^20170125^|^20170114
Dataupsell^|^610^|^574^|^2345^|^MCC_3332^|^03_TMU_S_RXL_CO^|^585^|^20170212^|^20170813^|^20171016
Dataupsell^|^611^|^575^|^2345^|^MCC_3332^|^03_TMU_S_RXL_CO^|^586^|^20170719^|^20170803^|^20161120
Dataupsell^|^612^|^576^|^2345^|^MCC_3332^|^03_TMU_S_RXL_CO^|^587^|^20170131^|^20170730^|^20170316
Dataupsell^|^613^|^577^|^2345^|^MCC_3332^|^03_TMU_S_RXL_CO^|^588^|^20171108^|^20170725^|^20170610
Dataupsell^|^614^|^578^|^2345^|^MCC_3332^|^03_TMU_S_RXL_CO^|^589^|^20170313^|^20170627^|^20170120
Dataupsell^|^615^|^579^|^2345^|^MCC_3332^|^03_TMU_S_RXL_CO^|^590^|^20171007^|^20170628^|^20170416
Dataupsell^|^616^|^580^|^2345^|^MCC_3332^|^03_TMU_S_RXL_CO^|^591^|^20170328^|^20170715^|^20170126
Dataupsell^|^617^|^581^|^2345^|^MCC_3332^|^03_TMU_S_RXL_CO^|^592^|^20170206^|^20170720^|^20170727
Dataupsell^|^618^|^582^|^2345^|^MCC_3332^|^03_TMU_S_RXL_CO^|^593^|^20170411^|^20170324^|^20171108
Dataupsell^|^619^|^583^|^2345^|^MCC_3332^|^03_TMU_S_RXL_CO^|^594^|^20170926^|^20170225^|^20171110
Dataupsell^|^620^|^584^|^2345^|^MCC_3332^|^03_TMU_S_RXL_CO^|^595^|^20171004^|^20170529^|^20170219
Dataupsell^|^621^|^585^|^2345^|^MCC_3332^|^03_TMU_S_RXL_CO^|^596^|^20171113^|^20161208^|^20170921
Dataupsell^|^622^|^586^|^2345^|^MCC_3332^|^03_TMU_S_RXL_CO^|^597^|^20170915^|^20170525^|^20170907
Dataupsell^|^623^|^587^|^2345^|^MCC_3332^|^03_TMU_S_RXL_CO^|^598^|^20161209^|^20161226^|^20170502
Dataupsell^|^624^|^588^|^2345^|^MCC_3332^|^03_TMU_S_RXL_CO^|^599^|^20161211^|^20161211^|^20170624
Dataupsell^|^625^|^589^|^2345^|^MCC_3332^|^03_TMU_S_RXL_CO^|^600^|^20170827^|^20170513^|^20161221
Dataupsell^|^626^|^590^|^2345^|^MCC_3332^|^03_TMU_S_RXL_CO^|^601^|^20170217^|^20170410^|^20170305
Dataupsell^|^627^|^591^|^2345^|^MCC_3332^|^03_TMU_S_RXL_CO^|^602^|^20170626^|^20170820^|^20170605
Dataupsell^|^628^|^592^|^2345^|^MCC_3332^|^03_TMU_S_RXL_CO^|^603^|^20170120^|^20170704^|^20170802
Dataupsell^|^629^|^593^|^2345^|^MCC_3332^|^03_TMU_S_RXL_CO^|^604^|^20170325^|^20170614^|^20170114
Dataupsell^|^630^|^594^|^2345^|^MCC_3332^|^03_TMU_S_RXL_CO^|^605^|^20170627^|^20170322^|^20170224
Dataupsell^|^631^|^595^|^2345^|^MCC_3332^|^03_TMU_S_RXL_CO^|^606^|^20170704^|^20171020^|^20170630
Dataupsell^|^632^|^596^|^2345^|^MCC_3332^|^03_TMU_S_RXL_CO^|^607^|^20171011^|^20171114^|^20170816
Dataupsell^|^633^|^597^|^2345^|^MCC_3332^|^03_TMU_S_RXL_CO^|^608^|^20170127^|^20170219^|^20170926
Dataupsell^|^634^|^598^|^2345^|^MCC_3332^|^03_TMU_S_RXL_CO^|^609^|^20171110^|^20161208^|^20170727
Dataupsell^|^635^|^599^|^2345^|^MCC_3332^|^03_TMU_S_RXL_CO^|^610^|^20170926^|^20170303^|^20170218
Dataupsell^|^636^|^600^|^2345^|^MCC_3332^|^03_TMU_S_RXL_CO^|^611^|^20161124^|^20171104^|^20170708
Dataupsell^|^637^|^601^|^2345^|^MCC_3332^|^03_TMU_S_RXL_CO^|^612^|^20170118^|^20171115^|^20170706
Dataupsell^|^638^|^602^|^2345^|^MCC_3332^|^03_TMU_S_RXL_CO^|^613^|^20170922^|^20171024^|^20171103
Dataupsell^|^639^|^603^|^2345^|^MCC_3332^|^03_TMU_S_RXL_CO^|^614^|^20170822^|^20161130^|^20161129
Dataupsell^|^640^|^604^|^2345^|^MCC_3332^|^03_TMU_S_RXL_CO^|^615^|^20170823^|^20170514^|^20161222
Dataupsell^|^641^|^605^|^2345^|^MCC_3332^|^03_TMU_S_RXL_CO^|^616^|^20170805^|^20171007^|^20170725
Dataupsell^|^642^|^606^|^2345^|^MCC_3332^|^03_TMU_S_RXL_CO^|^617^|^20170128^|^20170919^|^20170517
Dataupsell^|^643^|^607^|^2345^|^MCC_3332^|^03_TMU_S_RXL_CO^|^618^|^20170525^|^20171012^|^20161126
Dataupsell^|^644^|^608^|^2345^|^MCC_3332^|^03_TMU_S_RXL_CO^|^619^|^20170629^|^20170623^|^20161201
Dataupsell^|^645^|^609^|^2345^|^MCC_3332^|^03_TMU_S_RXL_CO^|^620^|^20170826^|^20170713^|^20170118
Dataupsell^|^646^|^610^|^2345^|^MCC_3332^|^03_TMU_S_RXL_CO^|^621^|^20170509^|^20170721^|^20170105
Dataupsell^|^647^|^611^|^2345^|^MCC_3332^|^03_TMU_S_RXL_CO^|^622^|^20170714^|^20170103^|^20170404
Dataupsell^|^648^|^612^|^2345^|^MCC_3332^|^03_TMU_S_RXL_CO^|^623^|^20170810^|^20170617^|^20170418
Dataupsell^|^649^|^613^|^2345^|^MCC_3332^|^03_TMU_S_RXL_CO^|^624^|^20170513^|^20170212^|^20170619
Dataupsell^|^650^|^614^|^2345^|^MCC_3332^|^03_TMU_S_RXL_CO^|^625^|^20170626^|^20170428^|^20170901
Dataupsell^|^651^|^615^|^2345^|^MCC_3332^|^03_TMU_S_RXL_CO^|^626^|^20170118^|^20170602^|^20170831
Dataupsell^|^652^|^616^|^2345^|^MCC_3332^|^03_TMU_S_RXL_CO^|^627^|^20170903^|^20161224^|^20170223
Dataupsell^|^653^|^617^|^2345^|^MCC_3332^|^03_TMU_S_RXL_CO^|^628^|^20170324^|^20170301^|^20171012
Dataupsell^|^654^|^618^|^2345^|^MCC_3332^|^03_TMU_S_RXL_CO^|^629^|^20170611^|^20170418^|^20170614
Dataupsell^|^655^|^619^|^2345^|^MCC_3332^|^03_TMU_S_RXL_CO^|^630^|^20170325^|^20170917^|^20170817
Dataupsell^|^656^|^620^|^2345^|^MCC_3332^|^03_TMU_S_RXL_CO^|^631^|^20171013^|^20171107^|^20171116
Dataupsell^|^657^|^621^|^2345^|^MCC_3332^|^03_TMU_S_RXL_CO^|^632^|^20171101^|^20170123^|^20170321
Dataupsell^|^658^|^622^|^2345^|^MCC_3332^|^03_TMU_S_RXL_CO^|^633^|^20170216^|^20170422^|^20170316
Dataupsell^|^659^|^623^|^2345^|^MCC_3332^|^03_TMU_S_RXL_CO^|^634^|^20170721^|^20170506^|^20161202
Dataupsell^|^660^|^624^|^2345^|^MCC_3332^|^03_TMU_S_RXL_CO^|^635^|^20170619^|^20170604^|^20170410
Dataupsell^|^661^|^625^|^2345^|^MCC_3332^|^03_TMU_S_RXL_CO^|^636^|^20170726^|^20170727^|^20161127
Dataupsell^|^662^|^626^|^2345^|^MCC_3332^|^03_TMU_S_RXL_CO^|^637^|^20170607^|^20161216^|^20170910
Dataupsell^|^663^|^627^|^2345^|^MCC_3332^|^03_TMU_S_RXL_CO^|^638^|^20171109^|^20170501^|^20170419
Dataupsell^|^664^|^628^|^2345^|^MCC_3332^|^03_TMU_S_RXL_CO^|^639^|^20170917^|^20170103^|^20170408
Dataupsell^|^665^|^629^|^2345^|^MCC_3332^|^03_TMU_S_RXL_CO^|^640^|^20170402^|^20170201^|^20170620
Dataupsell^|^666^|^630^|^2345^|^MCC_3332^|^03_TMU_S_RXL_CO^|^641^|^20171008^|^20170130^|^20161230
Dataupsell^|^667^|^631^|^2345^|^MCC_3332^|^03_TMU_S_RXL_CO^|^642^|^20170314^|^20170720^|^20171105
Dataupsell^|^668^|^632^|^2345^|^MCC_3332^|^03_TMU_S_RXL_CO^|^643^|^20171011^|^20161122^|^20170303
Dataupsell^|^669^|^633^|^2345^|^MCC_3332^|^03_TMU_S_RXL_CO^|^644^|^20170916^|^20170801^|^20170923
Dataupsell^|^670^|^634^|^2345^|^MCC_3332^|^03_TMU_S_RXL_CO^|^645^|^20170922^|^20170408^|^20171101
Dataupsell^|^671^|^635^|^2345^|^MCC_3332^|^03_TMU_S_RXL_CO^|^646^|^20170508^|^20170105^|^20161125
Dataupsell^|^672^|^636^|^2345^|^MCC_3332^|^03_TMU_S_RXL_CO^|^647^|^20170207^|^20170812^|^20170902
Dataupsell^|^673^|^637^|^2345^|^MCC_3332^|^03_TMU_S_RXL_CO^|^648^|^20170325^|^20170625^|^20170603
Dataupsell^|^674^|^638^|^2345^|^MCC_3332^|^03_TMU_S_RXL_CO^|^649^|^20170505^|^20170221^|^20170803
Dataupsell^|^675^|^639^|^2345^|^MCC_3332^|^03_TMU_S_RXL_CO^|^650^|^20170313^|^20170421^|^20171113
Dataupsell^|^676^|^640^|^2345^|^MCC_3332^|^03_TMU_S_RXL_CO^|^651^|^20171106^|^20170630^|^20170421
Dataupsell^|^677^|^641^|^2345^|^MCC_3332^|^03_TMU_S_RXL_CO^|^652^|^20170815^|^20161217^|^20170413
Dataupsell^|^678^|^642^|^2345^|^MCC_3332^|^03_TMU_S_RXL_CO^|^653^|^20170711^|^20170220^|^20170305
Dataupsell^|^679^|^643^|^2345^|^MCC_3332^|^03_TMU_S_RXL_CO^|^654^|^20170217^|^20161224^|^20170509
Dataupsell^|^680^|^644^|^2345^|^MCC_3332^|^03_TMU_S_RXL_CO^|^655^|^20170715^|^20170618^|^20161201
Dataupsell^|^681^|^645^|^2345^|^MCC_3332^|^03_TMU_S_RXL_CO^|^656^|^20170115^|^20170417^|^20170908
Dataupsell^|^682^|^646^|^2345^|^MCC_3332^|^03_TMU_S_RXL_CO^|^657^|^20171025^|^20170205^|^20170530
Dataupsell^|^683^|^647^|^2345^|^MCC_3332^|^03_TMU_S_RXL_CO^|^658^|^20170619^|^20171118^|^20170716
Dataupsell^|^684^|^648^|^2345^|^MCC_3332^|^03_TMU_S_RXL_CO^|^659^|^20171010^|^20170317^|^20170727
Dataupsell^|^685^|^649^|^2345^|^MCC_3332^|^03_TMU_S_RXL_CO^|^660^|^20170226^|^20170626^|^20170701
Dataupsell^|^686^|^650^|^2345^|^MCC_3332^|^03_TMU_S_RXL_CO^|^661^|^20170305^|^20170504^|^20170409
Dataupsell^|^687^|^651^|^2345^|^MCC_3332^|^03_TMU_S_RXL_CO^|^662^|^20170117^|^20170819^|^20170625
Dataupsell^|^688^|^652^|^2345^|^MCC_3332^|^03_TMU_S_RXL_CO^|^663^|^20170108^|^20170627^|^20171012
Dataupsell^|^689^|^653^|^2345^|^MCC_3332^|^03_TMU_S_RXL_CO^|^664^|^20170630^|^20170415^|^20170622
Dataupsell^|^690^|^654^|^2345^|^MCC_3332^|^03_TMU_S_RXL_CO^|^665^|^20170612^|^20170114^|^20170418
Dataupsell^|^691^|^655^|^2345^|^MCC_3332^|^03_TMU_S_RXL_CO^|^666^|^20161203^|^20170621^|^20170823
Dataupsell^|^692^|^656^|^2345^|^MCC_3332^|^03_TMU_S_RXL_CO^|^667^|^20170415^|^20170123^|^20170928
Dataupsell^|^693^|^657^|^2345^|^MCC_3332^|^03_TMU_S_RXL_CO^|^668^|^20170210^|^20170709^|^20170321
Dataupsell^|^694^|^658^|^2345^|^MCC_3332^|^03_TMU_S_RXL_CO^|^669^|^20161223^|^20170501^|^20170426
Dataupsell^|^695^|^659^|^2345^|^MCC_3332^|^03_TMU_S_RXL_CO^|^670^|^20170829^|^20161219^|^20161221
Dataupsell^|^696^|^660^|^2345^|^MCC_3332^|^03_TMU_S_RXL_CO^|^671^|^20170508^|^20170702^|^20170601
Dataupsell^|^697^|^661^|^2345^|^MCC_3332^|^03_TMU_S_RXL_CO^|^672^|^20170329^|^20171114^|^20170528
Dataupsell^|^698^|^662^|^2345^|^MCC_3332^|^03_TMU_S_RXL_CO^|^673^|^20170921^|^20170104^|^20170603
Dataupsell^|^699^|^663^|^2345^|^MCC_3332^|^03_TMU_S_RXL_CO^|^674^|^20170705^|^20170723^|^20171006
Dataupsell^|^700^|^664^|^2345^|^MCC_3332^|^03_TMU_S_RXL_CO^|^675^|^20170922^|^20170620^|^20170107
Dataupsell^|^701^|^665^|^2345^|^MCC_3332^|^03_TMU_S_RXL_CO^|^676^|^20170717^|^20171022^|^20170619
Dataupsell^|^702^|^666^|^2345^|^MCC_3332^|^03_TMU_S_RXL_CO^|^677^|^20170426^|^20170708^|^20161120
Dataupsell^|^703^|^667^|^2345^|^MCC_3332^|^03_TMU_S_RXL_CO^|^678^|^20170207^|^20170213^|^20170323
Dataupsell^|^704^|^668^|^2345^|^MCC_3332^|^03_TMU_S_RXL_CO^|^679^|^20170322^|^20170223^|^20170807
Dataupsell^|^705^|^669^|^2345^|^MCC_3332^|^03_TMU_S_RXL_CO^|^680^|^20170301^|^20170723^|^20170507
Dataupsell^|^706^|^670^|^2345^|^MCC_3332^|^03_TMU_S_RXL_CO^|^681^|^20170305^|^20170621^|^20161214
Dataupsell^|^707^|^671^|^2345^|^MCC_3332^|^03_TMU_S_RXL_CO^|^682^|^20171003^|^20170818^|^20170324
Dataupsell^|^708^|^672^|^2345^|^MCC_3332^|^03_TMU_S_RXL_CO^|^683^|^20171104^|^20170811^|^20170612
Dataupsell^|^709^|^673^|^2345^|^MCC_3332^|^03_TMU_S_RXL_CO^|^684^|^20171112^|^20170812^|^20170307
Dataupsell^|^710^|^674^|^2345^|^MCC_3332^|^03_TMU_S_RXL_CO^|^685^|^20171031^|^20170225^|^20170405
Dataupsell^|^711^|^675^|^2345^|^MCC_3332^|^03_TMU_S_RXL_CO^|^686^|^20170222^|^20170124^|^20170119
Dataupsell^|^712^|^676^|^2345^|^MCC_3332^|^03_TMU_S_RXL_CO^|^687^|^20170515^|^20170301^|^20170827
Dataupsell^|^713^|^677^|^2345^|^MCC_3332^|^03_TMU_S_RXL_CO^|^688^|^20170926^|^20170731^|^20170912
Dataupsell^|^714^|^678^|^2345^|^MCC_3332^|^03_TMU_S_RXL_CO^|^689^|^20171106^|^20170811^|^20170621
Dataupsell^|^715^|^679^|^2345^|^MCC_3332^|^03_TMU_S_RXL_CO^|^690^|^20171029^|^20170102^|^20170904
Dataupsell^|^716^|^680^|^2345^|^MCC_3332^|^03_TMU_S_RXL_CO^|^691^|^20170125^|^20170418^|^20170304
Dataupsell^|^717^|^681^|^2345^|^MCC_3332^|^03_TMU_S_RXL_CO^|^692^|^20170218^|^20170425^|^20170204
Dataupsell^|^718^|^682^|^2345^|^MCC_3332^|^03_TMU_S_RXL_CO^|^693^|^20171112^|^20170824^|^20170907
Dataupsell^|^719^|^683^|^2345^|^MCC_3332^|^03_TMU_S_RXL_CO^|^694^|^20170930^|^20170414^|^20171022
Dataupsell^|^720^|^684^|^2345^|^MCC_3332^|^03_TMU_S_RXL_CO^|^695^|^20170129^|^20170728^|^20161219
Dataupsell^|^721^|^685^|^2345^|^MCC_3332^|^03_TMU_S_RXL_CO^|^696^|^20171003^|^20170917^|^20170317
Dataupsell^|^722^|^686^|^2345^|^MCC_3332^|^03_TMU_S_RXL_CO^|^697^|^20170209^|^20170113^|^20170205
Dataupsell^|^723^|^687^|^2345^|^MCC_3332^|^03_TMU_S_RXL_CO^|^698^|^20170923^|^20170627^|^20170601
Dataupsell^|^724^|^688^|^2345^|^MCC_3332^|^03_TMU_S_RXL_CO^|^699^|^20170504^|^20170212^|^20170501
Dataupsell^|^725^|^689^|^2345^|^MCC_3332^|^03_TMU_S_RXL_CO^|^700^|^20161224^|^20170216^|^20170824
Dataupsell^|^726^|^690^|^2345^|^MCC_3332^|^03_TMU_S_RXL_CO^|^701^|^20170714^|^20170421^|^20170615
Dataupsell^|^727^|^691^|^2345^|^MCC_3332^|^03_TMU_S_RXL_CO^|^702^|^20170829^|^20170523^|^20170614
Dataupsell^|^728^|^692^|^2345^|^MCC_3332^|^03_TMU_S_RXL_CO^|^703^|^20170104^|^20170216^|^20170818
Dataupsell^|^729^|^693^|^2345^|^MCC_3332^|^03_TMU_S_RXL_CO^|^704^|^20161126^|^20170329^|^20161221
Dataupsell^|^730^|^694^|^2345^|^MCC_3332^|^03_TMU_S_RXL_CO^|^705^|^20170914^|^20170701^|^20170930
Dataupsell^|^731^|^695^|^2345^|^MCC_3332^|^03_TMU_S_RXL_CO^|^706^|^20170817^|^20170821^|^20170722
Dataupsell^|^732^|^696^|^2345^|^MCC_3332^|^03_TMU_S_RXL_CO^|^707^|^20161222^|^20170412^|^20171016
Dataupsell^|^733^|^697^|^2345^|^MCC_3332^|^03_TMU_S_RXL_CO^|^708^|^20170419^|^20170526^|^20171014
Dataupsell^|^734^|^698^|^2345^|^MCC_3332^|^03_TMU_S_RXL_CO^|^709^|^20170602^|^20171029^|^20170721
Dataupsell^|^735^|^699^|^2345^|^MCC_3332^|^03_TMU_S_RXL_CO^|^710^|^20170516^|^20161213^|^20170725
Dataupsell^|^736^|^700^|^2345^|^MCC_3332^|^03_TMU_S_RXL_CO^|^711^|^20170530^|^20171010^|^20170323
Dataupsell^|^737^|^701^|^2345^|^MCC_3332^|^03_TMU_S_RXL_CO^|^712^|^20170618^|^20171017^|^20161122
Dataupsell^|^738^|^702^|^2345^|^MCC_3332^|^03_TMU_S_RXL_CO^|^713^|^20170222^|^20161223^|^20171104
Dataupsell^|^739^|^703^|^2345^|^MCC_3332^|^03_TMU_S_RXL_CO^|^714^|^20161221^|^20170504^|^20170107
Dataupsell^|^740^|^704^|^2345^|^MCC_3332^|^03_TMU_S_RXL_CO^|^715^|^20170605^|^20170823^|^20170128
Dataupsell^|^741^|^705^|^2345^|^MCC_3332^|^03_TMU_S_RXL_CO^|^716^|^20170629^|^20170306^|^20170320
Dataupsell^|^742^|^706^|^2345^|^MCC_3332^|^03_TMU_S_RXL_CO^|^717^|^20170714^|^20170124^|^20170204
Dataupsell^|^743^|^707^|^2345^|^MCC_3332^|^03_TMU_S_RXL_CO^|^718^|^20170701^|^20170413^|^20170510
Dataupsell^|^744^|^708^|^2345^|^MCC_3332^|^03_TMU_S_RXL_CO^|^719^|^20170307^|^20170402^|^20170113
Dataupsell^|^745^|^709^|^2345^|^MCC_3332^|^03_TMU_S_RXL_CO^|^720^|^20170815^|^20170911^|^20170308
Dataupsell^|^746^|^710^|^2345^|^MCC_3332^|^03_TMU_S_RXL_CO^|^721^|^20170121^|^20161222^|^20170216
Dataupsell^|^747^|^711^|^2345^|^MCC_3332^|^03_TMU_S_RXL_CO^|^722^|^20161129^|^20171113^|^20170828
Dataupsell^|^748^|^712^|^2345^|^MCC_3332^|^03_TMU_S_RXL_CO^|^723^|^20170317^|^20170319^|^20171108
Dataupsell^|^749^|^713^|^2345^|^MCC_3332^|^03_TMU_S_RXL_CO^|^724^|^20171002^|^20170915^|^20170422
Dataupsell^|^750^|^714^|^2345^|^MCC_3332^|^03_TMU_S_RXL_CO^|^725^|^20161201^|^20170826^|^20171007
Dataupsell^|^751^|^715^|^2345^|^MCC_3332^|^03_TMU_S_RXL_CO^|^726^|^20170404^|^20170114^|^20170208
Dataupsell^|^752^|^716^|^2345^|^MCC_3332^|^03_TMU_S_RXL_CO^|^727^|^20161222^|^20170929^|^20170110
Dataupsell^|^753^|^717^|^2345^|^MCC_3332^|^03_TMU_S_RXL_CO^|^728^|^20170803^|^20170530^|^20171006
Dataupsell^|^754^|^718^|^2345^|^MCC_3332^|^03_TMU_S_RXL_CO^|^729^|^20170321^|^20170618^|^20170406
Dataupsell^|^755^|^719^|^2345^|^MCC_3332^|^03_TMU_S_RXL_CO^|^730^|^20170413^|^20171118^|^20170222
Dataupsell^|^756^|^720^|^2345^|^MCC_3332^|^03_TMU_S_RXL_CO^|^731^|^20170820^|^20170327^|^20171002
Dataupsell^|^757^|^721^|^2345^|^MCC_3332^|^03_TMU_S_RXL_CO^|^732^|^20170528^|^20170412^|^20170717
Dataupsell^|^758^|^722^|^2345^|^MCC_3332^|^03_TMU_S_RXL_CO^|^733^|^20170302^|^20170303^|^20161221
Dataupsell^|^759^|^723^|^2345^|^MCC_3332^|^03_TMU_S_RXL_CO^|^734^|^20170730^|^20171012^|^20170922
Dataupsell^|^760^|^724^|^2345^|^MCC_3332^|^03_TMU_S_RXL_CO^|^735^|^20170923^|^20170608^|^20171018
Dataupsell^|^761^|^725^|^2345^|^MCC_3332^|^03_TMU_S_RXL_CO^|^736^|^20170703^|^20161230^|^20170116
Dataupsell^|^762^|^726^|^2345^|^MCC_3332^|^03_TMU_S_RXL_CO^|^737^|^20161122^|^20170826^|^20170930
Dataupsell^|^763^|^727^|^2345^|^MCC_3332^|^03_TMU_S_RXL_CO^|^738^|^20170326^|^20170307^|^20170403
Dataupsell^|^764^|^728^|^2345^|^MCC_3332^|^03_TMU_S_RXL_CO^|^739^|^20170719^|^20170331^|^20170807
Dataupsell^|^765^|^729^|^2345^|^MCC_3332^|^03_TMU_S_RXL_CO^|^740^|^20170502^|^20161210^|^20170615
Dataupsell^|^766^|^730^|^2345^|^MCC_3332^|^03_TMU_S_RXL_CO^|^741^|^20170714^|^20170320^|^20170823
Dataupsell^|^767^|^731^|^2345^|^MCC_3332^|^03_TMU_S_RXL_CO^|^742^|^20170325^|^20170703^|^20170516
Dataupsell^|^768^|^732^|^2345^|^MCC_3332^|^03_TMU_S_RXL_CO^|^743^|^20170219^|^20170717^|^20170721
Dataupsell^|^769^|^733^|^2345^|^MCC_3332^|^03_TMU_S_RXL_CO^|^744^|^20170212^|^20171008^|^20171001
Dataupsell^|^770^|^734^|^2345^|^MCC_3332^|^03_TMU_S_RXL_CO^|^745^|^20170208^|^20170413^|^20170903
Dataupsell^|^771^|^735^|^2345^|^MCC_3332^|^03_TMU_S_RXL_CO^|^746^|^20170607^|^20171030^|^20170722
Dataupsell^|^772^|^736^|^2345^|^MCC_3332^|^03_TMU_S_RXL_CO^|^747^|^20171109^|^20170403^|^20171029
Dataupsell^|^773^|^737^|^2345^|^MCC_3332^|^03_TMU_S_RXL_CO^|^748^|^20170327^|^20170412^|^20170607
Dataupsell^|^774^|^738^|^2345^|^MCC_3332^|^03_TMU_S_RXL_CO^|^749^|^20170706^|^20171118^|^20170225
Dataupsell^|^775^|^739^|^2345^|^MCC_3332^|^03_TMU_S_RXL_CO^|^750^|^20170523^|^20170606^|^20170219
Dataupsell^|^776^|^740^|^2345^|^MCC_3332^|^03_TMU_S_RXL_CO^|^751^|^20170604^|^20170909^|^20170219
Dataupsell^|^777^|^741^|^2345^|^MCC_3332^|^03_TMU_S_RXL_CO^|^752^|^20170330^|^20171105^|^20161213
Dataupsell^|^778^|^742^|^2345^|^MCC_3332^|^03_TMU_S_RXL_CO^|^753^|^20170126^|^20170508^|^20170329
Dataupsell^|^779^|^743^|^2345^|^MCC_3332^|^03_TMU_S_RXL_CO^|^754^|^20170629^|^20170204^|^20170429
Dataupsell^|^780^|^744^|^2345^|^MCC_3332^|^03_TMU_S_RXL_CO^|^755^|^20170812^|^20171114^|^20170615
Dataupsell^|^781^|^745^|^2345^|^MCC_3332^|^03_TMU_S_RXL_CO^|^756^|^20170927^|^20170217^|^20170821
Dataupsell^|^782^|^746^|^2345^|^MCC_3332^|^03_TMU_S_RXL_CO^|^757^|^20170201^|^20170929^|^20171002
Dataupsell^|^783^|^747^|^2345^|^MCC_3332^|^03_TMU_S_RXL_CO^|^758^|^20170322^|^20170517^|^20170729
Dataupsell^|^784^|^748^|^2345^|^MCC_3332^|^03_TMU_S_RXL_CO^|^759^|^20170904^|^20170612^|^20170517
Dataupsell^|^785^|^749^|^2345^|^MCC_3332^|^03_TMU_S_RXL_CO^|^760^|^20161203^|^20170107^|^20170702
Dataupsell^|^786^|^750^|^2345^|^MCC_3332^|^03_TMU_S_RXL_CO^|^761^|^20170103^|^20170907^|^20170329
Dataupsell^|^787^|^751^|^2345^|^MCC_3332^|^03_TMU_S_RXL_CO^|^762^|^20170826^|^20161130^|^20171012
Dataupsell^|^788^|^752^|^2345^|^MCC_3332^|^03_TMU_S_RXL_CO^|^763^|^20170725^|^20170519^|^20170204
Dataupsell^|^789^|^753^|^2345^|^MCC_3332^|^03_TMU_S_RXL_CO^|^764^|^20170518^|^20170908^|^20171024
Dataupsell^|^790^|^754^|^2345^|^MCC_3332^|^03_TMU_S_RXL_CO^|^765^|^20161211^|^20170426^|^20170808
Dataupsell^|^791^|^755^|^2345^|^MCC_3332^|^03_TMU_S_RXL_CO^|^766^|^20170711^|^20170123^|^20170827
Dataupsell^|^792^|^756^|^2345^|^MCC_3332^|^03_TMU_S_RXL_CO^|^767^|^20170816^|^20170320^|^20171113
Dataupsell^|^793^|^757^|^2345^|^MCC_3332^|^03_TMU_S_RXL_CO^|^768^|^20171107^|^20170709^|^20170821
Dataupsell^|^794^|^758^|^2345^|^MCC_3332^|^03_TMU_S_RXL_CO^|^769^|^20170911^|^20170816^|^20170412
Dataupsell^|^795^|^759^|^2345^|^MCC_3332^|^03_TMU_S_RXL_CO^|^770^|^20170403^|^20170406^|^20171004
Dataupsell^|^796^|^760^|^2345^|^MCC_3332^|^03_TMU_S_RXL_CO^|^771^|^20170130^|^20170212^|^20170113
Dataupsell^|^797^|^761^|^2345^|^MCC_3332^|^03_TMU_S_RXL_CO^|^772^|^20170205^|^20161220^|^20170905
Dataupsell^|^798^|^762^|^2345^|^MCC_3332^|^03_TMU_S_RXL_CO^|^773^|^20170120^|^20170121^|^20170919
Dataupsell^|^799^|^763^|^2345^|^MCC_3332^|^03_TMU_S_RXL_CO^|^774^|^20161209^|^20170311^|^20170819
Dataupsell^|^800^|^764^|^2345^|^MCC_3332^|^03_TMU_S_RXL_CO^|^775^|^20170509^|^20170327^|^20170530
Dataupsell^|^801^|^765^|^2345^|^MCC_3332^|^03_TMU_S_RXL_CO^|^776^|^20170913^|^20170219^|^20171102
Dataupsell^|^802^|^766^|^2345^|^MCC_3332^|^03_TMU_S_RXL_CO^|^777^|^20170822^|^20170223^|^20170424
Dataupsell^|^803^|^767^|^2345^|^MCC_3332^|^03_TMU_S_RXL_CO^|^778^|^20170831^|^20170715^|^20170331
Dataupsell^|^804^|^768^|^2345^|^MCC_3332^|^03_TMU_S_RXL_CO^|^779^|^20171115^|^20170422^|^20170712
Dataupsell^|^805^|^769^|^2345^|^MCC_3332^|^03_TMU_S_RXL_CO^|^780^|^20170907^|^20170726^|^20170131
Dataupsell^|^806^|^770^|^2345^|^MCC_3332^|^03_TMU_S_RXL_CO^|^781^|^20170727^|^20170628^|^20171010
Dataupsell^|^807^|^771^|^2345^|^MCC_3332^|^03_TMU_S_RXL_CO^|^782^|^20171006^|^20171025^|^20170117
Dataupsell^|^808^|^772^|^2345^|^MCC_3332^|^03_TMU_S_RXL_CO^|^783^|^20171013^|^20170627^|^20171103
Dataupsell^|^809^|^773^|^2345^|^MCC_3332^|^03_TMU_S_RXL_CO^|^784^|^20170430^|^20161130^|^20170701
Dataupsell^|^810^|^774^|^2345^|^MCC_3332^|^03_TMU_S_RXL_CO^|^785^|^20170714^|^20161204^|^20170728
Dataupsell^|^811^|^775^|^2345^|^MCC_3332^|^03_TMU_S_RXL_CO^|^786^|^20170217^|^20170325^|^20170117
Dataupsell^|^812^|^776^|^2345^|^MCC_3332^|^03_TMU_S_RXL_CO^|^787^|^20170822^|^20170511^|^20170115
Dataupsell^|^813^|^777^|^2345^|^MCC_3332^|^03_TMU_S_RXL_CO^|^788^|^20170920^|^20171022^|^20170102
Dataupsell^|^814^|^778^|^2345^|^MCC_3332^|^03_TMU_S_RXL_CO^|^789^|^20170907^|^20170705^|^20170615
Dataupsell^|^815^|^779^|^2345^|^MCC_3332^|^03_TMU_S_RXL_CO^|^790^|^20170409^|^20171001^|^20170307
Dataupsell^|^816^|^780^|^2345^|^MCC_3332^|^03_TMU_S_RXL_CO^|^791^|^20170912^|^20170321^|^20161227
Dataupsell^|^817^|^781^|^2345^|^MCC_3332^|^03_TMU_S_RXL_CO^|^792^|^20161228^|^20170718^|^20170107
Dataupsell^|^818^|^782^|^2345^|^MCC_3332^|^03_TMU_S_RXL_CO^|^793^|^20170319^|^20170417^|^20170405
Dataupsell^|^819^|^783^|^2345^|^MCC_3332^|^03_TMU_S_RXL_CO^|^794^|^20170914^|^20170512^|^20170826
Dataupsell^|^820^|^784^|^2345^|^MCC_3332^|^03_TMU_S_RXL_CO^|^795^|^20170731^|^20170708^|^20170419
Dataupsell^|^821^|^785^|^2345^|^MCC_3332^|^03_TMU_S_RXL_CO^|^796^|^20170414^|^20170409^|^20161203
Dataupsell^|^822^|^786^|^2345^|^MCC_3332^|^03_TMU_S_RXL_CO^|^797^|^20171005^|^20170509^|^20171007
Dataupsell^|^823^|^787^|^2345^|^MCC_3332^|^03_TMU_S_RXL_CO^|^798^|^20170105^|^20171111^|^20170609
Dataupsell^|^824^|^788^|^2345^|^MCC_3332^|^03_TMU_S_RXL_CO^|^799^|^20170312^|^20170805^|^20170401
Dataupsell^|^825^|^789^|^2345^|^MCC_3332^|^03_TMU_S_RXL_CO^|^800^|^20170715^|^20170522^|^20170606
Dataupsell^|^826^|^790^|^2345^|^MCC_3332^|^03_TMU_S_RXL_CO^|^801^|^20170507^|^20170427^|^20170823
Dataupsell^|^827^|^791^|^2345^|^MCC_3332^|^03_TMU_S_RXL_CO^|^802^|^20170311^|^20171118^|^20170620
Dataupsell^|^828^|^792^|^2345^|^MCC_3332^|^03_TMU_S_RXL_CO^|^803^|^20170731^|^20171021^|^20170409
Dataupsell^|^829^|^793^|^2345^|^MCC_3332^|^03_TMU_S_RXL_CO^|^804^|^20170120^|^20170624^|^20170407
Dataupsell^|^830^|^794^|^2345^|^MCC_3332^|^03_TMU_S_RXL_CO^|^805^|^20170131^|^20171117^|^20170912
Dataupsell^|^831^|^795^|^2345^|^MCC_3332^|^03_TMU_S_RXL_CO^|^806^|^20170914^|^20170323^|^20170911
Dataupsell^|^832^|^796^|^2345^|^MCC_3332^|^03_TMU_S_RXL_CO^|^807^|^20170328^|^20161223^|^20170509
Dataupsell^|^833^|^797^|^2345^|^MCC_3332^|^03_TMU_S_RXL_CO^|^808^|^20170310^|^20170304^|^20170314
Dataupsell^|^834^|^798^|^2345^|^MCC_3332^|^03_TMU_S_RXL_CO^|^809^|^20170915^|^20170904^|^20170627
Dataupsell^|^835^|^799^|^2345^|^MCC_3332^|^03_TMU_S_RXL_CO^|^810^|^20170127^|^20170701^|^20171105
Dataupsell^|^836^|^800^|^2345^|^MCC_3332^|^03_TMU_S_RXL_CO^|^811^|^20170307^|^20161221^|^20170730
Dataupsell^|^837^|^801^|^2345^|^MCC_3332^|^03_TMU_S_RXL_CO^|^812^|^20170505^|^20170516^|^20171116
Dataupsell^|^838^|^802^|^2345^|^MCC_3332^|^03_TMU_S_RXL_CO^|^813^|^20170610^|^20161212^|^20170808
Dataupsell^|^839^|^803^|^2345^|^MCC_3332^|^03_TMU_S_RXL_CO^|^814^|^20170702^|^20171019^|^20170720
Dataupsell^|^840^|^804^|^2345^|^MCC_3332^|^03_TMU_S_RXL_CO^|^815^|^20170503^|^20170805^|^20170624
Dataupsell^|^841^|^805^|^2345^|^MCC_3332^|^03_TMU_S_RXL_CO^|^816^|^20170805^|^20171014^|^20170503
Dataupsell^|^842^|^806^|^2345^|^MCC_3332^|^03_TMU_S_RXL_CO^|^817^|^20171020^|^20170208^|^20171025
Dataupsell^|^843^|^807^|^2345^|^MCC_3332^|^03_TMU_S_RXL_CO^|^818^|^20170929^|^20170728^|^20170522
Dataupsell^|^844^|^808^|^2345^|^MCC_3332^|^03_TMU_S_RXL_CO^|^819^|^20170325^|^20170929^|^20171026
Dataupsell^|^845^|^809^|^2345^|^MCC_3332^|^03_TMU_S_RXL_CO^|^820^|^20170214^|^20170224^|^20161228
Dataupsell^|^846^|^810^|^2345^|^MCC_3332^|^03_TMU_S_RXL_CO^|^821^|^20171119^|^20170603^|^20170315
Dataupsell^|^847^|^811^|^2345^|^MCC_3332^|^03_TMU_S_RXL_CO^|^822^|^20171104^|^20170217^|^20170219
Dataupsell^|^848^|^812^|^2345^|^MCC_3332^|^03_TMU_S_RXL_CO^|^823^|^20170306^|^20170121^|^20170427
Dataupsell^|^849^|^813^|^2345^|^MCC_3332^|^03_TMU_S_RXL_CO^|^824^|^20171106^|^20171104^|^20170817
Dataupsell^|^850^|^814^|^2345^|^MCC_3332^|^03_TMU_S_RXL_CO^|^825^|^20170325^|^20170609^|^20171013
Dataupsell^|^851^|^815^|^2345^|^MCC_3332^|^03_TMU_S_RXL_CO^|^826^|^20170225^|^20171030^|^20170528
Dataupsell^|^852^|^816^|^2345^|^MCC_3332^|^03_TMU_S_RXL_CO^|^827^|^20171024^|^20171010^|^20170707
Dataupsell^|^853^|^817^|^2345^|^MCC_3332^|^03_TMU_S_RXL_CO^|^828^|^20171021^|^20170811^|^20170727
Dataupsell^|^854^|^818^|^2345^|^MCC_3332^|^03_TMU_S_RXL_CO^|^829^|^20170929^|^20161202^|^20170209
Dataupsell^|^855^|^819^|^2345^|^MCC_3332^|^03_TMU_S_RXL_CO^|^830^|^20170923^|^20170301^|^20170415
Dataupsell^|^856^|^820^|^2345^|^MCC_3332^|^03_TMU_S_RXL_CO^|^831^|^20170907^|^20170908^|^20161219
Dataupsell^|^857^|^821^|^2345^|^MCC_3332^|^03_TMU_S_RXL_CO^|^832^|^20170326^|^20170708^|^20161202
Dataupsell^|^858^|^822^|^2345^|^MCC_3332^|^03_TMU_S_RXL_CO^|^833^|^20170308^|^20171029^|^20170731
Dataupsell^|^859^|^823^|^2345^|^MCC_3332^|^03_TMU_S_RXL_CO^|^834^|^20161206^|^20161124^|^20170529
Dataupsell^|^860^|^824^|^2345^|^MCC_3332^|^03_TMU_S_RXL_CO^|^835^|^20170422^|^20161204^|^20170729
Dataupsell^|^861^|^825^|^2345^|^MCC_3332^|^03_TMU_S_RXL_CO^|^836^|^20161229^|^20170520^|^20170418
Dataupsell^|^862^|^826^|^2345^|^MCC_3332^|^03_TMU_S_RXL_CO^|^837^|^20170607^|^20170204^|^20170312
Dataupsell^|^863^|^827^|^2345^|^MCC_3332^|^03_TMU_S_RXL_CO^|^838^|^20170511^|^20170721^|^20170423
Dataupsell^|^864^|^828^|^2345^|^MCC_3332^|^03_TMU_S_RXL_CO^|^839^|^20170630^|^20171011^|^20170801
Dataupsell^|^865^|^829^|^2345^|^MCC_3332^|^03_TMU_S_RXL_CO^|^840^|^20170301^|^20170807^|^20170429
Dataupsell^|^866^|^830^|^2345^|^MCC_3332^|^03_TMU_S_RXL_CO^|^841^|^20170905^|^20170501^|^20170110
Dataupsell^|^867^|^831^|^2345^|^MCC_3332^|^03_TMU_S_RXL_CO^|^842^|^20171022^|^20170915^|^20170114
Dataupsell^|^868^|^832^|^2345^|^MCC_3332^|^03_TMU_S_RXL_CO^|^843^|^20171010^|^20170514^|^20170401
Dataupsell^|^869^|^833^|^2345^|^MCC_3332^|^03_TMU_S_RXL_CO^|^844^|^20170728^|^20171029^|^20170120
Dataupsell^|^870^|^834^|^2345^|^MCC_3332^|^03_TMU_S_RXL_CO^|^845^|^20170323^|^20170802^|^20171104
Dataupsell^|^871^|^835^|^2345^|^MCC_3332^|^03_TMU_S_RXL_CO^|^846^|^20170405^|^20170529^|^20170112
Dataupsell^|^872^|^836^|^2345^|^MCC_3332^|^03_TMU_S_RXL_CO^|^847^|^20170404^|^20170328^|^20171016
Dataupsell^|^873^|^837^|^2345^|^MCC_3332^|^03_TMU_S_RXL_CO^|^848^|^20170804^|^20170215^|^20170107
Dataupsell^|^874^|^838^|^2345^|^MCC_3332^|^03_TMU_S_RXL_CO^|^849^|^20171004^|^20170904^|^20170318
Dataupsell^|^875^|^839^|^2345^|^MCC_3332^|^03_TMU_S_RXL_CO^|^850^|^20170820^|^20170709^|^20170602
Dataupsell^|^876^|^840^|^2345^|^MCC_3332^|^03_TMU_S_RXL_CO^|^851^|^20170731^|^20170514^|^20170121
Dataupsell^|^877^|^841^|^2345^|^MCC_3332^|^03_TMU_S_RXL_CO^|^852^|^20161122^|^20170809^|^20171116
Dataupsell^|^878^|^842^|^2345^|^MCC_3332^|^03_TMU_S_RXL_CO^|^853^|^20161122^|^20170926^|^20171114
Dataupsell^|^879^|^843^|^2345^|^MCC_3332^|^03_TMU_S_RXL_CO^|^854^|^20170312^|^20161223^|^20170916
Dataupsell^|^880^|^844^|^2345^|^MCC_3332^|^03_TMU_S_RXL_CO^|^855^|^20171110^|^20171024^|^20170705
Dataupsell^|^881^|^845^|^2345^|^MCC_3332^|^03_TMU_S_RXL_CO^|^856^|^20170317^|^20170818^|^20170921
Dataupsell^|^882^|^846^|^2345^|^MCC_3332^|^03_TMU_S_RXL_CO^|^857^|^20170728^|^20170807^|^20170318
Dataupsell^|^883^|^847^|^2345^|^MCC_3332^|^03_TMU_S_RXL_CO^|^858^|^20170316^|^20170626^|^20170404
Dataupsell^|^884^|^848^|^2345^|^MCC_3332^|^03_TMU_S_RXL_CO^|^859^|^20170728^|^20170421^|^20170913
Dataupsell^|^885^|^849^|^2345^|^MCC_3332^|^03_TMU_S_RXL_CO^|^860^|^20170827^|^20171008^|^20170303
Dataupsell^|^886^|^850^|^2345^|^MCC_3332^|^03_TMU_S_RXL_CO^|^861^|^20170315^|^20170701^|^20170719
Dataupsell^|^887^|^851^|^2345^|^MCC_3332^|^03_TMU_S_RXL_CO^|^862^|^20161218^|^20170113^|^20170509
Dataupsell^|^888^|^852^|^2345^|^MCC_3332^|^03_TMU_S_RXL_CO^|^863^|^20170827^|^20170215^|^20170130
Dataupsell^|^889^|^853^|^2345^|^MCC_3332^|^03_TMU_S_RXL_CO^|^864^|^20170102^|^20170612^|^20170422
Dataupsell^|^890^|^854^|^2345^|^MCC_3332^|^03_TMU_S_RXL_CO^|^865^|^20170809^|^20171110^|^20170819
Dataupsell^|^891^|^855^|^2345^|^MCC_3332^|^03_TMU_S_RXL_CO^|^866^|^20161213^|^20171111^|^20170902
Dataupsell^|^892^|^856^|^2345^|^MCC_3332^|^03_TMU_S_RXL_CO^|^867^|^20170215^|^20170901^|^20161218
Dataupsell^|^893^|^857^|^2345^|^MCC_3332^|^03_TMU_S_RXL_CO^|^868^|^20170402^|^20170205^|^20170602
Dataupsell^|^894^|^858^|^2345^|^MCC_3332^|^03_TMU_S_RXL_CO^|^869^|^20170611^|^20171101^|^20170407
Dataupsell^|^895^|^859^|^2345^|^MCC_3332^|^03_TMU_S_RXL_CO^|^870^|^20170919^|^20170411^|^20171010
Dataupsell^|^896^|^860^|^2345^|^MCC_3332^|^03_TMU_S_RXL_CO^|^871^|^20170717^|^20170418^|^20171023
Dataupsell^|^897^|^861^|^2345^|^MCC_3332^|^03_TMU_S_RXL_CO^|^872^|^20170727^|^20171111^|^20170407
Dataupsell^|^898^|^862^|^2345^|^MCC_3332^|^03_TMU_S_RXL_CO^|^873^|^20170602^|^20170703^|^20170202
Dataupsell^|^899^|^863^|^2345^|^MCC_3332^|^03_TMU_S_RXL_CO^|^874^|^20170929^|^20171026^|^20170112
Dataupsell^|^900^|^864^|^2345^|^MCC_3332^|^03_TMU_S_RXL_CO^|^875^|^20170830^|^20170113^|^20170912
Dataupsell^|^901^|^865^|^2345^|^MCC_3332^|^03_TMU_S_RXL_CO^|^876^|^20170210^|^20170725^|^20170525
Dataupsell^|^902^|^866^|^2345^|^MCC_3332^|^03_TMU_S_RXL_CO^|^877^|^20170212^|^20170802^|^20171109
Dataupsell^|^903^|^867^|^2345^|^MCC_3332^|^03_TMU_S_RXL_CO^|^878^|^20170225^|^20171012^|^20171105
Dataupsell^|^904^|^868^|^2345^|^MCC_3332^|^03_TMU_S_RXL_CO^|^879^|^20171103^|^20170705^|^20170505
Dataupsell^|^905^|^869^|^2345^|^MCC_3332^|^03_TMU_S_RXL_CO^|^880^|^20170915^|^20171108^|^20170805
Dataupsell^|^906^|^870^|^2345^|^MCC_3332^|^03_TMU_S_RXL_CO^|^881^|^20170518^|^20170901^|^20170311
Dataupsell^|^907^|^871^|^2345^|^MCC_3332^|^03_TMU_S_RXL_CO^|^882^|^20170906^|^20170526^|^20170522
Dataupsell^|^908^|^872^|^2345^|^MCC_3332^|^03_TMU_S_RXL_CO^|^883^|^20170515^|^20170713^|^20170726
Dataupsell^|^909^|^873^|^2345^|^MCC_3332^|^03_TMU_S_RXL_CO^|^884^|^20170403^|^20170204^|^20170218
Dataupsell^|^910^|^874^|^2345^|^MCC_3332^|^03_TMU_S_RXL_CO^|^885^|^20170508^|^20170817^|^20170121
Dataupsell^|^911^|^875^|^2345^|^MCC_3332^|^03_TMU_S_RXL_CO^|^886^|^20170615^|^20170329^|^20170314
Dataupsell^|^912^|^876^|^2345^|^MCC_3332^|^03_TMU_S_RXL_CO^|^887^|^20161120^|^20171109^|^20170420
Dataupsell^|^913^|^877^|^2345^|^MCC_3332^|^03_TMU_S_RXL_CO^|^888^|^20161202^|^20170220^|^20170303
Dataupsell^|^914^|^878^|^2345^|^MCC_3332^|^03_TMU_S_RXL_CO^|^889^|^20170918^|^20170331^|^20170213
Dataupsell^|^915^|^879^|^2345^|^MCC_3332^|^03_TMU_S_RXL_CO^|^890^|^20171105^|^20171107^|^20170612
Dataupsell^|^916^|^880^|^2345^|^MCC_3332^|^03_TMU_S_RXL_CO^|^891^|^20171118^|^20170924^|^20170923
Dataupsell^|^917^|^881^|^2345^|^MCC_3332^|^03_TMU_S_RXL_CO^|^892^|^20171103^|^20170827^|^20170605
Dataupsell^|^918^|^882^|^2345^|^MCC_3332^|^03_TMU_S_RXL_CO^|^893^|^20170121^|^20171106^|^20170730
Dataupsell^|^919^|^883^|^2345^|^MCC_3332^|^03_TMU_S_RXL_CO^|^894^|^20170730^|^20171118^|^20170401
Dataupsell^|^920^|^884^|^2345^|^MCC_3332^|^03_TMU_S_RXL_CO^|^895^|^20170719^|^20170813^|^20170502
Dataupsell^|^921^|^885^|^2345^|^MCC_3332^|^03_TMU_S_RXL_CO^|^896^|^20170417^|^20170706^|^20161224
Dataupsell^|^922^|^886^|^2345^|^MCC_3332^|^03_TMU_S_RXL_CO^|^897^|^20170813^|^20170527^|^20161230
Dataupsell^|^923^|^887^|^2345^|^MCC_3332^|^03_TMU_S_RXL_CO^|^898^|^20170709^|^20171020^|^20170607
Dataupsell^|^924^|^888^|^2345^|^MCC_3332^|^03_TMU_S_RXL_CO^|^899^|^20170902^|^20170927^|^20170414
Dataupsell^|^925^|^889^|^2345^|^MCC_3332^|^03_TMU_S_RXL_CO^|^900^|^20170911^|^20170218^|^20171119
Dataupsell^|^926^|^890^|^2345^|^MCC_3332^|^03_TMU_S_RXL_CO^|^901^|^20170409^|^20170107^|^20161214
Dataupsell^|^927^|^891^|^2345^|^MCC_3332^|^03_TMU_S_RXL_CO^|^902^|^20170310^|^20170915^|^20170316
Dataupsell^|^928^|^892^|^2345^|^MCC_3332^|^03_TMU_S_RXL_CO^|^903^|^20171003^|^20170715^|^20170915
Dataupsell^|^929^|^893^|^2345^|^MCC_3332^|^03_TMU_S_RXL_CO^|^904^|^20161223^|^20170325^|^20170305
Dataupsell^|^930^|^894^|^2345^|^MCC_3332^|^03_TMU_S_RXL_CO^|^905^|^20170713^|^20170420^|^20170907
Dataupsell^|^931^|^895^|^2345^|^MCC_3332^|^03_TMU_S_RXL_CO^|^906^|^20161216^|^20161126^|^20170113
Dataupsell^|^932^|^896^|^2345^|^MCC_3332^|^03_TMU_S_RXL_CO^|^907^|^20170211^|^20171104^|^20171104
Dataupsell^|^933^|^897^|^2345^|^MCC_3332^|^03_TMU_S_RXL_CO^|^908^|^20170401^|^20171018^|^20170629
Dataupsell^|^934^|^898^|^2345^|^MCC_3332^|^03_TMU_S_RXL_CO^|^909^|^20170412^|^20161228^|^20170127
Dataupsell^|^935^|^899^|^2345^|^MCC_3332^|^03_TMU_S_RXL_CO^|^910^|^20161224^|^20171009^|^20171022
Dataupsell^|^936^|^900^|^2345^|^MCC_3332^|^03_TMU_S_RXL_CO^|^911^|^20170516^|^20170830^|^20161124
Dataupsell^|^937^|^901^|^2345^|^MCC_3332^|^03_TMU_S_RXL_CO^|^912^|^20170409^|^20170501^|^20170803
Dataupsell^|^938^|^902^|^2345^|^MCC_3332^|^03_TMU_S_RXL_CO^|^913^|^20161216^|^20170821^|^20170619
Dataupsell^|^939^|^903^|^2345^|^MCC_3332^|^03_TMU_S_RXL_CO^|^914^|^20170314^|^20161227^|^20170828
Dataupsell^|^940^|^904^|^2345^|^MCC_3332^|^03_TMU_S_RXL_CO^|^915^|^20171108^|^20161121^|^20161204
Dataupsell^|^941^|^905^|^2345^|^MCC_3332^|^03_TMU_S_RXL_CO^|^916^|^20170214^|^20171108^|^20170406
Dataupsell^|^942^|^906^|^2345^|^MCC_3332^|^03_TMU_S_RXL_CO^|^917^|^20170423^|^20170101^|^20170917
Dataupsell^|^943^|^907^|^2345^|^MCC_3332^|^03_TMU_S_RXL_CO^|^918^|^20170614^|^20170614^|^20170510
Dataupsell^|^944^|^908^|^2345^|^MCC_3332^|^03_TMU_S_RXL_CO^|^919^|^20161124^|^20170824^|^20170205
Dataupsell^|^945^|^909^|^2345^|^MCC_3332^|^03_TMU_S_RXL_CO^|^920^|^20170610^|^20161202^|^20161201
Dataupsell^|^946^|^910^|^2345^|^MCC_3332^|^03_TMU_S_RXL_CO^|^921^|^20170407^|^20171030^|^20170710
Dataupsell^|^947^|^911^|^2345^|^MCC_3332^|^03_TMU_S_RXL_CO^|^922^|^20170611^|^20170529^|^20170324
Dataupsell^|^948^|^912^|^2345^|^MCC_3332^|^03_TMU_S_RXL_CO^|^923^|^20170224^|^20170904^|^20170506
Dataupsell^|^949^|^913^|^2345^|^MCC_3332^|^03_TMU_S_RXL_CO^|^924^|^20170314^|^20170704^|^20170426
Dataupsell^|^950^|^914^|^2345^|^MCC_3332^|^03_TMU_S_RXL_CO^|^925^|^20170323^|^20170310^|^20161206
Dataupsell^|^951^|^915^|^2345^|^MCC_3332^|^03_TMU_S_RXL_CO^|^926^|^20161220^|^20170401^|^20170907
Dataupsell^|^952^|^916^|^2345^|^MCC_3332^|^03_TMU_S_RXL_CO^|^927^|^20171029^|^20171024^|^20170312
Dataupsell^|^953^|^917^|^2345^|^MCC_3332^|^03_TMU_S_RXL_CO^|^928^|^20161217^|^20170909^|^20170704
Dataupsell^|^954^|^918^|^2345^|^MCC_3332^|^03_TMU_S_RXL_CO^|^929^|^20171015^|^20170731^|^20171101
Dataupsell^|^955^|^919^|^2345^|^MCC_3332^|^03_TMU_S_RXL_CO^|^930^|^20170912^|^20170430^|^20170927
Dataupsell^|^956^|^920^|^2345^|^MCC_3332^|^03_TMU_S_RXL_CO^|^931^|^20170301^|^20170126^|^20171103
Dataupsell^|^957^|^921^|^2345^|^MCC_3332^|^03_TMU_S_RXL_CO^|^932^|^20170618^|^20170824^|^20170826
Dataupsell^|^958^|^922^|^2345^|^MCC_3332^|^03_TMU_S_RXL_CO^|^933^|^20170122^|^20170731^|^20170909
Dataupsell^|^959^|^923^|^2345^|^MCC_3332^|^03_TMU_S_RXL_CO^|^934^|^20170822^|^20170125^|^20170713
Dataupsell^|^960^|^924^|^2345^|^MCC_3332^|^03_TMU_S_RXL_CO^|^935^|^20170929^|^20171008^|^20170405
Dataupsell^|^961^|^925^|^2345^|^MCC_3332^|^03_TMU_S_RXL_CO^|^936^|^20170904^|^20170119^|^20171031
Dataupsell^|^962^|^926^|^2345^|^MCC_3332^|^03_TMU_S_RXL_CO^|^937^|^20161121^|^20161216^|^20170527
Dataupsell^|^963^|^927^|^2345^|^MCC_3332^|^03_TMU_S_RXL_CO^|^938^|^20170409^|^20170830^|^20171003
Dataupsell^|^964^|^928^|^2345^|^MCC_3332^|^03_TMU_S_RXL_CO^|^939^|^20170630^|^20170607^|^20170610
Dataupsell^|^965^|^929^|^2345^|^MCC_3332^|^03_TMU_S_RXL_CO^|^940^|^20161123^|^20170114^|^20170419
Dataupsell^|^966^|^930^|^2345^|^MCC_3332^|^03_TMU_S_RXL_CO^|^941^|^20170331^|^20170826^|^20170425
Dataupsell^|^967^|^931^|^2345^|^MCC_3332^|^03_TMU_S_RXL_CO^|^942^|^20170720^|^20170423^|^20170314
Dataupsell^|^968^|^932^|^2345^|^MCC_3332^|^03_TMU_S_RXL_CO^|^943^|^20170406^|^20170416^|^20171012
Dataupsell^|^969^|^933^|^2345^|^MCC_3332^|^03_TMU_S_RXL_CO^|^944^|^20170702^|^20170514^|^20161202
Dataupsell^|^970^|^934^|^2345^|^MCC_3332^|^03_TMU_S_RXL_CO^|^945^|^20170814^|^20170324^|^20170623
Dataupsell^|^971^|^935^|^2345^|^MCC_3332^|^03_TMU_S_RXL_CO^|^946^|^20170405^|^20170531^|^20170509
Dataupsell^|^972^|^936^|^2345^|^MCC_3332^|^03_TMU_S_RXL_CO^|^947^|^20161212^|^20170223^|^20170504
Dataupsell^|^973^|^937^|^2345^|^MCC_3332^|^03_TMU_S_RXL_CO^|^948^|^20171020^|^20161216^|^20170305
Dataupsell^|^974^|^938^|^2345^|^MCC_3332^|^03_TMU_S_RXL_CO^|^949^|^20170304^|^20161213^|^20170921
Dataupsell^|^975^|^939^|^2345^|^MCC_3332^|^03_TMU_S_RXL_CO^|^950^|^20170414^|^20170504^|^20170728
Dataupsell^|^976^|^940^|^2345^|^MCC_3332^|^03_TMU_S_RXL_CO^|^951^|^20171004^|^20170505^|^20170405
Dataupsell^|^977^|^941^|^2345^|^MCC_3332^|^03_TMU_S_RXL_CO^|^952^|^20170611^|^20170602^|^20171008
Dataupsell^|^978^|^942^|^2345^|^MCC_3332^|^03_TMU_S_RXL_CO^|^953^|^20170114^|^20170417^|^20161127
Dataupsell^|^979^|^943^|^2345^|^MCC_3332^|^03_TMU_S_RXL_CO^|^954^|^20170517^|^20170817^|^20170108
Dataupsell^|^980^|^944^|^2345^|^MCC_3332^|^03_TMU_S_RXL_CO^|^955^|^20170419^|^20171019^|^20171101
Dataupsell^|^981^|^945^|^2345^|^MCC_3332^|^03_TMU_S_RXL_CO^|^956^|^20171118^|^20171109^|^20171026
Dataupsell^|^982^|^946^|^2345^|^MCC_3332^|^03_TMU_S_RXL_CO^|^957^|^20170525^|^20170519^|^20170808
Dataupsell^|^983^|^947^|^2345^|^MCC_3332^|^03_TMU_S_RXL_CO^|^958^|^20170814^|^20170904^|^20170105
Dataupsell^|^984^|^948^|^2345^|^MCC_3332^|^03_TMU_S_RXL_CO^|^959^|^20170728^|^20170901^|^20170821
Dataupsell^|^985^|^949^|^2345^|^MCC_3332^|^03_TMU_S_RXL_CO^|^960^|^20170702^|^20171010^|^20170403
Dataupsell^|^986^|^950^|^2345^|^MCC_3332^|^03_TMU_S_RXL_CO^|^961^|^20170216^|^20170422^|^20170315
Dataupsell^|^987^|^951^|^2345^|^MCC_3332^|^03_TMU_S_RXL_CO^|^962^|^20170808^|^20161122^|^20170210
Dataupsell^|^988^|^952^|^2345^|^MCC_3332^|^03_TMU_S_RXL_CO^|^963^|^20171024^|^20161226^|^20170928
Dataupsell^|^989^|^953^|^2345^|^MCC_3332^|^03_TMU_S_RXL_CO^|^964^|^20170119^|^20170123^|^20170904
Dataupsell^|^990^|^954^|^2345^|^MCC_3332^|^03_TMU_S_RXL_CO^|^965^|^20170716^|^20170117^|^20161218
Dataupsell^|^991^|^955^|^2345^|^MCC_3332^|^03_TMU_S_RXL_CO^|^966^|^20171117^|^20170507^|^20170318
Dataupsell^|^992^|^956^|^2345^|^MCC_3332^|^03_TMU_S_RXL_CO^|^967^|^20170419^|^20170618^|^20170911
Dataupsell^|^993^|^957^|^2345^|^MCC_3332^|^03_TMU_S_RXL_CO^|^968^|^20170413^|^20170329^|^20170822
Dataupsell^|^994^|^958^|^2345^|^MCC_3332^|^03_TMU_S_RXL_CO^|^969^|^20170505^|^20170417^|^20170131
Dataupsell^|^995^|^959^|^2345^|^MCC_3332^|^03_TMU_S_RXL_CO^|^970^|^20170606^|^20170828^|^20171105
Dataupsell^|^996^|^960^|^2345^|^MCC_3332^|^03_TMU_S_RXL_CO^|^971^|^20171013^|^20161230^|^20170516
Dataupsell^|^997^|^961^|^2345^|^MCC_3332^|^03_TMU_S_RXL_CO^|^972^|^20161130^|^20170901^|^20161207
Dataupsell^|^998^|^962^|^2345^|^MCC_3332^|^03_TMU_S_RXL_CO^|^973^|^20171106^|^20170321^|^20171023
Dataupsell^|^999^|^963^|^2345^|^MCC_3332^|^03_TMU_S_RXL_CO^|^974^|^20170901^|^20170603^|^20171003
Dataupsell^|^1000^|^964^|^2345^|^MCC_3332^|^03_TMU_S_RXL_CO^|^975^|^20170327^|^20171022^|^20170227
Dataupsell^|^1001^|^965^|^2345^|^MCC_3332^|^03_TMU_S_RXL_CO^|^976^|^20170914^|^20171007^|^20161223
Dataupsell^|^1002^|^966^|^2345^|^MCC_3332^|^03_TMU_S_RXL_CO^|^977^|^20170812^|^20170809^|^20170910
Dataupsell^|^1003^|^967^|^2345^|^MCC_3332^|^03_TMU_S_RXL_CO^|^978^|^20161228^|^20170110^|^20170108
Dataupsell^|^1004^|^968^|^2345^|^MCC_3332^|^03_TMU_S_RXL_CO^|^979^|^20171010^|^20170305^|^20161217
Dataupsell^|^1005^|^969^|^2345^|^MCC_3332^|^03_TMU_S_RXL_CO^|^980^|^20161206^|^20170327^|^20170327
Dataupsell^|^1006^|^970^|^2345^|^MCC_3332^|^03_TMU_S_RXL_CO^|^981^|^20170114^|^20170920^|^20161225
Dataupsell^|^1007^|^971^|^2345^|^MCC_3332^|^03_TMU_S_RXL_CO^|^982^|^20161213^|^20171119^|^20171006
Dataupsell^|^1008^|^972^|^2345^|^MCC_3332^|^03_TMU_S_RXL_CO^|^983^|^20170703^|^20171119^|^20170613
Dataupsell^|^1009^|^973^|^2345^|^MCC_3332^|^03_TMU_S_RXL_CO^|^984^|^20171021^|^20170917^|^20171014
Dataupsell^|^1010^|^974^|^2345^|^MCC_3332^|^03_TMU_S_RXL_CO^|^985^|^20170103^|^20161208^|^20170111
Dataupsell^|^1011^|^975^|^2345^|^MCC_3332^|^03_TMU_S_RXL_CO^|^986^|^20170705^|^20170427^|^20170815
Dataupsell^|^1012^|^976^|^2345^|^MCC_3332^|^03_TMU_S_RXL_CO^|^987^|^20170413^|^20170715^|^20170220
Dataupsell^|^1013^|^977^|^2345^|^MCC_3332^|^03_TMU_S_RXL_CO^|^988^|^20170125^|^20170120^|^20170327
Dataupsell^|^1014^|^978^|^2345^|^MCC_3332^|^03_TMU_S_RXL_CO^|^989^|^20170807^|^20170418^|^20161202
Dataupsell^|^1015^|^979^|^2345^|^MCC_3332^|^03_TMU_S_RXL_CO^|^990^|^20161219^|^20170512^|^20170330
Dataupsell^|^1016^|^980^|^2345^|^MCC_3332^|^03_TMU_S_RXL_CO^|^991^|^20170915^|^20170914^|^20171010
Dataupsell^|^1017^|^981^|^2345^|^MCC_3332^|^03_TMU_S_RXL_CO^|^992^|^20170804^|^20170711^|^20171114
Dataupsell^|^1018^|^982^|^2345^|^MCC_3332^|^03_TMU_S_RXL_CO^|^993^|^20171020^|^20170217^|^20170312
Dataupsell^|^1019^|^983^|^2345^|^MCC_3332^|^03_TMU_S_RXL_CO^|^994^|^20170209^|^20171030^|^20170828
Dataupsell^|^1020^|^984^|^2345^|^MCC_3332^|^03_TMU_S_RXL_CO^|^995^|^20170322^|^20170724^|^20170129
Dataupsell^|^1021^|^985^|^2345^|^MCC_3332^|^03_TMU_S_RXL_CO^|^996^|^20170311^|^20170104^|^20170411
Dataupsell^|^1022^|^986^|^2345^|^MCC_3332^|^03_TMU_S_RXL_CO^|^997^|^20170904^|^20170915^|^20170118
Dataupsell^|^1023^|^987^|^2345^|^MCC_3332^|^03_TMU_S_RXL_CO^|^998^|^20161128^|^20170105^|^20170607
Dataupsell^|^1024^|^988^|^2345^|^MCC_3332^|^03_TMU_S_RXL_CO^|^999^|^20170919^|^20170209^|^20170919
Dataupsell^|^1025^|^989^|^2345^|^MCC_3332^|^03_TMU_S_RXL_CO^|^1000^|^20170704^|^20170815^|^20170118
Dataupsell^|^1026^|^990^|^2345^|^MCC_3332^|^03_TMU_S_RXL_CO^|^1001^|^20171001^|^20170103^|^20170608
Dataupsell^|^1027^|^991^|^2345^|^MCC_3332^|^03_TMU_S_RXL_CO^|^1002^|^20170709^|^20161216^|^20171109
Dataupsell^|^1028^|^992^|^2345^|^MCC_3332^|^03_TMU_S_RXL_CO^|^1003^|^20171113^|^20161227^|^20170327
Dataupsell^|^1029^|^993^|^2345^|^MCC_3332^|^03_TMU_S_RXL_CO^|^1004^|^20171026^|^20170907^|^20170914
Dataupsell^|^1030^|^994^|^2345^|^MCC_3332^|^03_TMU_S_RXL_CO^|^1005^|^20170715^|^20170123^|^20170815
Dataupsell^|^1031^|^995^|^2345^|^MCC_3332^|^03_TMU_S_RXL_CO^|^1006^|^20170918^|^20170414^|^20171113
Dataupsell^|^1032^|^996^|^2345^|^MCC_3332^|^03_TMU_S_RXL_CO^|^1007^|^20171010^|^20170728^|^20170118
Dataupsell^|^1033^|^997^|^2345^|^MCC_3332^|^03_TMU_S_RXL_CO^|^1008^|^20170901^|^20170728^|^20170227
Dataupsell^|^1034^|^998^|^2345^|^MCC_3332^|^03_TMU_S_RXL_CO^|^1009^|^20161203^|^20170927^|^20161122
Dataupsell^|^1035^|^999^|^2345^|^MCC_3332^|^03_TMU_S_RXL_CO^|^1010^|^20170813^|^20170316^|^20170212
Dataupsell^|^1036^|^1000^|^2345^|^MCC_3332^|^03_TMU_S_RXL_CO^|^1011^|^20170129^|^20170105^|^20170523
Dataupsell^|^1037^|^1001^|^2345^|^MCC_3332^|^03_TMU_S_RXL_CO^|^1012^|^20170722^|^20170430^|^20170919
Dataupsell^|^1038^|^1002^|^2345^|^MCC_3332^|^03_TMU_S_RXL_CO^|^1013^|^20170720^|^20170606^|^20170919
Dataupsell^|^1039^|^1003^|^2345^|^MCC_3332^|^03_TMU_S_RXL_CO^|^1014^|^20170923^|^20170425^|^20170226
Dataupsell^|^1040^|^1004^|^2345^|^MCC_3332^|^03_TMU_S_RXL_CO^|^1015^|^20170705^|^20171021^|^20170705
Dataupsell^|^1041^|^1005^|^2345^|^MCC_3332^|^03_TMU_S_RXL_CO^|^1016^|^20170429^|^20170902^|^20170410
Dataupsell^|^1042^|^1006^|^2345^|^MCC_3332^|^03_TMU_S_RXL_CO^|^1017^|^20170513^|^20171102^|^20170505
Dataupsell^|^1043^|^1007^|^2345^|^MCC_3332^|^03_TMU_S_RXL_CO^|^1018^|^20161222^|^20170816^|^20170712
Dataupsell^|^1044^|^1008^|^2345^|^MCC_3332^|^03_TMU_S_RXL_CO^|^1019^|^20161222^|^20170916^|^20171028
Dataupsell^|^1045^|^1009^|^2345^|^MCC_3332^|^03_TMU_S_RXL_CO^|^1020^|^20170101^|^20170320^|^20170107
Dataupsell^|^1046^|^1010^|^2345^|^MCC_3332^|^03_TMU_S_RXL_CO^|^1021^|^20170523^|^20170623^|^20170821