name^|^value^|^customer_id^|^subscr_id^|^household_id^|^building_id
IsEligibleForCable^|^1^|^45189091^|^47^|^47^|^47
IsEligibleForCable^|^1^|^45189092^|^48^|^48^|^48
IsEligibleForCable^|^1^|^45189093^|^49^|^49^|^49
IsEligibleForCable^|^1^|^45189094^|^50^|^50^|^50
IsEligibleForCable^|^1^|^45189095^|^51^|^51^|^51
IsEligibleForCable^|^1^|^45189096^|^52^|^52^|^52
IsEligibleForCable^|^1^|^45189097^|^53^|^53^|^53
IsEligibleForCable^|^1^|^45189098^|^54^|^54^|^54
IsEligibleForCable^|^1^|^45189099^|^55^|^55^|^55
IsEligibleForCable^|^1^|^45189100^|^56^|^56^|^56
IsEligibleForCable^|^1^|^45189101^|^57^|^57^|^57
IsEligibleForCable^|^1^|^45189102^|^58^|^58^|^58
IsEligibleForCable^|^1^|^45189103^|^59^|^59^|^59
IsEligibleForCable^|^1^|^45189104^|^60^|^60^|^60
IsEligibleForCable^|^1^|^45189105^|^61^|^61^|^61
IsEligibleForCable^|^1^|^45189106^|^62^|^62^|^62
IsEligibleForCable^|^1^|^45189107^|^63^|^63^|^63
IsEligibleForCable^|^1^|^45189108^|^64^|^64^|^64
IsEligibleForCable^|^1^|^45189109^|^65^|^65^|^65
IsEligibleForCable^|^1^|^45189110^|^66^|^66^|^66
IsEligibleForCable^|^1^|^45189111^|^67^|^67^|^67
IsEligibleForCable^|^1^|^45189112^|^68^|^68^|^68
IsEligibleForCable^|^1^|^45189113^|^69^|^69^|^69
IsEligibleForCable^|^1^|^45189114^|^70^|^70^|^70
IsEligibleForCable^|^1^|^45189115^|^71^|^71^|^71
IsEligibleForCable^|^1^|^45189116^|^72^|^72^|^72
IsEligibleForCable^|^1^|^45189117^|^73^|^73^|^73
IsEligibleForCable^|^1^|^45189118^|^74^|^74^|^74
IsEligibleForCable^|^1^|^45189119^|^75^|^75^|^75
IsEligibleForCable^|^1^|^45189120^|^76^|^76^|^76
IsEligibleForCable^|^1^|^45189121^|^77^|^77^|^77
IsEligibleForCable^|^1^|^45189122^|^78^|^78^|^78
IsEligibleForCable^|^1^|^45189123^|^79^|^79^|^79
IsEligibleForCable^|^1^|^45189124^|^80^|^80^|^80
IsEligibleForCable^|^1^|^45189125^|^81^|^81^|^81
IsEligibleForCable^|^1^|^45189126^|^82^|^82^|^82
IsEligibleForCable^|^1^|^45189127^|^83^|^83^|^83
IsEligibleForCable^|^1^|^45189128^|^84^|^84^|^84
IsEligibleForCable^|^1^|^45189129^|^85^|^85^|^85
IsEligibleForCable^|^1^|^45189130^|^86^|^86^|^86
IsEligibleForCable^|^1^|^45189131^|^87^|^87^|^87
IsEligibleForCable^|^1^|^45189132^|^88^|^88^|^88
IsEligibleForCable^|^1^|^45189133^|^89^|^89^|^89
IsEligibleForCable^|^1^|^45189134^|^90^|^90^|^90
IsEligibleForCable^|^1^|^45189135^|^91^|^91^|^91
IsEligibleForCable^|^1^|^45189136^|^92^|^92^|^92
IsEligibleForCable^|^1^|^45189137^|^93^|^93^|^93
IsEligibleForCable^|^1^|^45189138^|^94^|^94^|^94
IsEligibleForCable^|^1^|^45189139^|^95^|^95^|^95
IsEligibleForCable^|^1^|^45189140^|^96^|^96^|^96
IsEligibleForCable^|^1^|^45189141^|^97^|^97^|^97
IsEligibleForCable^|^1^|^45189142^|^98^|^98^|^98
IsEligibleForCable^|^1^|^45189143^|^99^|^99^|^99
IsEligibleForCable^|^1^|^45189144^|^100^|^100^|^100
IsEligibleForCable^|^1^|^45189145^|^101^|^101^|^101
IsEligibleForCable^|^1^|^45189146^|^102^|^102^|^102
IsEligibleForCable^|^1^|^45189147^|^103^|^103^|^103
IsEligibleForCable^|^1^|^45189148^|^104^|^104^|^104
IsEligibleForCable^|^1^|^45189149^|^105^|^105^|^105
IsEligibleForCable^|^1^|^45189150^|^106^|^106^|^106
IsEligibleForCable^|^1^|^45189151^|^107^|^107^|^107
IsEligibleForCable^|^1^|^45189152^|^108^|^108^|^108
IsEligibleForCable^|^1^|^45189153^|^109^|^109^|^109
IsEligibleForCable^|^1^|^45189154^|^110^|^110^|^110
IsEligibleForCable^|^1^|^45189155^|^111^|^111^|^111
IsEligibleForCable^|^1^|^45189156^|^112^|^112^|^112
IsEligibleForCable^|^1^|^45189157^|^113^|^113^|^113
IsEligibleForCable^|^1^|^45189158^|^114^|^114^|^114
IsEligibleForCable^|^1^|^45189159^|^115^|^115^|^115
IsEligibleForCable^|^1^|^45189160^|^116^|^116^|^116
IsEligibleForCable^|^1^|^45189161^|^117^|^117^|^117
IsEligibleForCable^|^1^|^45189162^|^118^|^118^|^118
IsEligibleForCable^|^1^|^45189163^|^119^|^119^|^119
IsEligibleForCable^|^1^|^45189164^|^120^|^120^|^120
IsEligibleForCable^|^1^|^45189165^|^121^|^121^|^121
IsEligibleForCable^|^1^|^45189166^|^122^|^122^|^122
IsEligibleForCable^|^1^|^45189167^|^123^|^123^|^123
IsEligibleForCable^|^1^|^45189168^|^124^|^124^|^124
IsEligibleForCable^|^1^|^45189169^|^125^|^125^|^125
IsEligibleForCable^|^1^|^45189170^|^126^|^126^|^126
IsEligibleForCable^|^1^|^45189171^|^127^|^127^|^127
IsEligibleForCable^|^1^|^45189172^|^128^|^128^|^128
IsEligibleForCable^|^1^|^45189173^|^129^|^129^|^129
IsEligibleForCable^|^1^|^45189174^|^130^|^130^|^130
IsEligibleForCable^|^1^|^45189175^|^131^|^131^|^131
IsEligibleForCable^|^1^|^45189176^|^132^|^132^|^132
IsEligibleForCable^|^1^|^45189177^|^133^|^133^|^133
IsEligibleForCable^|^1^|^45189178^|^134^|^134^|^134
IsEligibleForCable^|^1^|^45189179^|^135^|^135^|^135
IsEligibleForCable^|^1^|^45189180^|^136^|^136^|^136
IsEligibleForCable^|^1^|^45189181^|^137^|^137^|^137
IsEligibleForCable^|^1^|^45189182^|^138^|^138^|^138
IsEligibleForCable^|^1^|^45189183^|^139^|^139^|^139
IsEligibleForCable^|^1^|^45189184^|^140^|^140^|^140
IsEligibleForCable^|^1^|^45189185^|^141^|^141^|^141
IsEligibleForCable^|^1^|^45189186^|^142^|^142^|^142
IsEligibleForCable^|^1^|^45189187^|^143^|^143^|^143
IsEligibleForCable^|^1^|^45189188^|^144^|^144^|^144
IsEligibleForCable^|^1^|^45189189^|^145^|^145^|^145
IsEligibleForCable^|^1^|^45189190^|^146^|^146^|^146
IsEligibleForCable^|^1^|^45189191^|^147^|^147^|^147
IsEligibleForCable^|^1^|^45189192^|^148^|^148^|^148
IsEligibleForCable^|^1^|^45189193^|^149^|^149^|^149
IsEligibleForCable^|^1^|^45189194^|^150^|^150^|^150
IsEligibleForCable^|^1^|^45189195^|^151^|^151^|^151
IsEligibleForCable^|^1^|^45189196^|^152^|^152^|^152
IsEligibleForCable^|^1^|^45189197^|^153^|^153^|^153
IsEligibleForCable^|^1^|^45189198^|^154^|^154^|^154
IsEligibleForCable^|^1^|^45189199^|^155^|^155^|^155
IsEligibleForCable^|^1^|^45189200^|^156^|^156^|^156
IsEligibleForCable^|^1^|^45189201^|^157^|^157^|^157
IsEligibleForCable^|^1^|^45189202^|^158^|^158^|^158
IsEligibleForCable^|^1^|^45189203^|^159^|^159^|^159
IsEligibleForCable^|^1^|^45189204^|^160^|^160^|^160
IsEligibleForCable^|^1^|^45189205^|^161^|^161^|^161
IsEligibleForCable^|^1^|^45189206^|^162^|^162^|^162
IsEligibleForCable^|^1^|^45189207^|^163^|^163^|^163
IsEligibleForCable^|^1^|^45189208^|^164^|^164^|^164
IsEligibleForCable^|^1^|^45189209^|^165^|^165^|^165
IsEligibleForCable^|^1^|^45189210^|^166^|^166^|^166
IsEligibleForCable^|^1^|^45189211^|^167^|^167^|^167
IsEligibleForCable^|^1^|^45189212^|^168^|^168^|^168
IsEligibleForCable^|^1^|^45189213^|^169^|^169^|^169
IsEligibleForCable^|^1^|^45189214^|^170^|^170^|^170
IsEligibleForCable^|^1^|^45189215^|^171^|^171^|^171
IsEligibleForCable^|^1^|^45189216^|^172^|^172^|^172
IsEligibleForCable^|^1^|^45189217^|^173^|^173^|^173
IsEligibleForCable^|^1^|^45189218^|^174^|^174^|^174
IsEligibleForCable^|^1^|^45189219^|^175^|^175^|^175
IsEligibleForCable^|^1^|^45189220^|^176^|^176^|^176
IsEligibleForCable^|^1^|^45189221^|^177^|^177^|^177
IsEligibleForCable^|^1^|^45189222^|^178^|^178^|^178
IsEligibleForCable^|^1^|^45189223^|^179^|^179^|^179
IsEligibleForCable^|^1^|^45189224^|^180^|^180^|^180
IsEligibleForCable^|^1^|^45189225^|^181^|^181^|^181
IsEligibleForCable^|^1^|^45189226^|^182^|^182^|^182
IsEligibleForCable^|^1^|^45189227^|^183^|^183^|^183
IsEligibleForCable^|^1^|^45189228^|^184^|^184^|^184
IsEligibleForCable^|^1^|^45189229^|^185^|^185^|^185
IsEligibleForCable^|^1^|^45189230^|^186^|^186^|^186
IsEligibleForCable^|^1^|^45189231^|^187^|^187^|^187
IsEligibleForCable^|^1^|^45189232^|^188^|^188^|^188
IsEligibleForCable^|^1^|^45189233^|^189^|^189^|^189
IsEligibleForCable^|^1^|^45189234^|^190^|^190^|^190
IsEligibleForCable^|^1^|^45189235^|^191^|^191^|^191
IsEligibleForCable^|^1^|^45189236^|^192^|^192^|^192
IsEligibleForCable^|^1^|^45189237^|^193^|^193^|^193
IsEligibleForCable^|^1^|^45189238^|^194^|^194^|^194
IsEligibleForCable^|^1^|^45189239^|^195^|^195^|^195
IsEligibleForCable^|^1^|^45189240^|^196^|^196^|^196
IsEligibleForCable^|^1^|^45189241^|^197^|^197^|^197
IsEligibleForCable^|^1^|^45189242^|^198^|^198^|^198
IsEligibleForCable^|^1^|^45189243^|^199^|^199^|^199
IsEligibleForCable^|^1^|^45189244^|^200^|^200^|^200
IsEligibleForCable^|^1^|^45189245^|^201^|^201^|^201
IsEligibleForCable^|^1^|^45189246^|^202^|^202^|^202
IsEligibleForCable^|^1^|^45189247^|^203^|^203^|^203
IsEligibleForCable^|^1^|^45189248^|^204^|^204^|^204
IsEligibleForCable^|^1^|^45189249^|^205^|^205^|^205
IsEligibleForCable^|^1^|^45189250^|^206^|^206^|^206
IsEligibleForCable^|^1^|^45189251^|^207^|^207^|^207
IsEligibleForCable^|^1^|^45189252^|^208^|^208^|^208
IsEligibleForCable^|^1^|^45189253^|^209^|^209^|^209
IsEligibleForCable^|^1^|^45189254^|^210^|^210^|^210
IsEligibleForCable^|^1^|^45189255^|^211^|^211^|^211
IsEligibleForCable^|^1^|^45189256^|^212^|^212^|^212
IsEligibleForCable^|^1^|^45189257^|^213^|^213^|^213
IsEligibleForCable^|^1^|^45189258^|^214^|^214^|^214
IsEligibleForCable^|^1^|^45189259^|^215^|^215^|^215
IsEligibleForCable^|^1^|^45189260^|^216^|^216^|^216
IsEligibleForCable^|^1^|^45189261^|^217^|^217^|^217
IsEligibleForCable^|^1^|^45189262^|^218^|^218^|^218
IsEligibleForCable^|^1^|^45189263^|^219^|^219^|^219
IsEligibleForCable^|^1^|^45189264^|^220^|^220^|^220
IsEligibleForCable^|^1^|^45189265^|^221^|^221^|^221
IsEligibleForCable^|^1^|^45189266^|^222^|^222^|^222
IsEligibleForCable^|^1^|^45189267^|^223^|^223^|^223
IsEligibleForCable^|^1^|^45189268^|^224^|^224^|^224
IsEligibleForCable^|^1^|^45189269^|^225^|^225^|^225
IsEligibleForCable^|^1^|^45189270^|^226^|^226^|^226
IsEligibleForCable^|^1^|^45189271^|^227^|^227^|^227
IsEligibleForCable^|^1^|^45189272^|^228^|^228^|^228
IsEligibleForCable^|^1^|^45189273^|^229^|^229^|^229
IsEligibleForCable^|^1^|^45189274^|^230^|^230^|^230
IsEligibleForCable^|^1^|^45189275^|^231^|^231^|^231
IsEligibleForCable^|^1^|^45189276^|^232^|^232^|^232
IsEligibleForCable^|^1^|^45189277^|^233^|^233^|^233
IsEligibleForCable^|^1^|^45189278^|^234^|^234^|^234
IsEligibleForCable^|^1^|^45189279^|^235^|^235^|^235
IsEligibleForCable^|^1^|^45189280^|^236^|^236^|^236
IsEligibleForCable^|^1^|^45189281^|^237^|^237^|^237
IsEligibleForCable^|^1^|^45189282^|^238^|^238^|^238
IsEligibleForCable^|^1^|^45189283^|^239^|^239^|^239
IsEligibleForCable^|^1^|^45189284^|^240^|^240^|^240
IsEligibleForCable^|^1^|^45189285^|^241^|^241^|^241
IsEligibleForCable^|^1^|^45189286^|^242^|^242^|^242
IsEligibleForCable^|^1^|^45189287^|^243^|^243^|^243
IsEligibleForCable^|^1^|^45189288^|^244^|^244^|^244
IsEligibleForCable^|^1^|^45189289^|^245^|^245^|^245
IsEligibleForCable^|^1^|^45189290^|^246^|^246^|^246
IsEligibleForCable^|^1^|^45189291^|^247^|^247^|^247
IsEligibleForCable^|^1^|^45189292^|^248^|^248^|^248
IsEligibleForCable^|^1^|^45189293^|^249^|^249^|^249
IsEligibleForCable^|^1^|^45189294^|^250^|^250^|^250
IsEligibleForCable^|^1^|^45189295^|^251^|^251^|^251
IsEligibleForCable^|^1^|^45189296^|^252^|^252^|^252
IsEligibleForCable^|^1^|^45189297^|^253^|^253^|^253
IsEligibleForCable^|^1^|^45189298^|^254^|^254^|^254
IsEligibleForCable^|^1^|^45189299^|^255^|^255^|^255
IsEligibleForCable^|^1^|^45189300^|^256^|^256^|^256
IsEligibleForCable^|^1^|^45189301^|^257^|^257^|^257
IsEligibleForCable^|^1^|^45189302^|^258^|^258^|^258
IsEligibleForCable^|^1^|^45189303^|^259^|^259^|^259
IsEligibleForCable^|^1^|^45189304^|^260^|^260^|^260
IsEligibleForCable^|^1^|^45189305^|^261^|^261^|^261
IsEligibleForCable^|^1^|^45189306^|^262^|^262^|^262
IsEligibleForCable^|^1^|^45189307^|^263^|^263^|^263
IsEligibleForCable^|^1^|^45189308^|^264^|^264^|^264
IsEligibleForCable^|^1^|^45189309^|^265^|^265^|^265
IsEligibleForCable^|^1^|^45189310^|^266^|^266^|^266
IsEligibleForCable^|^1^|^45189311^|^267^|^267^|^267
IsEligibleForCable^|^1^|^45189312^|^268^|^268^|^268
IsEligibleForCable^|^1^|^45189313^|^269^|^269^|^269
IsEligibleForCable^|^1^|^45189314^|^270^|^270^|^270
IsEligibleForCable^|^1^|^45189315^|^271^|^271^|^271
IsEligibleForCable^|^1^|^45189316^|^272^|^272^|^272
IsEligibleForCable^|^1^|^45189317^|^273^|^273^|^273
IsEligibleForCable^|^1^|^45189318^|^274^|^274^|^274
IsEligibleForCable^|^1^|^45189319^|^275^|^275^|^275
IsEligibleForCable^|^1^|^45189320^|^276^|^276^|^276
IsEligibleForCable^|^1^|^45189321^|^277^|^277^|^277
IsEligibleForCable^|^1^|^45189322^|^278^|^278^|^278
IsEligibleForCable^|^1^|^45189323^|^279^|^279^|^279
IsEligibleForCable^|^1^|^45189324^|^280^|^280^|^280
IsEligibleForCable^|^1^|^45189325^|^281^|^281^|^281
IsEligibleForCable^|^1^|^45189326^|^282^|^282^|^282
IsEligibleForCable^|^1^|^45189327^|^283^|^283^|^283
IsEligibleForCable^|^1^|^45189328^|^284^|^284^|^284
IsEligibleForCable^|^1^|^45189329^|^285^|^285^|^285
IsEligibleForCable^|^1^|^45189330^|^286^|^286^|^286
IsEligibleForCable^|^1^|^45189331^|^287^|^287^|^287
IsEligibleForCable^|^1^|^45189332^|^288^|^288^|^288
IsEligibleForCable^|^1^|^45189333^|^289^|^289^|^289
IsEligibleForCable^|^1^|^45189334^|^290^|^290^|^290
IsEligibleForCable^|^1^|^45189335^|^291^|^291^|^291
IsEligibleForCable^|^1^|^45189336^|^292^|^292^|^292
IsEligibleForCable^|^1^|^45189337^|^293^|^293^|^293
IsEligibleForCable^|^1^|^45189338^|^294^|^294^|^294
IsEligibleForCable^|^1^|^45189339^|^295^|^295^|^295
IsEligibleForCable^|^1^|^45189340^|^296^|^296^|^296
IsEligibleForCable^|^1^|^45189341^|^297^|^297^|^297
IsEligibleForCable^|^1^|^45189342^|^298^|^298^|^298
IsEligibleForCable^|^1^|^45189343^|^299^|^299^|^299
IsEligibleForCable^|^1^|^45189344^|^300^|^300^|^300
IsEligibleForCable^|^1^|^45189345^|^301^|^301^|^301
IsEligibleForCable^|^1^|^45189346^|^302^|^302^|^302
IsEligibleForCable^|^1^|^45189347^|^303^|^303^|^303
IsEligibleForCable^|^1^|^45189348^|^304^|^304^|^304
IsEligibleForCable^|^1^|^45189349^|^305^|^305^|^305
IsEligibleForCable^|^1^|^45189350^|^306^|^306^|^306
IsEligibleForCable^|^1^|^45189351^|^307^|^307^|^307
IsEligibleForCable^|^1^|^45189352^|^308^|^308^|^308
IsEligibleForCable^|^1^|^45189353^|^309^|^309^|^309
IsEligibleForCable^|^1^|^45189354^|^310^|^310^|^310
IsEligibleForCable^|^1^|^45189355^|^311^|^311^|^311
IsEligibleForCable^|^1^|^45189356^|^312^|^312^|^312
IsEligibleForCable^|^1^|^45189357^|^313^|^313^|^313
IsEligibleForCable^|^1^|^45189358^|^314^|^314^|^314
IsEligibleForCable^|^1^|^45189359^|^315^|^315^|^315
IsEligibleForCable^|^1^|^45189360^|^316^|^316^|^316
IsEligibleForCable^|^1^|^45189361^|^317^|^317^|^317
IsEligibleForCable^|^1^|^45189362^|^318^|^318^|^318
IsEligibleForCable^|^1^|^45189363^|^319^|^319^|^319
IsEligibleForCable^|^1^|^45189364^|^320^|^320^|^320
IsEligibleForCable^|^1^|^45189365^|^321^|^321^|^321
IsEligibleForCable^|^1^|^45189366^|^322^|^322^|^322
IsEligibleForCable^|^1^|^45189367^|^323^|^323^|^323
IsEligibleForCable^|^1^|^45189368^|^324^|^324^|^324
IsEligibleForCable^|^1^|^45189369^|^325^|^325^|^325
IsEligibleForCable^|^1^|^45189370^|^326^|^326^|^326
IsEligibleForCable^|^1^|^45189371^|^327^|^327^|^327
IsEligibleForCable^|^1^|^45189372^|^328^|^328^|^328
IsEligibleForCable^|^1^|^45189373^|^329^|^329^|^329
IsEligibleForCable^|^1^|^45189374^|^330^|^330^|^330
IsEligibleForCable^|^1^|^45189375^|^331^|^331^|^331
IsEligibleForCable^|^1^|^45189376^|^332^|^332^|^332
IsEligibleForCable^|^1^|^45189377^|^333^|^333^|^333
IsEligibleForCable^|^1^|^45189378^|^334^|^334^|^334
IsEligibleForCable^|^1^|^45189379^|^335^|^335^|^335
IsEligibleForCable^|^1^|^45189380^|^336^|^336^|^336
IsEligibleForCable^|^1^|^45189381^|^337^|^337^|^337
IsEligibleForCable^|^1^|^45189382^|^338^|^338^|^338
IsEligibleForCable^|^1^|^45189383^|^339^|^339^|^339
IsEligibleForCable^|^1^|^45189384^|^340^|^340^|^340
IsEligibleForCable^|^1^|^45189385^|^341^|^341^|^341
IsEligibleForCable^|^1^|^45189386^|^342^|^342^|^342
IsEligibleForCable^|^1^|^45189387^|^343^|^343^|^343
IsEligibleForCable^|^1^|^45189388^|^344^|^344^|^344
IsEligibleForCable^|^1^|^45189389^|^345^|^345^|^345
IsEligibleForCable^|^1^|^45189390^|^346^|^346^|^346
IsEligibleForCable^|^1^|^45189391^|^347^|^347^|^347
IsEligibleForCable^|^1^|^45189392^|^348^|^348^|^348
IsEligibleForCable^|^1^|^45189393^|^349^|^349^|^349
IsEligibleForCable^|^1^|^45189394^|^350^|^350^|^350
IsEligibleForCable^|^1^|^45189395^|^351^|^351^|^351
IsEligibleForCable^|^1^|^45189396^|^352^|^352^|^352
IsEligibleForCable^|^1^|^45189397^|^353^|^353^|^353
IsEligibleForCable^|^1^|^45189398^|^354^|^354^|^354
IsEligibleForCable^|^1^|^45189399^|^355^|^355^|^355
IsEligibleForCable^|^1^|^45189400^|^356^|^356^|^356
IsEligibleForCable^|^1^|^45189401^|^357^|^357^|^357
IsEligibleForCable^|^1^|^45189402^|^358^|^358^|^358
IsEligibleForCable^|^1^|^45189403^|^359^|^359^|^359
IsEligibleForCable^|^1^|^45189404^|^360^|^360^|^360
IsEligibleForCable^|^1^|^45189405^|^361^|^361^|^361
IsEligibleForCable^|^1^|^45189406^|^362^|^362^|^362
IsEligibleForCable^|^1^|^45189407^|^363^|^363^|^363
IsEligibleForCable^|^1^|^45189408^|^364^|^364^|^364
IsEligibleForCable^|^1^|^45189409^|^365^|^365^|^365
IsEligibleForCable^|^1^|^45189410^|^366^|^366^|^366
IsEligibleForCable^|^1^|^45189411^|^367^|^367^|^367
IsEligibleForCable^|^1^|^45189412^|^368^|^368^|^368
IsEligibleForCable^|^1^|^45189413^|^369^|^369^|^369
IsEligibleForCable^|^1^|^45189414^|^370^|^370^|^370
IsEligibleForCable^|^1^|^45189415^|^371^|^371^|^371
IsEligibleForCable^|^1^|^45189416^|^372^|^372^|^372
IsEligibleForCable^|^1^|^45189417^|^373^|^373^|^373
IsEligibleForCable^|^1^|^45189418^|^374^|^374^|^374
IsEligibleForCable^|^1^|^45189419^|^375^|^375^|^375
IsEligibleForCable^|^1^|^45189420^|^376^|^376^|^376
IsEligibleForCable^|^1^|^45189421^|^377^|^377^|^377
IsEligibleForCable^|^1^|^45189422^|^378^|^378^|^378
IsEligibleForCable^|^1^|^45189423^|^379^|^379^|^379
IsEligibleForCable^|^1^|^45189424^|^380^|^380^|^380
IsEligibleForCable^|^1^|^45189425^|^381^|^381^|^381
IsEligibleForCable^|^1^|^45189426^|^382^|^382^|^382
IsEligibleForCable^|^1^|^45189427^|^383^|^383^|^383
IsEligibleForCable^|^1^|^45189428^|^384^|^384^|^384
IsEligibleForCable^|^1^|^45189429^|^385^|^385^|^385
IsEligibleForCable^|^1^|^45189430^|^386^|^386^|^386
IsEligibleForCable^|^1^|^45189431^|^387^|^387^|^387
IsEligibleForCable^|^1^|^45189432^|^388^|^388^|^388
IsEligibleForCable^|^1^|^45189433^|^389^|^389^|^389
IsEligibleForCable^|^1^|^45189434^|^390^|^390^|^390
IsEligibleForCable^|^1^|^45189435^|^391^|^391^|^391
IsEligibleForCable^|^1^|^45189436^|^392^|^392^|^392
IsEligibleForCable^|^1^|^45189437^|^393^|^393^|^393
IsEligibleForCable^|^1^|^45189438^|^394^|^394^|^394
IsEligibleForCable^|^1^|^45189439^|^395^|^395^|^395
IsEligibleForCable^|^1^|^45189440^|^396^|^396^|^396
IsEligibleForCable^|^1^|^45189441^|^397^|^397^|^397
IsEligibleForCable^|^1^|^45189442^|^398^|^398^|^398
IsEligibleForCable^|^1^|^45189443^|^399^|^399^|^399
IsEligibleForCable^|^1^|^45189444^|^400^|^400^|^400
IsEligibleForCable^|^1^|^45189445^|^401^|^401^|^401
IsEligibleForCable^|^1^|^45189446^|^402^|^402^|^402
IsEligibleForCable^|^1^|^45189447^|^403^|^403^|^403
IsEligibleForCable^|^1^|^45189448^|^404^|^404^|^404
IsEligibleForCable^|^1^|^45189449^|^405^|^405^|^405
IsEligibleForCable^|^1^|^45189450^|^406^|^406^|^406
IsEligibleForCable^|^1^|^45189451^|^407^|^407^|^407
IsEligibleForCable^|^1^|^45189452^|^408^|^408^|^408
IsEligibleForCable^|^1^|^45189453^|^409^|^409^|^409
IsEligibleForCable^|^1^|^45189454^|^410^|^410^|^410
IsEligibleForCable^|^1^|^45189455^|^411^|^411^|^411
IsEligibleForCable^|^1^|^45189456^|^412^|^412^|^412
IsEligibleForCable^|^1^|^45189457^|^413^|^413^|^413
IsEligibleForCable^|^1^|^45189458^|^414^|^414^|^414
IsEligibleForCable^|^1^|^45189459^|^415^|^415^|^415
IsEligibleForCable^|^1^|^45189460^|^416^|^416^|^416
IsEligibleForCable^|^1^|^45189461^|^417^|^417^|^417
IsEligibleForCable^|^1^|^45189462^|^418^|^418^|^418
IsEligibleForCable^|^1^|^45189463^|^419^|^419^|^419
IsEligibleForCable^|^1^|^45189464^|^420^|^420^|^420
IsEligibleForCable^|^1^|^45189465^|^421^|^421^|^421
IsEligibleForCable^|^1^|^45189466^|^422^|^422^|^422
IsEligibleForCable^|^1^|^45189467^|^423^|^423^|^423
IsEligibleForCable^|^1^|^45189468^|^424^|^424^|^424
IsEligibleForCable^|^1^|^45189469^|^425^|^425^|^425
IsEligibleForCable^|^1^|^45189470^|^426^|^426^|^426
IsEligibleForCable^|^1^|^45189471^|^427^|^427^|^427
IsEligibleForCable^|^1^|^45189472^|^428^|^428^|^428
IsEligibleForCable^|^1^|^45189473^|^429^|^429^|^429
IsEligibleForCable^|^1^|^45189474^|^430^|^430^|^430
IsEligibleForCable^|^1^|^45189475^|^431^|^431^|^431
IsEligibleForCable^|^1^|^45189476^|^432^|^432^|^432
IsEligibleForCable^|^1^|^45189477^|^433^|^433^|^433
IsEligibleForCable^|^1^|^45189478^|^434^|^434^|^434
IsEligibleForCable^|^1^|^45189479^|^435^|^435^|^435
IsEligibleForCable^|^1^|^45189480^|^436^|^436^|^436
IsEligibleForCable^|^1^|^45189481^|^437^|^437^|^437
IsEligibleForCable^|^1^|^45189482^|^438^|^438^|^438
IsEligibleForCable^|^1^|^45189483^|^439^|^439^|^439
IsEligibleForCable^|^1^|^45189484^|^440^|^440^|^440
IsEligibleForCable^|^1^|^45189485^|^441^|^441^|^441
IsEligibleForCable^|^1^|^45189486^|^442^|^442^|^442
IsEligibleForCable^|^1^|^45189487^|^443^|^443^|^443
IsEligibleForCable^|^1^|^45189488^|^444^|^444^|^444
IsEligibleForCable^|^1^|^45189489^|^445^|^445^|^445
IsEligibleForCable^|^1^|^45189490^|^446^|^446^|^446
IsEligibleForCable^|^1^|^45189491^|^447^|^447^|^447
IsEligibleForCable^|^1^|^45189492^|^448^|^448^|^448
IsEligibleForCable^|^1^|^45189493^|^449^|^449^|^449
IsEligibleForCable^|^1^|^45189494^|^450^|^450^|^450
IsEligibleForCable^|^1^|^45189495^|^451^|^451^|^451
IsEligibleForCable^|^1^|^45189496^|^452^|^452^|^452
IsEligibleForCable^|^1^|^45189497^|^453^|^453^|^453
IsEligibleForCable^|^1^|^45189498^|^454^|^454^|^454
IsEligibleForCable^|^1^|^45189499^|^455^|^455^|^455
IsEligibleForCable^|^1^|^45189500^|^456^|^456^|^456
IsEligibleForCable^|^1^|^45189501^|^457^|^457^|^457
IsEligibleForCable^|^1^|^45189502^|^458^|^458^|^458
IsEligibleForCable^|^1^|^45189503^|^459^|^459^|^459
IsEligibleForCable^|^1^|^45189504^|^460^|^460^|^460
IsEligibleForCable^|^1^|^45189505^|^461^|^461^|^461
IsEligibleForCable^|^1^|^45189506^|^462^|^462^|^462
IsEligibleForCable^|^1^|^45189507^|^463^|^463^|^463
IsEligibleForCable^|^1^|^45189508^|^464^|^464^|^464
IsEligibleForCable^|^1^|^45189509^|^465^|^465^|^465
IsEligibleForCable^|^1^|^45189510^|^466^|^466^|^466
IsEligibleForCable^|^1^|^45189511^|^467^|^467^|^467
IsEligibleForCable^|^1^|^45189512^|^468^|^468^|^468
IsEligibleForCable^|^1^|^45189513^|^469^|^469^|^469
IsEligibleForCable^|^1^|^45189514^|^470^|^470^|^470
IsEligibleForCable^|^1^|^45189515^|^471^|^471^|^471
IsEligibleForCable^|^1^|^45189516^|^472^|^472^|^472
IsEligibleForCable^|^1^|^45189517^|^473^|^473^|^473
IsEligibleForCable^|^1^|^45189518^|^474^|^474^|^474
IsEligibleForCable^|^1^|^45189519^|^475^|^475^|^475
IsEligibleForCable^|^1^|^45189520^|^476^|^476^|^476
IsEligibleForCable^|^1^|^45189521^|^477^|^477^|^477
IsEligibleForCable^|^1^|^45189522^|^478^|^478^|^478
IsEligibleForCable^|^1^|^45189523^|^479^|^479^|^479
IsEligibleForCable^|^1^|^45189524^|^480^|^480^|^480
IsEligibleForCable^|^1^|^45189525^|^481^|^481^|^481
IsEligibleForCable^|^1^|^45189526^|^482^|^482^|^482
IsEligibleForCable^|^1^|^45189527^|^483^|^483^|^483
IsEligibleForCable^|^1^|^45189528^|^484^|^484^|^484
IsEligibleForCable^|^1^|^45189529^|^485^|^485^|^485
IsEligibleForCable^|^1^|^45189530^|^486^|^486^|^486
IsEligibleForCable^|^1^|^45189531^|^487^|^487^|^487
IsEligibleForCable^|^1^|^45189532^|^488^|^488^|^488
IsEligibleForCable^|^1^|^45189533^|^489^|^489^|^489
IsEligibleForCable^|^1^|^45189534^|^490^|^490^|^490
IsEligibleForCable^|^1^|^45189535^|^491^|^491^|^491
IsEligibleForCable^|^1^|^45189536^|^492^|^492^|^492
IsEligibleForCable^|^1^|^45189537^|^493^|^493^|^493
IsEligibleForCable^|^1^|^45189538^|^494^|^494^|^494
IsEligibleForCable^|^1^|^45189539^|^495^|^495^|^495
IsEligibleForCable^|^1^|^45189540^|^496^|^496^|^496
IsEligibleForCable^|^1^|^45189541^|^497^|^497^|^497
IsEligibleForCable^|^1^|^45189542^|^498^|^498^|^498
IsEligibleForCable^|^1^|^45189543^|^499^|^499^|^499
IsEligibleForCable^|^1^|^45189544^|^500^|^500^|^500
IsEligibleForCable^|^1^|^45189545^|^501^|^501^|^501
IsEligibleForCable^|^1^|^45189546^|^502^|^502^|^502
IsEligibleForCable^|^1^|^45189547^|^503^|^503^|^503
IsEligibleForCable^|^1^|^45189548^|^504^|^504^|^504
IsEligibleForCable^|^1^|^45189549^|^505^|^505^|^505
IsEligibleForCable^|^1^|^45189550^|^506^|^506^|^506
IsEligibleForCable^|^1^|^45189551^|^507^|^507^|^507
IsEligibleForCable^|^1^|^45189552^|^508^|^508^|^508
IsEligibleForCable^|^1^|^45189553^|^509^|^509^|^509
IsEligibleForCable^|^1^|^45189554^|^510^|^510^|^510
IsEligibleForCable^|^1^|^45189555^|^511^|^511^|^511
IsEligibleForCable^|^1^|^45189556^|^512^|^512^|^512
IsEligibleForCable^|^1^|^45189557^|^513^|^513^|^513
IsEligibleForCable^|^1^|^45189558^|^514^|^514^|^514
IsEligibleForCable^|^1^|^45189559^|^515^|^515^|^515
IsEligibleForCable^|^1^|^45189560^|^516^|^516^|^516
IsEligibleForCable^|^1^|^45189561^|^517^|^517^|^517
IsEligibleForCable^|^1^|^45189562^|^518^|^518^|^518
IsEligibleForCable^|^1^|^45189563^|^519^|^519^|^519
IsEligibleForCable^|^1^|^45189564^|^520^|^520^|^520
IsEligibleForCable^|^1^|^45189565^|^521^|^521^|^521
IsEligibleForCable^|^1^|^45189566^|^522^|^522^|^522
IsEligibleForCable^|^1^|^45189567^|^523^|^523^|^523
IsEligibleForCable^|^1^|^45189568^|^524^|^524^|^524
IsEligibleForCable^|^1^|^45189569^|^525^|^525^|^525
IsEligibleForCable^|^1^|^45189570^|^526^|^526^|^526
IsEligibleForCable^|^1^|^45189571^|^527^|^527^|^527
IsEligibleForCable^|^1^|^45189572^|^528^|^528^|^528
IsEligibleForCable^|^1^|^45189573^|^529^|^529^|^529
IsEligibleForCable^|^1^|^45189574^|^530^|^530^|^530
IsEligibleForCable^|^1^|^45189575^|^531^|^531^|^531
IsEligibleForCable^|^1^|^45189576^|^532^|^532^|^532
IsEligibleForCable^|^1^|^45189577^|^533^|^533^|^533
IsEligibleForCable^|^1^|^45189578^|^534^|^534^|^534
IsEligibleForCable^|^1^|^45189579^|^535^|^535^|^535
IsEligibleForCable^|^1^|^45189580^|^536^|^536^|^536
IsEligibleForCable^|^1^|^45189581^|^537^|^537^|^537
IsEligibleForCable^|^1^|^45189582^|^538^|^538^|^538
IsEligibleForCable^|^1^|^45189583^|^539^|^539^|^539
IsEligibleForCable^|^1^|^45189584^|^540^|^540^|^540
IsEligibleForCable^|^1^|^45189585^|^541^|^541^|^541
IsEligibleForCable^|^1^|^45189586^|^542^|^542^|^542
IsEligibleForCable^|^1^|^45189587^|^543^|^543^|^543
IsEligibleForCable^|^1^|^45189588^|^544^|^544^|^544
IsEligibleForCable^|^1^|^45189589^|^545^|^545^|^545
IsEligibleForCable^|^1^|^45189590^|^546^|^546^|^546
IsEligibleForCable^|^1^|^45189591^|^547^|^547^|^547
IsEligibleForCable^|^1^|^45189592^|^548^|^548^|^548
IsEligibleForCable^|^1^|^45189593^|^549^|^549^|^549
IsEligibleForCable^|^1^|^45189594^|^550^|^550^|^550
IsEligibleForCable^|^1^|^45189595^|^551^|^551^|^551
IsEligibleForCable^|^1^|^45189596^|^552^|^552^|^552
IsEligibleForCable^|^1^|^45189597^|^553^|^553^|^553
IsEligibleForCable^|^1^|^45189598^|^554^|^554^|^554
IsEligibleForCable^|^1^|^45189599^|^555^|^555^|^555
IsEligibleForCable^|^1^|^45189600^|^556^|^556^|^556
IsEligibleForCable^|^1^|^45189601^|^557^|^557^|^557
IsEligibleForCable^|^1^|^45189602^|^558^|^558^|^558
IsEligibleForCable^|^1^|^45189603^|^559^|^559^|^559
IsEligibleForCable^|^1^|^45189604^|^560^|^560^|^560
IsEligibleForCable^|^1^|^45189605^|^561^|^561^|^561
IsEligibleForCable^|^1^|^45189606^|^562^|^562^|^562
IsEligibleForCable^|^1^|^45189607^|^563^|^563^|^563
IsEligibleForCable^|^1^|^45189608^|^564^|^564^|^564
IsEligibleForCable^|^1^|^45189609^|^565^|^565^|^565
IsEligibleForCable^|^1^|^45189610^|^566^|^566^|^566
IsEligibleForCable^|^1^|^45189611^|^567^|^567^|^567
IsEligibleForCable^|^1^|^45189612^|^568^|^568^|^568
IsEligibleForCable^|^1^|^45189613^|^569^|^569^|^569
IsEligibleForCable^|^1^|^45189614^|^570^|^570^|^570
IsEligibleForCable^|^1^|^45189615^|^571^|^571^|^571
IsEligibleForCable^|^1^|^45189616^|^572^|^572^|^572
IsEligibleForCable^|^1^|^45189617^|^573^|^573^|^573
IsEligibleForCable^|^1^|^45189618^|^574^|^574^|^574
IsEligibleForCable^|^1^|^45189619^|^575^|^575^|^575
IsEligibleForCable^|^1^|^45189620^|^576^|^576^|^576
IsEligibleForCable^|^1^|^45189621^|^577^|^577^|^577
IsEligibleForCable^|^1^|^45189622^|^578^|^578^|^578
IsEligibleForCable^|^1^|^45189623^|^579^|^579^|^579
IsEligibleForCable^|^1^|^45189624^|^580^|^580^|^580
IsEligibleForCable^|^1^|^45189625^|^581^|^581^|^581
IsEligibleForCable^|^1^|^45189626^|^582^|^582^|^582
IsEligibleForCable^|^1^|^45189627^|^583^|^583^|^583
IsEligibleForCable^|^1^|^45189628^|^584^|^584^|^584
IsEligibleForCable^|^1^|^45189629^|^585^|^585^|^585
IsEligibleForCable^|^1^|^45189630^|^586^|^586^|^586
IsEligibleForCable^|^1^|^45189631^|^587^|^587^|^587
IsEligibleForCable^|^1^|^45189632^|^588^|^588^|^588
IsEligibleForCable^|^1^|^45189633^|^589^|^589^|^589
IsEligibleForCable^|^1^|^45189634^|^590^|^590^|^590
IsEligibleForCable^|^1^|^45189635^|^591^|^591^|^591
IsEligibleForCable^|^1^|^45189636^|^592^|^592^|^592
IsEligibleForCable^|^1^|^45189637^|^593^|^593^|^593
IsEligibleForCable^|^1^|^45189638^|^594^|^594^|^594
IsEligibleForCable^|^1^|^45189639^|^595^|^595^|^595
IsEligibleForCable^|^1^|^45189640^|^596^|^596^|^596
IsEligibleForCable^|^1^|^45189641^|^597^|^597^|^597
IsEligibleForCable^|^1^|^45189642^|^598^|^598^|^598
IsEligibleForCable^|^1^|^45189643^|^599^|^599^|^599
IsEligibleForCable^|^1^|^45189644^|^600^|^600^|^600
IsEligibleForCable^|^1^|^45189645^|^601^|^601^|^601
IsEligibleForCable^|^1^|^45189646^|^602^|^602^|^602
IsEligibleForCable^|^1^|^45189647^|^603^|^603^|^603
IsEligibleForCable^|^1^|^45189648^|^604^|^604^|^604
IsEligibleForCable^|^1^|^45189649^|^605^|^605^|^605
IsEligibleForCable^|^1^|^45189650^|^606^|^606^|^606
IsEligibleForCable^|^1^|^45189651^|^607^|^607^|^607
IsEligibleForCable^|^1^|^45189652^|^608^|^608^|^608
IsEligibleForCable^|^1^|^45189653^|^609^|^609^|^609
IsEligibleForCable^|^1^|^45189654^|^610^|^610^|^610
IsEligibleForCable^|^1^|^45189655^|^611^|^611^|^611
IsEligibleForCable^|^1^|^45189656^|^612^|^612^|^612
IsEligibleForCable^|^1^|^45189657^|^613^|^613^|^613
IsEligibleForCable^|^1^|^45189658^|^614^|^614^|^614
IsEligibleForCable^|^1^|^45189659^|^615^|^615^|^615
IsEligibleForCable^|^1^|^45189660^|^616^|^616^|^616
IsEligibleForCable^|^1^|^45189661^|^617^|^617^|^617
IsEligibleForCable^|^1^|^45189662^|^618^|^618^|^618
IsEligibleForCable^|^1^|^45189663^|^619^|^619^|^619
IsEligibleForCable^|^1^|^45189664^|^620^|^620^|^620
IsEligibleForCable^|^1^|^45189665^|^621^|^621^|^621
IsEligibleForCable^|^1^|^45189666^|^622^|^622^|^622
IsEligibleForCable^|^1^|^45189667^|^623^|^623^|^623
IsEligibleForCable^|^1^|^45189668^|^624^|^624^|^624
IsEligibleForCable^|^1^|^45189669^|^625^|^625^|^625
IsEligibleForCable^|^1^|^45189670^|^626^|^626^|^626
IsEligibleForCable^|^1^|^45189671^|^627^|^627^|^627
IsEligibleForCable^|^1^|^45189672^|^628^|^628^|^628
IsEligibleForCable^|^1^|^45189673^|^629^|^629^|^629
IsEligibleForCable^|^1^|^45189674^|^630^|^630^|^630
IsEligibleForCable^|^1^|^45189675^|^631^|^631^|^631
IsEligibleForCable^|^1^|^45189676^|^632^|^632^|^632
IsEligibleForCable^|^1^|^45189677^|^633^|^633^|^633
IsEligibleForCable^|^1^|^45189678^|^634^|^634^|^634
IsEligibleForCable^|^1^|^45189679^|^635^|^635^|^635
IsEligibleForCable^|^1^|^45189680^|^636^|^636^|^636
IsEligibleForCable^|^1^|^45189681^|^637^|^637^|^637
IsEligibleForCable^|^1^|^45189682^|^638^|^638^|^638
IsEligibleForCable^|^1^|^45189683^|^639^|^639^|^639
IsEligibleForCable^|^1^|^45189684^|^640^|^640^|^640
IsEligibleForCable^|^1^|^45189685^|^641^|^641^|^641
IsEligibleForCable^|^1^|^45189686^|^642^|^642^|^642
IsEligibleForCable^|^1^|^45189687^|^643^|^643^|^643
IsEligibleForCable^|^1^|^45189688^|^644^|^644^|^644
IsEligibleForCable^|^1^|^45189689^|^645^|^645^|^645
IsEligibleForCable^|^1^|^45189690^|^646^|^646^|^646
IsEligibleForCable^|^1^|^45189691^|^647^|^647^|^647
IsEligibleForCable^|^1^|^45189692^|^648^|^648^|^648
IsEligibleForCable^|^1^|^45189693^|^649^|^649^|^649
IsEligibleForCable^|^1^|^45189694^|^650^|^650^|^650
IsEligibleForCable^|^1^|^45189695^|^651^|^651^|^651
IsEligibleForCable^|^1^|^45189696^|^652^|^652^|^652
IsEligibleForCable^|^1^|^45189697^|^653^|^653^|^653
IsEligibleForCable^|^1^|^45189698^|^654^|^654^|^654
IsEligibleForCable^|^1^|^45189699^|^655^|^655^|^655
IsEligibleForCable^|^1^|^45189700^|^656^|^656^|^656
IsEligibleForCable^|^1^|^45189701^|^657^|^657^|^657
IsEligibleForCable^|^1^|^45189702^|^658^|^658^|^658
IsEligibleForCable^|^1^|^45189703^|^659^|^659^|^659
IsEligibleForCable^|^1^|^45189704^|^660^|^660^|^660
IsEligibleForCable^|^1^|^45189705^|^661^|^661^|^661
IsEligibleForCable^|^1^|^45189706^|^662^|^662^|^662
IsEligibleForCable^|^1^|^45189707^|^663^|^663^|^663
IsEligibleForCable^|^1^|^45189708^|^664^|^664^|^664
IsEligibleForCable^|^1^|^45189709^|^665^|^665^|^665
IsEligibleForCable^|^1^|^45189710^|^666^|^666^|^666
IsEligibleForCable^|^1^|^45189711^|^667^|^667^|^667
IsEligibleForCable^|^1^|^45189712^|^668^|^668^|^668
IsEligibleForCable^|^1^|^45189713^|^669^|^669^|^669
IsEligibleForCable^|^1^|^45189714^|^670^|^670^|^670
IsEligibleForCable^|^1^|^45189715^|^671^|^671^|^671
IsEligibleForCable^|^1^|^45189716^|^672^|^672^|^672
IsEligibleForCable^|^1^|^45189717^|^673^|^673^|^673
IsEligibleForCable^|^1^|^45189718^|^674^|^674^|^674
IsEligibleForCable^|^1^|^45189719^|^675^|^675^|^675
IsEligibleForCable^|^1^|^45189720^|^676^|^676^|^676
IsEligibleForCable^|^1^|^45189721^|^677^|^677^|^677
IsEligibleForCable^|^1^|^45189722^|^678^|^678^|^678
IsEligibleForCable^|^1^|^45189723^|^679^|^679^|^679
IsEligibleForCable^|^1^|^45189724^|^680^|^680^|^680
IsEligibleForCable^|^1^|^45189725^|^681^|^681^|^681
IsEligibleForCable^|^1^|^45189726^|^682^|^682^|^682
IsEligibleForCable^|^1^|^45189727^|^683^|^683^|^683
IsEligibleForCable^|^1^|^45189728^|^684^|^684^|^684
IsEligibleForCable^|^1^|^45189729^|^685^|^685^|^685
IsEligibleForCable^|^1^|^45189730^|^686^|^686^|^686
IsEligibleForCable^|^1^|^45189731^|^687^|^687^|^687
IsEligibleForCable^|^1^|^45189732^|^688^|^688^|^688
IsEligibleForCable^|^1^|^45189733^|^689^|^689^|^689
IsEligibleForCable^|^1^|^45189734^|^690^|^690^|^690
IsEligibleForCable^|^1^|^45189735^|^691^|^691^|^691
IsEligibleForCable^|^1^|^45189736^|^692^|^692^|^692
IsEligibleForCable^|^1^|^45189737^|^693^|^693^|^693
IsEligibleForCable^|^1^|^45189738^|^694^|^694^|^694
IsEligibleForCable^|^1^|^45189739^|^695^|^695^|^695
IsEligibleForCable^|^1^|^45189740^|^696^|^696^|^696
IsEligibleForCable^|^1^|^45189741^|^697^|^697^|^697
IsEligibleForCable^|^1^|^45189742^|^698^|^698^|^698
IsEligibleForCable^|^1^|^45189743^|^699^|^699^|^699
IsEligibleForCable^|^1^|^45189744^|^700^|^700^|^700
IsEligibleForCable^|^1^|^45189745^|^701^|^701^|^701
IsEligibleForCable^|^1^|^45189746^|^702^|^702^|^702
IsEligibleForCable^|^1^|^45189747^|^703^|^703^|^703
IsEligibleForCable^|^1^|^45189748^|^704^|^704^|^704
IsEligibleForCable^|^1^|^45189749^|^705^|^705^|^705
IsEligibleForCable^|^1^|^45189750^|^706^|^706^|^706
IsEligibleForCable^|^1^|^45189751^|^707^|^707^|^707
IsEligibleForCable^|^1^|^45189752^|^708^|^708^|^708
IsEligibleForCable^|^1^|^45189753^|^709^|^709^|^709
IsEligibleForCable^|^1^|^45189754^|^710^|^710^|^710
IsEligibleForCable^|^1^|^45189755^|^711^|^711^|^711
IsEligibleForCable^|^1^|^45189756^|^712^|^712^|^712
IsEligibleForCable^|^1^|^45189757^|^713^|^713^|^713
IsEligibleForCable^|^1^|^45189758^|^714^|^714^|^714
IsEligibleForCable^|^1^|^45189759^|^715^|^715^|^715
IsEligibleForCable^|^1^|^45189760^|^716^|^716^|^716
IsEligibleForCable^|^1^|^45189761^|^717^|^717^|^717
IsEligibleForCable^|^1^|^45189762^|^718^|^718^|^718
IsEligibleForCable^|^1^|^45189763^|^719^|^719^|^719
IsEligibleForCable^|^1^|^45189764^|^720^|^720^|^720
IsEligibleForCable^|^1^|^45189765^|^721^|^721^|^721
IsEligibleForCable^|^1^|^45189766^|^722^|^722^|^722
IsEligibleForCable^|^1^|^45189767^|^723^|^723^|^723
IsEligibleForCable^|^1^|^45189768^|^724^|^724^|^724
IsEligibleForCable^|^1^|^45189769^|^725^|^725^|^725
IsEligibleForCable^|^1^|^45189770^|^726^|^726^|^726
IsEligibleForCable^|^1^|^45189771^|^727^|^727^|^727
IsEligibleForCable^|^1^|^45189772^|^728^|^728^|^728
IsEligibleForCable^|^1^|^45189773^|^729^|^729^|^729
IsEligibleForCable^|^1^|^45189774^|^730^|^730^|^730
IsEligibleForCable^|^1^|^45189775^|^731^|^731^|^731
IsEligibleForCable^|^1^|^45189776^|^732^|^732^|^732
IsEligibleForCable^|^1^|^45189777^|^733^|^733^|^733
IsEligibleForCable^|^1^|^45189778^|^734^|^734^|^734
IsEligibleForCable^|^1^|^45189779^|^735^|^735^|^735
IsEligibleForCable^|^1^|^45189780^|^736^|^736^|^736
IsEligibleForCable^|^1^|^45189781^|^737^|^737^|^737
IsEligibleForCable^|^1^|^45189782^|^738^|^738^|^738
IsEligibleForCable^|^1^|^45189783^|^739^|^739^|^739
IsEligibleForCable^|^1^|^45189784^|^740^|^740^|^740
IsEligibleForCable^|^1^|^45189785^|^741^|^741^|^741
IsEligibleForCable^|^1^|^45189786^|^742^|^742^|^742
IsEligibleForCable^|^1^|^45189787^|^743^|^743^|^743
IsEligibleForCable^|^1^|^45189788^|^744^|^744^|^744
IsEligibleForCable^|^1^|^45189789^|^745^|^745^|^745
IsEligibleForCable^|^1^|^45189790^|^746^|^746^|^746
IsEligibleForCable^|^1^|^45189791^|^747^|^747^|^747
IsEligibleForCable^|^1^|^45189792^|^748^|^748^|^748
IsEligibleForCable^|^1^|^45189793^|^749^|^749^|^749
IsEligibleForCable^|^1^|^45189794^|^750^|^750^|^750
IsEligibleForCable^|^1^|^45189795^|^751^|^751^|^751
IsEligibleForCable^|^1^|^45189796^|^752^|^752^|^752
IsEligibleForCable^|^1^|^45189797^|^753^|^753^|^753
IsEligibleForCable^|^1^|^45189798^|^754^|^754^|^754
IsEligibleForCable^|^1^|^45189799^|^755^|^755^|^755
IsEligibleForCable^|^1^|^45189800^|^756^|^756^|^756
IsEligibleForCable^|^1^|^45189801^|^757^|^757^|^757
IsEligibleForCable^|^1^|^45189802^|^758^|^758^|^758
IsEligibleForCable^|^1^|^45189803^|^759^|^759^|^759
IsEligibleForCable^|^1^|^45189804^|^760^|^760^|^760
IsEligibleForCable^|^1^|^45189805^|^761^|^761^|^761
IsEligibleForCable^|^1^|^45189806^|^762^|^762^|^762
IsEligibleForCable^|^1^|^45189807^|^763^|^763^|^763
IsEligibleForCable^|^1^|^45189808^|^764^|^764^|^764
IsEligibleForCable^|^1^|^45189809^|^765^|^765^|^765
IsEligibleForCable^|^1^|^45189810^|^766^|^766^|^766
IsEligibleForCable^|^1^|^45189811^|^767^|^767^|^767
IsEligibleForCable^|^1^|^45189812^|^768^|^768^|^768
IsEligibleForCable^|^1^|^45189813^|^769^|^769^|^769
IsEligibleForCable^|^1^|^45189814^|^770^|^770^|^770
IsEligibleForCable^|^1^|^45189815^|^771^|^771^|^771
IsEligibleForCable^|^1^|^45189816^|^772^|^772^|^772
IsEligibleForCable^|^1^|^45189817^|^773^|^773^|^773
IsEligibleForCable^|^1^|^45189818^|^774^|^774^|^774
IsEligibleForCable^|^1^|^45189819^|^775^|^775^|^775
IsEligibleForCable^|^1^|^45189820^|^776^|^776^|^776
IsEligibleForCable^|^1^|^45189821^|^777^|^777^|^777
IsEligibleForCable^|^1^|^45189822^|^778^|^778^|^778
IsEligibleForCable^|^1^|^45189823^|^779^|^779^|^779
IsEligibleForCable^|^1^|^45189824^|^780^|^780^|^780
IsEligibleForCable^|^1^|^45189825^|^781^|^781^|^781
IsEligibleForCable^|^1^|^45189826^|^782^|^782^|^782
IsEligibleForCable^|^1^|^45189827^|^783^|^783^|^783
IsEligibleForCable^|^1^|^45189828^|^784^|^784^|^784
IsEligibleForCable^|^1^|^45189829^|^785^|^785^|^785
IsEligibleForCable^|^1^|^45189830^|^786^|^786^|^786
IsEligibleForCable^|^1^|^45189831^|^787^|^787^|^787
IsEligibleForCable^|^1^|^45189832^|^788^|^788^|^788
IsEligibleForCable^|^1^|^45189833^|^789^|^789^|^789
IsEligibleForCable^|^1^|^45189834^|^790^|^790^|^790
IsEligibleForCable^|^1^|^45189835^|^791^|^791^|^791
IsEligibleForCable^|^1^|^45189836^|^792^|^792^|^792
IsEligibleForCable^|^1^|^45189837^|^793^|^793^|^793
IsEligibleForCable^|^1^|^45189838^|^794^|^794^|^794
IsEligibleForCable^|^1^|^45189839^|^795^|^795^|^795
IsEligibleForCable^|^1^|^45189840^|^796^|^796^|^796
IsEligibleForCable^|^1^|^45189841^|^797^|^797^|^797
IsEligibleForCable^|^1^|^45189842^|^798^|^798^|^798
IsEligibleForCable^|^1^|^45189843^|^799^|^799^|^799
IsEligibleForCable^|^1^|^45189844^|^800^|^800^|^800
IsEligibleForCable^|^1^|^45189845^|^801^|^801^|^801
IsEligibleForCable^|^1^|^45189846^|^802^|^802^|^802
IsEligibleForCable^|^1^|^45189847^|^803^|^803^|^803
IsEligibleForCable^|^1^|^45189848^|^804^|^804^|^804
IsEligibleForCable^|^1^|^45189849^|^805^|^805^|^805
IsEligibleForCable^|^1^|^45189850^|^806^|^806^|^806
IsEligibleForCable^|^1^|^45189851^|^807^|^807^|^807
IsEligibleForCable^|^1^|^45189852^|^808^|^808^|^808
IsEligibleForCable^|^1^|^45189853^|^809^|^809^|^809
IsEligibleForCable^|^1^|^45189854^|^810^|^810^|^810
IsEligibleForCable^|^1^|^45189855^|^811^|^811^|^811
IsEligibleForCable^|^1^|^45189856^|^812^|^812^|^812
IsEligibleForCable^|^1^|^45189857^|^813^|^813^|^813
IsEligibleForCable^|^1^|^45189858^|^814^|^814^|^814
IsEligibleForCable^|^1^|^45189859^|^815^|^815^|^815
IsEligibleForCable^|^1^|^45189860^|^816^|^816^|^816
IsEligibleForCable^|^1^|^45189861^|^817^|^817^|^817
IsEligibleForCable^|^1^|^45189862^|^818^|^818^|^818
IsEligibleForCable^|^1^|^45189863^|^819^|^819^|^819
IsEligibleForCable^|^1^|^45189864^|^820^|^820^|^820
IsEligibleForCable^|^1^|^45189865^|^821^|^821^|^821
IsEligibleForCable^|^1^|^45189866^|^822^|^822^|^822
IsEligibleForCable^|^1^|^45189867^|^823^|^823^|^823
IsEligibleForCable^|^1^|^45189868^|^824^|^824^|^824
IsEligibleForCable^|^1^|^45189869^|^825^|^825^|^825
IsEligibleForCable^|^1^|^45189870^|^826^|^826^|^826
IsEligibleForCable^|^1^|^45189871^|^827^|^827^|^827
IsEligibleForCable^|^1^|^45189872^|^828^|^828^|^828
IsEligibleForCable^|^1^|^45189873^|^829^|^829^|^829
IsEligibleForCable^|^1^|^45189874^|^830^|^830^|^830
IsEligibleForCable^|^1^|^45189875^|^831^|^831^|^831
IsEligibleForCable^|^1^|^45189876^|^832^|^832^|^832
IsEligibleForCable^|^1^|^45189877^|^833^|^833^|^833
IsEligibleForCable^|^1^|^45189878^|^834^|^834^|^834
IsEligibleForCable^|^1^|^45189879^|^835^|^835^|^835
IsEligibleForCable^|^1^|^45189880^|^836^|^836^|^836
IsEligibleForCable^|^1^|^45189881^|^837^|^837^|^837
IsEligibleForCable^|^1^|^45189882^|^838^|^838^|^838
IsEligibleForCable^|^1^|^45189883^|^839^|^839^|^839
IsEligibleForCable^|^1^|^45189884^|^840^|^840^|^840
IsEligibleForCable^|^1^|^45189885^|^841^|^841^|^841
IsEligibleForCable^|^1^|^45189886^|^842^|^842^|^842
IsEligibleForCable^|^1^|^45189887^|^843^|^843^|^843
IsEligibleForCable^|^1^|^45189888^|^844^|^844^|^844
IsEligibleForCable^|^1^|^45189889^|^845^|^845^|^845
IsEligibleForCable^|^1^|^45189890^|^846^|^846^|^846
IsEligibleForCable^|^1^|^45189891^|^847^|^847^|^847
IsEligibleForCable^|^1^|^45189892^|^848^|^848^|^848
IsEligibleForCable^|^1^|^45189893^|^849^|^849^|^849
IsEligibleForCable^|^1^|^45189894^|^850^|^850^|^850
IsEligibleForCable^|^1^|^45189895^|^851^|^851^|^851
IsEligibleForCable^|^1^|^45189896^|^852^|^852^|^852
IsEligibleForCable^|^1^|^45189897^|^853^|^853^|^853
IsEligibleForCable^|^1^|^45189898^|^854^|^854^|^854
IsEligibleForCable^|^1^|^45189899^|^855^|^855^|^855
IsEligibleForCable^|^1^|^45189900^|^856^|^856^|^856
IsEligibleForCable^|^1^|^45189901^|^857^|^857^|^857
IsEligibleForCable^|^1^|^45189902^|^858^|^858^|^858
IsEligibleForCable^|^1^|^45189903^|^859^|^859^|^859
IsEligibleForCable^|^1^|^45189904^|^860^|^860^|^860
IsEligibleForCable^|^1^|^45189905^|^861^|^861^|^861
IsEligibleForCable^|^1^|^45189906^|^862^|^862^|^862
IsEligibleForCable^|^1^|^45189907^|^863^|^863^|^863
IsEligibleForCable^|^1^|^45189908^|^864^|^864^|^864
IsEligibleForCable^|^1^|^45189909^|^865^|^865^|^865
IsEligibleForCable^|^1^|^45189910^|^866^|^866^|^866
IsEligibleForCable^|^1^|^45189911^|^867^|^867^|^867
IsEligibleForCable^|^1^|^45189912^|^868^|^868^|^868
IsEligibleForCable^|^1^|^45189913^|^869^|^869^|^869
IsEligibleForCable^|^1^|^45189914^|^870^|^870^|^870
IsEligibleForCable^|^1^|^45189915^|^871^|^871^|^871
IsEligibleForCable^|^1^|^45189916^|^872^|^872^|^872
IsEligibleForCable^|^1^|^45189917^|^873^|^873^|^873
IsEligibleForCable^|^1^|^45189918^|^874^|^874^|^874
IsEligibleForCable^|^1^|^45189919^|^875^|^875^|^875
IsEligibleForCable^|^1^|^45189920^|^876^|^876^|^876
IsEligibleForCable^|^1^|^45189921^|^877^|^877^|^877
IsEligibleForCable^|^1^|^45189922^|^878^|^878^|^878
IsEligibleForCable^|^1^|^45189923^|^879^|^879^|^879
IsEligibleForCable^|^1^|^45189924^|^880^|^880^|^880
IsEligibleForCable^|^1^|^45189925^|^881^|^881^|^881
IsEligibleForCable^|^1^|^45189926^|^882^|^882^|^882
IsEligibleForCable^|^1^|^45189927^|^883^|^883^|^883
IsEligibleForCable^|^1^|^45189928^|^884^|^884^|^884
IsEligibleForCable^|^1^|^45189929^|^885^|^885^|^885
IsEligibleForCable^|^1^|^45189930^|^886^|^886^|^886
IsEligibleForCable^|^1^|^45189931^|^887^|^887^|^887
IsEligibleForCable^|^1^|^45189932^|^888^|^888^|^888
IsEligibleForCable^|^1^|^45189933^|^889^|^889^|^889
IsEligibleForCable^|^1^|^45189934^|^890^|^890^|^890
IsEligibleForCable^|^1^|^45189935^|^891^|^891^|^891
IsEligibleForCable^|^1^|^45189936^|^892^|^892^|^892
IsEligibleForCable^|^1^|^45189937^|^893^|^893^|^893
IsEligibleForCable^|^1^|^45189938^|^894^|^894^|^894
IsEligibleForCable^|^1^|^45189939^|^895^|^895^|^895
IsEligibleForCable^|^1^|^45189940^|^896^|^896^|^896
IsEligibleForCable^|^1^|^45189941^|^897^|^897^|^897
IsEligibleForCable^|^1^|^45189942^|^898^|^898^|^898
IsEligibleForCable^|^1^|^45189943^|^899^|^899^|^899
IsEligibleForCable^|^1^|^45189944^|^900^|^900^|^900
IsEligibleForCable^|^1^|^45189945^|^901^|^901^|^901
IsEligibleForCable^|^1^|^45189946^|^902^|^902^|^902
IsEligibleForCable^|^1^|^45189947^|^903^|^903^|^903
IsEligibleForCable^|^1^|^45189948^|^904^|^904^|^904
IsEligibleForCable^|^1^|^45189949^|^905^|^905^|^905
IsEligibleForCable^|^1^|^45189950^|^906^|^906^|^906
IsEligibleForCable^|^1^|^45189951^|^907^|^907^|^907
IsEligibleForCable^|^1^|^45189952^|^908^|^908^|^908
IsEligibleForCable^|^1^|^45189953^|^909^|^909^|^909
IsEligibleForCable^|^1^|^45189954^|^910^|^910^|^910
IsEligibleForCable^|^1^|^45189955^|^911^|^911^|^911
IsEligibleForCable^|^1^|^45189956^|^912^|^912^|^912
IsEligibleForCable^|^1^|^45189957^|^913^|^913^|^913
IsEligibleForCable^|^1^|^45189958^|^914^|^914^|^914
IsEligibleForCable^|^1^|^45189959^|^915^|^915^|^915
IsEligibleForCable^|^1^|^45189960^|^916^|^916^|^916
IsEligibleForCable^|^1^|^45189961^|^917^|^917^|^917
IsEligibleForCable^|^1^|^45189962^|^918^|^918^|^918
IsEligibleForCable^|^1^|^45189963^|^919^|^919^|^919
IsEligibleForCable^|^1^|^45189964^|^920^|^920^|^920
IsEligibleForCable^|^1^|^45189965^|^921^|^921^|^921
IsEligibleForCable^|^1^|^45189966^|^922^|^922^|^922
IsEligibleForCable^|^1^|^45189967^|^923^|^923^|^923
IsEligibleForCable^|^1^|^45189968^|^924^|^924^|^924
IsEligibleForCable^|^1^|^45189969^|^925^|^925^|^925
IsEligibleForCable^|^1^|^45189970^|^926^|^926^|^926
IsEligibleForCable^|^1^|^45189971^|^927^|^927^|^927
IsEligibleForCable^|^1^|^45189972^|^928^|^928^|^928
IsEligibleForCable^|^1^|^45189973^|^929^|^929^|^929
IsEligibleForCable^|^1^|^45189974^|^930^|^930^|^930
IsEligibleForCable^|^1^|^45189975^|^931^|^931^|^931
IsEligibleForCable^|^1^|^45189976^|^932^|^932^|^932
IsEligibleForCable^|^1^|^45189977^|^933^|^933^|^933
IsEligibleForCable^|^1^|^45189978^|^934^|^934^|^934
IsEligibleForCable^|^1^|^45189979^|^935^|^935^|^935
IsEligibleForCable^|^1^|^45189980^|^936^|^936^|^936
IsEligibleForCable^|^1^|^45189981^|^937^|^937^|^937
IsEligibleForCable^|^1^|^45189982^|^938^|^938^|^938
IsEligibleForCable^|^1^|^45189983^|^939^|^939^|^939
IsEligibleForCable^|^1^|^45189984^|^940^|^940^|^940
IsEligibleForCable^|^1^|^45189985^|^941^|^941^|^941
IsEligibleForCable^|^1^|^45189986^|^942^|^942^|^942
IsEligibleForCable^|^1^|^45189987^|^943^|^943^|^943
IsEligibleForCable^|^1^|^45189988^|^944^|^944^|^944
IsEligibleForCable^|^1^|^45189989^|^945^|^945^|^945
IsEligibleForCable^|^1^|^45189990^|^946^|^946^|^946
IsEligibleForCable^|^1^|^45189991^|^947^|^947^|^947
IsEligibleForCable^|^1^|^45189992^|^948^|^948^|^948
IsEligibleForCable^|^1^|^45189993^|^949^|^949^|^949
IsEligibleForCable^|^1^|^45189994^|^950^|^950^|^950
IsEligibleForCable^|^1^|^45189995^|^951^|^951^|^951
IsEligibleForCable^|^1^|^45189996^|^952^|^952^|^952
IsEligibleForCable^|^1^|^45189997^|^953^|^953^|^953
IsEligibleForCable^|^1^|^45189998^|^954^|^954^|^954
IsEligibleForCable^|^1^|^45189999^|^955^|^955^|^955
IsEligibleForCable^|^1^|^45190000^|^956^|^956^|^956
IsEligibleForCable^|^1^|^45190001^|^957^|^957^|^957
IsEligibleForCable^|^1^|^45190002^|^958^|^958^|^958
IsEligibleForCable^|^1^|^45190003^|^959^|^959^|^959
IsEligibleForCable^|^1^|^45190004^|^960^|^960^|^960
IsEligibleForCable^|^1^|^45190005^|^961^|^961^|^961
IsEligibleForCable^|^1^|^45190006^|^962^|^962^|^962
IsEligibleForCable^|^1^|^45190007^|^963^|^963^|^963
IsEligibleForCable^|^1^|^45190008^|^964^|^964^|^964
IsEligibleForCable^|^1^|^45190009^|^965^|^965^|^965
IsEligibleForCable^|^1^|^45190010^|^966^|^966^|^966
IsEligibleForCable^|^1^|^45190011^|^967^|^967^|^967
IsEligibleForCable^|^1^|^45190012^|^968^|^968^|^968
IsEligibleForCable^|^1^|^45190013^|^969^|^969^|^969
IsEligibleForCable^|^1^|^45190014^|^970^|^970^|^970
IsEligibleForCable^|^1^|^45190015^|^971^|^971^|^971
IsEligibleForCable^|^1^|^45190016^|^972^|^972^|^972
IsEligibleForCable^|^1^|^45190017^|^973^|^973^|^973
IsEligibleForCable^|^1^|^45190018^|^974^|^974^|^974
IsEligibleForCable^|^1^|^45190019^|^975^|^975^|^975
IsEligibleForCable^|^1^|^45190020^|^976^|^976^|^976
IsEligibleForCable^|^1^|^45190021^|^977^|^977^|^977
IsEligibleForCable^|^1^|^45190022^|^978^|^978^|^978
IsEligibleForCable^|^1^|^45190023^|^979^|^979^|^979
IsEligibleForCable^|^1^|^45190024^|^980^|^980^|^980
IsEligibleForCable^|^1^|^45190025^|^981^|^981^|^981
IsEligibleForCable^|^1^|^45190026^|^982^|^982^|^982
IsEligibleForCable^|^1^|^45190027^|^983^|^983^|^983
IsEligibleForCable^|^1^|^45190028^|^984^|^984^|^984
IsEligibleForCable^|^1^|^45190029^|^985^|^985^|^985
IsEligibleForCable^|^1^|^45190030^|^986^|^986^|^986
IsEligibleForCable^|^1^|^45190031^|^987^|^987^|^987
IsEligibleForCable^|^1^|^45190032^|^988^|^988^|^988
IsEligibleForCable^|^1^|^45190033^|^989^|^989^|^989
IsEligibleForCable^|^1^|^45190034^|^990^|^990^|^990
IsEligibleForCable^|^1^|^45190035^|^991^|^991^|^991
IsEligibleForCable^|^1^|^45190036^|^992^|^992^|^992
IsEligibleForCable^|^1^|^45190037^|^993^|^993^|^993
IsEligibleForCable^|^1^|^45190038^|^994^|^994^|^994
IsEligibleForCable^|^1^|^45190039^|^995^|^995^|^995
IsEligibleForCable^|^1^|^45190040^|^996^|^996^|^996
IsEligibleForCable^|^1^|^45190041^|^997^|^997^|^997
IsEligibleForCable^|^1^|^45190042^|^998^|^998^|^998
IsEligibleForCable^|^1^|^45190043^|^999^|^999^|^999
IsEligibleForCable^|^1^|^45190044^|^1000^|^1000^|^1000
IsEligibleForCable^|^1^|^45190045^|^1001^|^1001^|^1001
IsEligibleForCable^|^1^|^45190046^|^1002^|^1002^|^1002
IsEligibleForCable^|^1^|^45190047^|^1003^|^1003^|^1003
IsEligibleForCable^|^1^|^45190048^|^1004^|^1004^|^1004
IsEligibleForCable^|^1^|^45190049^|^1005^|^1005^|^1005
IsEligibleForCable^|^1^|^45190050^|^1006^|^1006^|^1006
IsEligibleForCable^|^1^|^45190051^|^1007^|^1007^|^1007
IsEligibleForCable^|^1^|^45190052^|^1008^|^1008^|^1008
IsEligibleForCable^|^1^|^45190053^|^1009^|^1009^|^1009
IsEligibleForCable^|^1^|^45190054^|^1010^|^1010^|^1010
IsEligibleForCable^|^1^|^45190055^|^1011^|^1011^|^1011
IsEligibleForCable^|^1^|^45190056^|^1012^|^1012^|^1012
IsEligibleForCable^|^1^|^45190057^|^1013^|^1013^|^1013
IsEligibleForCable^|^1^|^45190058^|^1014^|^1014^|^1014
IsEligibleForCable^|^1^|^45190059^|^1015^|^1015^|^1015
IsEligibleForCable^|^1^|^45190060^|^1016^|^1016^|^1016
IsEligibleForCable^|^1^|^45190061^|^1017^|^1017^|^1017
IsEligibleForCable^|^1^|^45190062^|^1018^|^1018^|^1018
IsEligibleForCable^|^1^|^45190063^|^1019^|^1019^|^1019
IsEligibleForCable^|^1^|^45190064^|^1020^|^1020^|^1020
IsEligibleForCable^|^1^|^45190065^|^1021^|^1021^|^1021
IsEligibleForCable^|^1^|^45190066^|^1022^|^1022^|^1022
IsEligibleForCable^|^1^|^45190067^|^1023^|^1023^|^1023
IsEligibleForCable^|^1^|^45190068^|^1024^|^1024^|^1024
IsEligibleForCable^|^1^|^45190069^|^1025^|^1025^|^1025
IsEligibleForCable^|^1^|^45190070^|^1026^|^1026^|^1026
IsEligibleForCable^|^1^|^45190071^|^1027^|^1027^|^1027
IsEligibleForCable^|^1^|^45190072^|^1028^|^1028^|^1028
IsEligibleForCable^|^1^|^45190073^|^1029^|^1029^|^1029
IsEligibleForCable^|^1^|^45190074^|^1030^|^1030^|^1030
IsEligibleForCable^|^1^|^45190075^|^1031^|^1031^|^1031
IsEligibleForCable^|^1^|^45190076^|^1032^|^1032^|^1032
IsEligibleForCable^|^1^|^45190077^|^1033^|^1033^|^1033
IsEligibleForCable^|^1^|^45190078^|^1034^|^1034^|^1034
IsEligibleForCable^|^1^|^45190079^|^1035^|^1035^|^1035
IsEligibleForCable^|^1^|^45190080^|^1036^|^1036^|^1036
IsEligibleForCable^|^1^|^45190081^|^1037^|^1037^|^1037
IsEligibleForCable^|^1^|^45190082^|^1038^|^1038^|^1038
IsEligibleForCable^|^1^|^45190083^|^1039^|^1039^|^1039
IsEligibleForCable^|^1^|^45190084^|^1040^|^1040^|^1040
IsEligibleForCable^|^1^|^45190085^|^1041^|^1041^|^1041
IsEligibleForCable^|^1^|^45190086^|^1042^|^1042^|^1042
IsEligibleForCable^|^1^|^45190087^|^1043^|^1043^|^1043
IsEligibleForCable^|^1^|^45190088^|^1044^|^1044^|^1044
IsEligibleForCable^|^1^|^45190089^|^1045^|^1045^|^1045
IsEligibleForCable^|^1^|^45190090^|^1046^|^1046^|^1046