prod_id^|^dwh_valid_from^|^dwh_valid_until^|^dwh_current_flag^|^technologie^|^traeger^|^produktklasse^|^produktbereich^|^produktgruppe^|^produkt^|^produktkomponenten^|^prov_rel_ind^|^description^|^dwh_in_date^|^dwh_last_user^|^dwh_status^|^map_status^|^herkunft
47^|^20180227^|^20200816^|^1^|^GPRS^|^Messaging^|^Nutzung^|^Datenumsatz^|^hyuy^|^7356^|^loik^|^y^|^0^|^20180720^|^SYSDBA^|^AC^|^AC^|^IP
48^|^20180724^|^20200904^|^1^|^GPRS^|^Messaging^|^Nutzung^|^Datenumsatz^|^hyuy^|^7356^|^loik^|^z^|^0^|^20180210^|^SYSDBA^|^AC^|^AC^|^IP
49^|^20180423^|^20200906^|^1^|^GPRS^|^Messaging^|^Nutzung^|^Datenumsatz^|^hyuy^|^7356^|^loik^|^y^|^0^|^20181017^|^SYSDBA^|^AC^|^AC^|^IP
50^|^20180117^|^20200122^|^1^|^GPRS^|^Messaging^|^Nutzung^|^Datenumsatz^|^hyuy^|^7356^|^loik^|^y^|^0^|^20181102^|^SYSDBA^|^AC^|^AC^|^IP
51^|^20181109^|^20200906^|^1^|^GPRS^|^Messaging^|^Nutzung^|^Datenumsatz^|^hyuy^|^7356^|^loik^|^z^|^0^|^20180403^|^SYSDBA^|^AC^|^AC^|^IP
52^|^20180712^|^20200509^|^1^|^GPRS^|^Messaging^|^Nutzung^|^Datenumsatz^|^hyuy^|^7356^|^loik^|^z^|^0^|^20181013^|^SYSDBA^|^AC^|^AC^|^IP
53^|^20181127^|^20200909^|^1^|^GPRS^|^Messaging^|^Nutzung^|^Datenumsatz^|^hyuy^|^7356^|^loik^|^z^|^0^|^20180427^|^SYSDBA^|^AC^|^AC^|^IP
54^|^20180301^|^20200816^|^1^|^GPRS^|^Messaging^|^Nutzung^|^Datenumsatz^|^hyuy^|^7356^|^loik^|^z^|^0^|^20181008^|^SYSDBA^|^AC^|^AC^|^IP
55^|^20180417^|^20200607^|^1^|^GPRS^|^Messaging^|^Nutzung^|^Datenumsatz^|^hyuy^|^7356^|^loik^|^z^|^0^|^20180222^|^SYSDBA^|^AC^|^AC^|^IP
56^|^20180924^|^20201102^|^1^|^GPRS^|^Messaging^|^Nutzung^|^Datenumsatz^|^hyuy^|^7356^|^loik^|^y^|^0^|^20180816^|^SYSDBA^|^AC^|^AC^|^IP
57^|^20180804^|^20200619^|^1^|^GPRS^|^Messaging^|^Nutzung^|^Datenumsatz^|^hyuy^|^7356^|^loik^|^y^|^0^|^20180107^|^SYSDBA^|^AC^|^AC^|^IP
58^|^20181219^|^20200322^|^1^|^GPRS^|^Messaging^|^Nutzung^|^Datenumsatz^|^hyuy^|^7356^|^loik^|^y^|^0^|^20180805^|^SYSDBA^|^AC^|^AC^|^IP
59^|^20181102^|^20200112^|^1^|^GPRS^|^Messaging^|^Nutzung^|^Datenumsatz^|^hyuy^|^7356^|^loik^|^z^|^0^|^20180118^|^SYSDBA^|^AC^|^AC^|^IP
60^|^20180817^|^20200624^|^1^|^GPRS^|^Messaging^|^Nutzung^|^Datenumsatz^|^hyuy^|^7356^|^loik^|^y^|^0^|^20180717^|^SYSDBA^|^AC^|^AC^|^IP
61^|^20180618^|^20200524^|^1^|^GPRS^|^Messaging^|^Nutzung^|^Datenumsatz^|^hyuy^|^7356^|^loik^|^z^|^0^|^20180301^|^SYSDBA^|^AC^|^AC^|^IP
62^|^20180615^|^20200930^|^1^|^GPRS^|^Messaging^|^Nutzung^|^Datenumsatz^|^hyuy^|^7356^|^loik^|^y^|^0^|^20180914^|^SYSDBA^|^AC^|^AC^|^IP
63^|^20181229^|^20200402^|^1^|^GPRS^|^Messaging^|^Nutzung^|^Datenumsatz^|^hyuy^|^7356^|^loik^|^z^|^0^|^20180509^|^SYSDBA^|^AC^|^AC^|^IP
64^|^20181214^|^20201023^|^1^|^GPRS^|^Messaging^|^Nutzung^|^Datenumsatz^|^hyuy^|^7356^|^loik^|^y^|^0^|^20180125^|^SYSDBA^|^AC^|^AC^|^IP
65^|^20181030^|^20201026^|^1^|^GPRS^|^Messaging^|^Nutzung^|^Datenumsatz^|^hyuy^|^7356^|^loik^|^y^|^0^|^20181222^|^SYSDBA^|^AC^|^AC^|^IP
66^|^20180922^|^20200113^|^1^|^GPRS^|^Messaging^|^Nutzung^|^Datenumsatz^|^hyuy^|^7356^|^loik^|^z^|^0^|^20180813^|^SYSDBA^|^AC^|^AC^|^IP
67^|^20180602^|^20200812^|^1^|^GPRS^|^Messaging^|^Nutzung^|^Datenumsatz^|^hyuy^|^7356^|^loik^|^z^|^0^|^20181208^|^SYSDBA^|^AC^|^AC^|^IP
68^|^20180821^|^20201029^|^1^|^GPRS^|^Messaging^|^Nutzung^|^Datenumsatz^|^hyuy^|^7356^|^loik^|^y^|^0^|^20180115^|^SYSDBA^|^AC^|^AC^|^IP
69^|^20181030^|^20201228^|^1^|^GPRS^|^Messaging^|^Nutzung^|^Datenumsatz^|^hyuy^|^7356^|^loik^|^z^|^0^|^20180717^|^SYSDBA^|^AC^|^AC^|^IP
70^|^20180105^|^20200129^|^1^|^GPRS^|^Messaging^|^Nutzung^|^Datenumsatz^|^hyuy^|^7356^|^loik^|^y^|^0^|^20180316^|^SYSDBA^|^AC^|^AC^|^IP
71^|^20181230^|^20201229^|^1^|^GPRS^|^Messaging^|^Nutzung^|^Datenumsatz^|^hyuy^|^7356^|^loik^|^y^|^0^|^20181002^|^SYSDBA^|^AC^|^AC^|^IP
72^|^20180206^|^20201225^|^1^|^GPRS^|^Messaging^|^Nutzung^|^Datenumsatz^|^hyuy^|^7356^|^loik^|^y^|^0^|^20180622^|^SYSDBA^|^AC^|^AC^|^IP
73^|^20181225^|^20200311^|^1^|^GPRS^|^Messaging^|^Nutzung^|^Datenumsatz^|^hyuy^|^7356^|^loik^|^z^|^0^|^20180805^|^SYSDBA^|^AC^|^AC^|^IP
74^|^20180907^|^20200928^|^1^|^GPRS^|^Messaging^|^Nutzung^|^Datenumsatz^|^hyuy^|^7356^|^loik^|^y^|^0^|^20181105^|^SYSDBA^|^AC^|^AC^|^IP
75^|^20180620^|^20201106^|^1^|^GPRS^|^Messaging^|^Nutzung^|^Datenumsatz^|^hyuy^|^7356^|^loik^|^y^|^0^|^20181104^|^SYSDBA^|^AC^|^AC^|^IP
76^|^20180310^|^20200104^|^1^|^GPRS^|^Messaging^|^Nutzung^|^Datenumsatz^|^hyuy^|^7356^|^loik^|^y^|^0^|^20181101^|^SYSDBA^|^AC^|^AC^|^IP
77^|^20180306^|^20200810^|^1^|^GPRS^|^Messaging^|^Nutzung^|^Datenumsatz^|^hyuy^|^7356^|^loik^|^z^|^0^|^20180209^|^SYSDBA^|^AC^|^AC^|^IP
78^|^20180507^|^20200420^|^1^|^GPRS^|^Messaging^|^Nutzung^|^Datenumsatz^|^hyuy^|^7356^|^loik^|^y^|^0^|^20181127^|^SYSDBA^|^AC^|^AC^|^IP
79^|^20180215^|^20200103^|^1^|^GPRS^|^Messaging^|^Nutzung^|^Datenumsatz^|^hyuy^|^7356^|^loik^|^z^|^0^|^20180118^|^SYSDBA^|^AC^|^AC^|^IP
80^|^20180921^|^20201102^|^1^|^GPRS^|^Messaging^|^Nutzung^|^Datenumsatz^|^hyuy^|^7356^|^loik^|^z^|^0^|^20180930^|^SYSDBA^|^AC^|^AC^|^IP
81^|^20180321^|^20200110^|^1^|^GPRS^|^Messaging^|^Nutzung^|^Datenumsatz^|^hyuy^|^7356^|^loik^|^y^|^0^|^20181009^|^SYSDBA^|^AC^|^AC^|^IP
82^|^20180812^|^20201017^|^1^|^GPRS^|^Messaging^|^Nutzung^|^Datenumsatz^|^hyuy^|^7356^|^loik^|^y^|^0^|^20180113^|^SYSDBA^|^AC^|^AC^|^IP
83^|^20180402^|^20201128^|^1^|^GPRS^|^Messaging^|^Nutzung^|^Datenumsatz^|^hyuy^|^7356^|^loik^|^z^|^0^|^20180517^|^SYSDBA^|^AC^|^AC^|^IP
84^|^20180731^|^20200704^|^1^|^GPRS^|^Messaging^|^Nutzung^|^Datenumsatz^|^hyuy^|^7356^|^loik^|^y^|^0^|^20181210^|^SYSDBA^|^AC^|^AC^|^IP
85^|^20180212^|^20200311^|^1^|^GPRS^|^Messaging^|^Nutzung^|^Datenumsatz^|^hyuy^|^7356^|^loik^|^z^|^0^|^20181008^|^SYSDBA^|^AC^|^AC^|^IP
86^|^20181219^|^20201030^|^1^|^GPRS^|^Messaging^|^Nutzung^|^Datenumsatz^|^hyuy^|^7356^|^loik^|^z^|^0^|^20180117^|^SYSDBA^|^AC^|^AC^|^IP
87^|^20180421^|^20201220^|^1^|^GPRS^|^Messaging^|^Nutzung^|^Datenumsatz^|^hyuy^|^7356^|^loik^|^y^|^0^|^20181022^|^SYSDBA^|^AC^|^AC^|^IP
88^|^20180505^|^20201103^|^1^|^GPRS^|^Messaging^|^Nutzung^|^Datenumsatz^|^hyuy^|^7356^|^loik^|^y^|^0^|^20180121^|^SYSDBA^|^AC^|^AC^|^IP
89^|^20181224^|^20200723^|^1^|^GPRS^|^Messaging^|^Nutzung^|^Datenumsatz^|^hyuy^|^7356^|^loik^|^z^|^0^|^20180420^|^SYSDBA^|^AC^|^AC^|^IP
90^|^20181220^|^20201207^|^1^|^GPRS^|^Messaging^|^Nutzung^|^Datenumsatz^|^hyuy^|^7356^|^loik^|^y^|^0^|^20180528^|^SYSDBA^|^AC^|^AC^|^IP
91^|^20180131^|^20200718^|^1^|^GPRS^|^Messaging^|^Nutzung^|^Datenumsatz^|^hyuy^|^7356^|^loik^|^z^|^0^|^20180609^|^SYSDBA^|^AC^|^AC^|^IP
92^|^20180319^|^20201104^|^1^|^GPRS^|^Messaging^|^Nutzung^|^Datenumsatz^|^hyuy^|^7356^|^loik^|^y^|^0^|^20180730^|^SYSDBA^|^AC^|^AC^|^IP
93^|^20181213^|^20200415^|^1^|^GPRS^|^Messaging^|^Nutzung^|^Datenumsatz^|^hyuy^|^7356^|^loik^|^y^|^0^|^20181218^|^SYSDBA^|^AC^|^AC^|^IP
94^|^20180113^|^20200901^|^1^|^GPRS^|^Messaging^|^Nutzung^|^Datenumsatz^|^hyuy^|^7356^|^loik^|^y^|^0^|^20180513^|^SYSDBA^|^AC^|^AC^|^IP
95^|^20180528^|^20200328^|^1^|^GPRS^|^Messaging^|^Nutzung^|^Datenumsatz^|^hyuy^|^7356^|^loik^|^z^|^0^|^20180609^|^SYSDBA^|^AC^|^AC^|^IP
96^|^20180316^|^20201018^|^1^|^GPRS^|^Messaging^|^Nutzung^|^Datenumsatz^|^hyuy^|^7356^|^loik^|^y^|^0^|^20180410^|^SYSDBA^|^AC^|^AC^|^IP
97^|^20181217^|^20200512^|^1^|^GPRS^|^Messaging^|^Nutzung^|^Datenumsatz^|^hyuy^|^7356^|^loik^|^z^|^0^|^20180716^|^SYSDBA^|^AC^|^AC^|^IP
98^|^20180629^|^20200912^|^1^|^GPRS^|^Messaging^|^Nutzung^|^Datenumsatz^|^hyuy^|^7356^|^loik^|^y^|^0^|^20180722^|^SYSDBA^|^AC^|^AC^|^IP
99^|^20180812^|^20200318^|^1^|^GPRS^|^Messaging^|^Nutzung^|^Datenumsatz^|^hyuy^|^7356^|^loik^|^z^|^0^|^20181021^|^SYSDBA^|^AC^|^AC^|^IP
100^|^20180315^|^20200601^|^1^|^GPRS^|^Messaging^|^Nutzung^|^Datenumsatz^|^hyuy^|^7356^|^loik^|^z^|^0^|^20180723^|^SYSDBA^|^AC^|^AC^|^IP
101^|^20180622^|^20201225^|^1^|^GPRS^|^Messaging^|^Nutzung^|^Datenumsatz^|^hyuy^|^7356^|^loik^|^y^|^0^|^20180510^|^SYSDBA^|^AC^|^AC^|^IP
102^|^20181225^|^20200424^|^1^|^GPRS^|^Messaging^|^Nutzung^|^Datenumsatz^|^hyuy^|^7356^|^loik^|^y^|^0^|^20180214^|^SYSDBA^|^AC^|^AC^|^IP
103^|^20181025^|^20200528^|^1^|^GPRS^|^Messaging^|^Nutzung^|^Datenumsatz^|^hyuy^|^7356^|^loik^|^y^|^0^|^20180507^|^SYSDBA^|^AC^|^AC^|^IP
104^|^20181215^|^20200106^|^1^|^GPRS^|^Messaging^|^Nutzung^|^Datenumsatz^|^hyuy^|^7356^|^loik^|^z^|^0^|^20180409^|^SYSDBA^|^AC^|^AC^|^IP
105^|^20180517^|^20200422^|^1^|^GPRS^|^Messaging^|^Nutzung^|^Datenumsatz^|^hyuy^|^7356^|^loik^|^y^|^0^|^20180831^|^SYSDBA^|^AC^|^AC^|^IP
106^|^20181008^|^20200623^|^1^|^GPRS^|^Messaging^|^Nutzung^|^Datenumsatz^|^hyuy^|^7356^|^loik^|^z^|^0^|^20181005^|^SYSDBA^|^AC^|^AC^|^IP
107^|^20181110^|^20200721^|^1^|^GPRS^|^Messaging^|^Nutzung^|^Datenumsatz^|^hyuy^|^7356^|^loik^|^z^|^0^|^20181027^|^SYSDBA^|^AC^|^AC^|^IP
108^|^20181206^|^20200920^|^1^|^GPRS^|^Messaging^|^Nutzung^|^Datenumsatz^|^hyuy^|^7356^|^loik^|^z^|^0^|^20181104^|^SYSDBA^|^AC^|^AC^|^IP
109^|^20180115^|^20200518^|^1^|^GPRS^|^Messaging^|^Nutzung^|^Datenumsatz^|^hyuy^|^7356^|^loik^|^y^|^0^|^20180217^|^SYSDBA^|^AC^|^AC^|^IP
110^|^20180112^|^20201219^|^1^|^GPRS^|^Messaging^|^Nutzung^|^Datenumsatz^|^hyuy^|^7356^|^loik^|^y^|^0^|^20180326^|^SYSDBA^|^AC^|^AC^|^IP
111^|^20181112^|^20201209^|^1^|^GPRS^|^Messaging^|^Nutzung^|^Datenumsatz^|^hyuy^|^7356^|^loik^|^z^|^0^|^20180712^|^SYSDBA^|^AC^|^AC^|^IP
112^|^20181212^|^20200912^|^1^|^GPRS^|^Messaging^|^Nutzung^|^Datenumsatz^|^hyuy^|^7356^|^loik^|^z^|^0^|^20180124^|^SYSDBA^|^AC^|^AC^|^IP
113^|^20181215^|^20200225^|^1^|^GPRS^|^Messaging^|^Nutzung^|^Datenumsatz^|^hyuy^|^7356^|^loik^|^y^|^0^|^20180102^|^SYSDBA^|^AC^|^AC^|^IP
114^|^20180108^|^20200331^|^1^|^GPRS^|^Messaging^|^Nutzung^|^Datenumsatz^|^hyuy^|^7356^|^loik^|^y^|^0^|^20180801^|^SYSDBA^|^AC^|^AC^|^IP
115^|^20180209^|^20200212^|^1^|^GPRS^|^Messaging^|^Nutzung^|^Datenumsatz^|^hyuy^|^7356^|^loik^|^z^|^0^|^20180925^|^SYSDBA^|^AC^|^AC^|^IP
116^|^20180830^|^20200408^|^1^|^GPRS^|^Messaging^|^Nutzung^|^Datenumsatz^|^hyuy^|^7356^|^loik^|^y^|^0^|^20180101^|^SYSDBA^|^AC^|^AC^|^IP
117^|^20180706^|^20201129^|^1^|^GPRS^|^Messaging^|^Nutzung^|^Datenumsatz^|^hyuy^|^7356^|^loik^|^z^|^0^|^20181019^|^SYSDBA^|^AC^|^AC^|^IP
118^|^20181201^|^20200218^|^1^|^GPRS^|^Messaging^|^Nutzung^|^Datenumsatz^|^hyuy^|^7356^|^loik^|^y^|^0^|^20180930^|^SYSDBA^|^AC^|^AC^|^IP
119^|^20181127^|^20201004^|^1^|^GPRS^|^Messaging^|^Nutzung^|^Datenumsatz^|^hyuy^|^7356^|^loik^|^y^|^0^|^20180821^|^SYSDBA^|^AC^|^AC^|^IP
120^|^20180606^|^20201001^|^1^|^GPRS^|^Messaging^|^Nutzung^|^Datenumsatz^|^hyuy^|^7356^|^loik^|^z^|^0^|^20181225^|^SYSDBA^|^AC^|^AC^|^IP
121^|^20180813^|^20200428^|^1^|^GPRS^|^Messaging^|^Nutzung^|^Datenumsatz^|^hyuy^|^7356^|^loik^|^z^|^0^|^20180622^|^SYSDBA^|^AC^|^AC^|^IP
122^|^20180704^|^20201108^|^1^|^GPRS^|^Messaging^|^Nutzung^|^Datenumsatz^|^hyuy^|^7356^|^loik^|^y^|^0^|^20180703^|^SYSDBA^|^AC^|^AC^|^IP
123^|^20180104^|^20200809^|^1^|^GPRS^|^Messaging^|^Nutzung^|^Datenumsatz^|^hyuy^|^7356^|^loik^|^z^|^0^|^20180223^|^SYSDBA^|^AC^|^AC^|^IP
124^|^20181022^|^20200928^|^1^|^GPRS^|^Messaging^|^Nutzung^|^Datenumsatz^|^hyuy^|^7356^|^loik^|^y^|^0^|^20181023^|^SYSDBA^|^AC^|^AC^|^IP
125^|^20180510^|^20200328^|^1^|^GPRS^|^Messaging^|^Nutzung^|^Datenumsatz^|^hyuy^|^7356^|^loik^|^z^|^0^|^20180607^|^SYSDBA^|^AC^|^AC^|^IP
126^|^20181015^|^20200901^|^1^|^GPRS^|^Messaging^|^Nutzung^|^Datenumsatz^|^hyuy^|^7356^|^loik^|^y^|^0^|^20180721^|^SYSDBA^|^AC^|^AC^|^IP
127^|^20180930^|^20200924^|^1^|^GPRS^|^Messaging^|^Nutzung^|^Datenumsatz^|^hyuy^|^7356^|^loik^|^z^|^0^|^20180214^|^SYSDBA^|^AC^|^AC^|^IP
128^|^20180909^|^20200811^|^1^|^GPRS^|^Messaging^|^Nutzung^|^Datenumsatz^|^hyuy^|^7356^|^loik^|^y^|^0^|^20180929^|^SYSDBA^|^AC^|^AC^|^IP
129^|^20180121^|^20200213^|^1^|^GPRS^|^Messaging^|^Nutzung^|^Datenumsatz^|^hyuy^|^7356^|^loik^|^z^|^0^|^20180819^|^SYSDBA^|^AC^|^AC^|^IP
130^|^20180617^|^20200305^|^1^|^GPRS^|^Messaging^|^Nutzung^|^Datenumsatz^|^hyuy^|^7356^|^loik^|^y^|^0^|^20180308^|^SYSDBA^|^AC^|^AC^|^IP
131^|^20181213^|^20200417^|^1^|^GPRS^|^Messaging^|^Nutzung^|^Datenumsatz^|^hyuy^|^7356^|^loik^|^y^|^0^|^20180623^|^SYSDBA^|^AC^|^AC^|^IP
132^|^20180730^|^20200325^|^1^|^GPRS^|^Messaging^|^Nutzung^|^Datenumsatz^|^hyuy^|^7356^|^loik^|^z^|^0^|^20180324^|^SYSDBA^|^AC^|^AC^|^IP
133^|^20181114^|^20200106^|^1^|^GPRS^|^Messaging^|^Nutzung^|^Datenumsatz^|^hyuy^|^7356^|^loik^|^y^|^0^|^20180731^|^SYSDBA^|^AC^|^AC^|^IP
134^|^20181122^|^20200524^|^1^|^GPRS^|^Messaging^|^Nutzung^|^Datenumsatz^|^hyuy^|^7356^|^loik^|^z^|^0^|^20180320^|^SYSDBA^|^AC^|^AC^|^IP
135^|^20180925^|^20200407^|^1^|^GPRS^|^Messaging^|^Nutzung^|^Datenumsatz^|^hyuy^|^7356^|^loik^|^y^|^0^|^20180430^|^SYSDBA^|^AC^|^AC^|^IP
136^|^20180512^|^20201014^|^1^|^GPRS^|^Messaging^|^Nutzung^|^Datenumsatz^|^hyuy^|^7356^|^loik^|^z^|^0^|^20181002^|^SYSDBA^|^AC^|^AC^|^IP
137^|^20181017^|^20200503^|^1^|^GPRS^|^Messaging^|^Nutzung^|^Datenumsatz^|^hyuy^|^7356^|^loik^|^y^|^0^|^20180304^|^SYSDBA^|^AC^|^AC^|^IP
138^|^20180120^|^20200811^|^1^|^GPRS^|^Messaging^|^Nutzung^|^Datenumsatz^|^hyuy^|^7356^|^loik^|^z^|^0^|^20180124^|^SYSDBA^|^AC^|^AC^|^IP
139^|^20180907^|^20200407^|^1^|^GPRS^|^Messaging^|^Nutzung^|^Datenumsatz^|^hyuy^|^7356^|^loik^|^z^|^0^|^20180326^|^SYSDBA^|^AC^|^AC^|^IP
140^|^20180921^|^20200515^|^1^|^GPRS^|^Messaging^|^Nutzung^|^Datenumsatz^|^hyuy^|^7356^|^loik^|^y^|^0^|^20180102^|^SYSDBA^|^AC^|^AC^|^IP
141^|^20180805^|^20200121^|^1^|^GPRS^|^Messaging^|^Nutzung^|^Datenumsatz^|^hyuy^|^7356^|^loik^|^y^|^0^|^20181009^|^SYSDBA^|^AC^|^AC^|^IP
142^|^20181204^|^20200829^|^1^|^GPRS^|^Messaging^|^Nutzung^|^Datenumsatz^|^hyuy^|^7356^|^loik^|^z^|^0^|^20180923^|^SYSDBA^|^AC^|^AC^|^IP
143^|^20180721^|^20201211^|^1^|^GPRS^|^Messaging^|^Nutzung^|^Datenumsatz^|^hyuy^|^7356^|^loik^|^y^|^0^|^20180626^|^SYSDBA^|^AC^|^AC^|^IP
144^|^20181229^|^20200614^|^1^|^GPRS^|^Messaging^|^Nutzung^|^Datenumsatz^|^hyuy^|^7356^|^loik^|^y^|^0^|^20180106^|^SYSDBA^|^AC^|^AC^|^IP
145^|^20181128^|^20200602^|^1^|^GPRS^|^Messaging^|^Nutzung^|^Datenumsatz^|^hyuy^|^7356^|^loik^|^z^|^0^|^20180711^|^SYSDBA^|^AC^|^AC^|^IP
146^|^20181224^|^20200118^|^1^|^GPRS^|^Messaging^|^Nutzung^|^Datenumsatz^|^hyuy^|^7356^|^loik^|^z^|^0^|^20180613^|^SYSDBA^|^AC^|^AC^|^IP
147^|^20180608^|^20201122^|^1^|^GPRS^|^Messaging^|^Nutzung^|^Datenumsatz^|^hyuy^|^7356^|^loik^|^z^|^0^|^20180907^|^SYSDBA^|^AC^|^AC^|^IP
148^|^20180124^|^20200821^|^1^|^GPRS^|^Messaging^|^Nutzung^|^Datenumsatz^|^hyuy^|^7356^|^loik^|^z^|^0^|^20180207^|^SYSDBA^|^AC^|^AC^|^IP
149^|^20181228^|^20200416^|^1^|^GPRS^|^Messaging^|^Nutzung^|^Datenumsatz^|^hyuy^|^7356^|^loik^|^z^|^0^|^20180502^|^SYSDBA^|^AC^|^AC^|^IP
150^|^20180115^|^20200929^|^1^|^GPRS^|^Messaging^|^Nutzung^|^Datenumsatz^|^hyuy^|^7356^|^loik^|^z^|^0^|^20180606^|^SYSDBA^|^AC^|^AC^|^IP
151^|^20180901^|^20200502^|^1^|^GPRS^|^Messaging^|^Nutzung^|^Datenumsatz^|^hyuy^|^7356^|^loik^|^y^|^0^|^20180518^|^SYSDBA^|^AC^|^AC^|^IP
152^|^20180809^|^20200603^|^1^|^GPRS^|^Messaging^|^Nutzung^|^Datenumsatz^|^hyuy^|^7356^|^loik^|^y^|^0^|^20181101^|^SYSDBA^|^AC^|^AC^|^IP
153^|^20180815^|^20200812^|^1^|^GPRS^|^Messaging^|^Nutzung^|^Datenumsatz^|^hyuy^|^7356^|^loik^|^z^|^0^|^20180810^|^SYSDBA^|^AC^|^AC^|^IP
154^|^20180304^|^20200603^|^1^|^GPRS^|^Messaging^|^Nutzung^|^Datenumsatz^|^hyuy^|^7356^|^loik^|^y^|^0^|^20181214^|^SYSDBA^|^AC^|^AC^|^IP
155^|^20180105^|^20200104^|^1^|^GPRS^|^Messaging^|^Nutzung^|^Datenumsatz^|^hyuy^|^7356^|^loik^|^y^|^0^|^20180128^|^SYSDBA^|^AC^|^AC^|^IP
156^|^20180119^|^20201225^|^1^|^GPRS^|^Messaging^|^Nutzung^|^Datenumsatz^|^hyuy^|^7356^|^loik^|^z^|^0^|^20180604^|^SYSDBA^|^AC^|^AC^|^IP
157^|^20180411^|^20200204^|^1^|^GPRS^|^Messaging^|^Nutzung^|^Datenumsatz^|^hyuy^|^7356^|^loik^|^y^|^0^|^20180314^|^SYSDBA^|^AC^|^AC^|^IP
158^|^20180315^|^20201001^|^1^|^GPRS^|^Messaging^|^Nutzung^|^Datenumsatz^|^hyuy^|^7356^|^loik^|^y^|^0^|^20180919^|^SYSDBA^|^AC^|^AC^|^IP
159^|^20180323^|^20200114^|^1^|^GPRS^|^Messaging^|^Nutzung^|^Datenumsatz^|^hyuy^|^7356^|^loik^|^z^|^0^|^20180213^|^SYSDBA^|^AC^|^AC^|^IP
160^|^20180916^|^20200620^|^1^|^GPRS^|^Messaging^|^Nutzung^|^Datenumsatz^|^hyuy^|^7356^|^loik^|^z^|^0^|^20180428^|^SYSDBA^|^AC^|^AC^|^IP
161^|^20180319^|^20200210^|^1^|^GPRS^|^Messaging^|^Nutzung^|^Datenumsatz^|^hyuy^|^7356^|^loik^|^y^|^0^|^20180102^|^SYSDBA^|^AC^|^AC^|^IP
162^|^20180220^|^20200303^|^1^|^GPRS^|^Messaging^|^Nutzung^|^Datenumsatz^|^hyuy^|^7356^|^loik^|^y^|^0^|^20180317^|^SYSDBA^|^AC^|^AC^|^IP
163^|^20180103^|^20200720^|^1^|^GPRS^|^Messaging^|^Nutzung^|^Datenumsatz^|^hyuy^|^7356^|^loik^|^y^|^0^|^20180331^|^SYSDBA^|^AC^|^AC^|^IP
164^|^20180116^|^20201027^|^1^|^GPRS^|^Messaging^|^Nutzung^|^Datenumsatz^|^hyuy^|^7356^|^loik^|^z^|^0^|^20180522^|^SYSDBA^|^AC^|^AC^|^IP
165^|^20180115^|^20200223^|^1^|^GPRS^|^Messaging^|^Nutzung^|^Datenumsatz^|^hyuy^|^7356^|^loik^|^y^|^0^|^20180513^|^SYSDBA^|^AC^|^AC^|^IP
166^|^20180228^|^20200204^|^1^|^GPRS^|^Messaging^|^Nutzung^|^Datenumsatz^|^hyuy^|^7356^|^loik^|^y^|^0^|^20180409^|^SYSDBA^|^AC^|^AC^|^IP
167^|^20180620^|^20200806^|^1^|^GPRS^|^Messaging^|^Nutzung^|^Datenumsatz^|^hyuy^|^7356^|^loik^|^z^|^0^|^20180701^|^SYSDBA^|^AC^|^AC^|^IP
168^|^20180202^|^20201003^|^1^|^GPRS^|^Messaging^|^Nutzung^|^Datenumsatz^|^hyuy^|^7356^|^loik^|^z^|^0^|^20180624^|^SYSDBA^|^AC^|^AC^|^IP
169^|^20181125^|^20201006^|^1^|^GPRS^|^Messaging^|^Nutzung^|^Datenumsatz^|^hyuy^|^7356^|^loik^|^y^|^0^|^20181018^|^SYSDBA^|^AC^|^AC^|^IP
170^|^20181004^|^20200719^|^1^|^GPRS^|^Messaging^|^Nutzung^|^Datenumsatz^|^hyuy^|^7356^|^loik^|^y^|^0^|^20181004^|^SYSDBA^|^AC^|^AC^|^IP
171^|^20180718^|^20200514^|^1^|^GPRS^|^Messaging^|^Nutzung^|^Datenumsatz^|^hyuy^|^7356^|^loik^|^y^|^0^|^20180119^|^SYSDBA^|^AC^|^AC^|^IP
172^|^20180414^|^20200206^|^1^|^GPRS^|^Messaging^|^Nutzung^|^Datenumsatz^|^hyuy^|^7356^|^loik^|^z^|^0^|^20181023^|^SYSDBA^|^AC^|^AC^|^IP
173^|^20180522^|^20200729^|^1^|^GPRS^|^Messaging^|^Nutzung^|^Datenumsatz^|^hyuy^|^7356^|^loik^|^z^|^0^|^20180719^|^SYSDBA^|^AC^|^AC^|^IP
174^|^20180220^|^20200617^|^1^|^GPRS^|^Messaging^|^Nutzung^|^Datenumsatz^|^hyuy^|^7356^|^loik^|^y^|^0^|^20180629^|^SYSDBA^|^AC^|^AC^|^IP
175^|^20180322^|^20200327^|^1^|^GPRS^|^Messaging^|^Nutzung^|^Datenumsatz^|^hyuy^|^7356^|^loik^|^z^|^0^|^20180823^|^SYSDBA^|^AC^|^AC^|^IP
176^|^20181022^|^20200617^|^1^|^GPRS^|^Messaging^|^Nutzung^|^Datenumsatz^|^hyuy^|^7356^|^loik^|^z^|^0^|^20180326^|^SYSDBA^|^AC^|^AC^|^IP
177^|^20180920^|^20201124^|^1^|^GPRS^|^Messaging^|^Nutzung^|^Datenumsatz^|^hyuy^|^7356^|^loik^|^z^|^0^|^20181015^|^SYSDBA^|^AC^|^AC^|^IP
178^|^20180731^|^20201018^|^1^|^GPRS^|^Messaging^|^Nutzung^|^Datenumsatz^|^hyuy^|^7356^|^loik^|^z^|^0^|^20181204^|^SYSDBA^|^AC^|^AC^|^IP
179^|^20180528^|^20200831^|^1^|^GPRS^|^Messaging^|^Nutzung^|^Datenumsatz^|^hyuy^|^7356^|^loik^|^y^|^0^|^20181013^|^SYSDBA^|^AC^|^AC^|^IP
180^|^20181229^|^20200302^|^1^|^GPRS^|^Messaging^|^Nutzung^|^Datenumsatz^|^hyuy^|^7356^|^loik^|^y^|^0^|^20180629^|^SYSDBA^|^AC^|^AC^|^IP
181^|^20180127^|^20200106^|^1^|^GPRS^|^Messaging^|^Nutzung^|^Datenumsatz^|^hyuy^|^7356^|^loik^|^y^|^0^|^20180906^|^SYSDBA^|^AC^|^AC^|^IP
182^|^20180116^|^20200516^|^1^|^GPRS^|^Messaging^|^Nutzung^|^Datenumsatz^|^hyuy^|^7356^|^loik^|^z^|^0^|^20180811^|^SYSDBA^|^AC^|^AC^|^IP
183^|^20180119^|^20200815^|^1^|^GPRS^|^Messaging^|^Nutzung^|^Datenumsatz^|^hyuy^|^7356^|^loik^|^z^|^0^|^20180305^|^SYSDBA^|^AC^|^AC^|^IP
184^|^20181113^|^20200315^|^1^|^GPRS^|^Messaging^|^Nutzung^|^Datenumsatz^|^hyuy^|^7356^|^loik^|^z^|^0^|^20180723^|^SYSDBA^|^AC^|^AC^|^IP
185^|^20181204^|^20200704^|^1^|^GPRS^|^Messaging^|^Nutzung^|^Datenumsatz^|^hyuy^|^7356^|^loik^|^z^|^0^|^20180124^|^SYSDBA^|^AC^|^AC^|^IP
186^|^20180503^|^20200415^|^1^|^GPRS^|^Messaging^|^Nutzung^|^Datenumsatz^|^hyuy^|^7356^|^loik^|^z^|^0^|^20180217^|^SYSDBA^|^AC^|^AC^|^IP
187^|^20180906^|^20200306^|^1^|^GPRS^|^Messaging^|^Nutzung^|^Datenumsatz^|^hyuy^|^7356^|^loik^|^y^|^0^|^20180519^|^SYSDBA^|^AC^|^AC^|^IP
188^|^20181107^|^20200830^|^1^|^GPRS^|^Messaging^|^Nutzung^|^Datenumsatz^|^hyuy^|^7356^|^loik^|^z^|^0^|^20180721^|^SYSDBA^|^AC^|^AC^|^IP
189^|^20180814^|^20201105^|^1^|^GPRS^|^Messaging^|^Nutzung^|^Datenumsatz^|^hyuy^|^7356^|^loik^|^y^|^0^|^20181107^|^SYSDBA^|^AC^|^AC^|^IP
190^|^20180101^|^20200525^|^1^|^GPRS^|^Messaging^|^Nutzung^|^Datenumsatz^|^hyuy^|^7356^|^loik^|^y^|^0^|^20180318^|^SYSDBA^|^AC^|^AC^|^IP
191^|^20180816^|^20200407^|^1^|^GPRS^|^Messaging^|^Nutzung^|^Datenumsatz^|^hyuy^|^7356^|^loik^|^y^|^0^|^20180519^|^SYSDBA^|^AC^|^AC^|^IP
192^|^20181220^|^20201204^|^1^|^GPRS^|^Messaging^|^Nutzung^|^Datenumsatz^|^hyuy^|^7356^|^loik^|^y^|^0^|^20181010^|^SYSDBA^|^AC^|^AC^|^IP
193^|^20180215^|^20200615^|^1^|^GPRS^|^Messaging^|^Nutzung^|^Datenumsatz^|^hyuy^|^7356^|^loik^|^z^|^0^|^20180711^|^SYSDBA^|^AC^|^AC^|^IP
194^|^20181105^|^20200403^|^1^|^GPRS^|^Messaging^|^Nutzung^|^Datenumsatz^|^hyuy^|^7356^|^loik^|^y^|^0^|^20181007^|^SYSDBA^|^AC^|^AC^|^IP
195^|^20180727^|^20200610^|^1^|^GPRS^|^Messaging^|^Nutzung^|^Datenumsatz^|^hyuy^|^7356^|^loik^|^y^|^0^|^20181015^|^SYSDBA^|^AC^|^AC^|^IP
196^|^20180923^|^20200917^|^1^|^GPRS^|^Messaging^|^Nutzung^|^Datenumsatz^|^hyuy^|^7356^|^loik^|^y^|^0^|^20181006^|^SYSDBA^|^AC^|^AC^|^IP
197^|^20180503^|^20200531^|^1^|^GPRS^|^Messaging^|^Nutzung^|^Datenumsatz^|^hyuy^|^7356^|^loik^|^z^|^0^|^20181226^|^SYSDBA^|^AC^|^AC^|^IP
198^|^20180107^|^20200920^|^1^|^GPRS^|^Messaging^|^Nutzung^|^Datenumsatz^|^hyuy^|^7356^|^loik^|^z^|^0^|^20180911^|^SYSDBA^|^AC^|^AC^|^IP
199^|^20181103^|^20200425^|^1^|^GPRS^|^Messaging^|^Nutzung^|^Datenumsatz^|^hyuy^|^7356^|^loik^|^z^|^0^|^20180914^|^SYSDBA^|^AC^|^AC^|^IP
200^|^20180119^|^20200810^|^1^|^GPRS^|^Messaging^|^Nutzung^|^Datenumsatz^|^hyuy^|^7356^|^loik^|^y^|^0^|^20180311^|^SYSDBA^|^AC^|^AC^|^IP
201^|^20180812^|^20200828^|^1^|^GPRS^|^Messaging^|^Nutzung^|^Datenumsatz^|^hyuy^|^7356^|^loik^|^z^|^0^|^20180205^|^SYSDBA^|^AC^|^AC^|^IP
202^|^20181031^|^20200522^|^1^|^GPRS^|^Messaging^|^Nutzung^|^Datenumsatz^|^hyuy^|^7356^|^loik^|^y^|^0^|^20180704^|^SYSDBA^|^AC^|^AC^|^IP
203^|^20180109^|^20200823^|^1^|^GPRS^|^Messaging^|^Nutzung^|^Datenumsatz^|^hyuy^|^7356^|^loik^|^y^|^0^|^20180202^|^SYSDBA^|^AC^|^AC^|^IP
204^|^20180407^|^20200529^|^1^|^GPRS^|^Messaging^|^Nutzung^|^Datenumsatz^|^hyuy^|^7356^|^loik^|^z^|^0^|^20180127^|^SYSDBA^|^AC^|^AC^|^IP
205^|^20180821^|^20200122^|^1^|^GPRS^|^Messaging^|^Nutzung^|^Datenumsatz^|^hyuy^|^7356^|^loik^|^z^|^0^|^20180405^|^SYSDBA^|^AC^|^AC^|^IP
206^|^20181210^|^20200613^|^1^|^GPRS^|^Messaging^|^Nutzung^|^Datenumsatz^|^hyuy^|^7356^|^loik^|^z^|^0^|^20180506^|^SYSDBA^|^AC^|^AC^|^IP
207^|^20180721^|^20200511^|^1^|^GPRS^|^Messaging^|^Nutzung^|^Datenumsatz^|^hyuy^|^7356^|^loik^|^y^|^0^|^20180319^|^SYSDBA^|^AC^|^AC^|^IP
208^|^20180409^|^20200911^|^1^|^GPRS^|^Messaging^|^Nutzung^|^Datenumsatz^|^hyuy^|^7356^|^loik^|^z^|^0^|^20180812^|^SYSDBA^|^AC^|^AC^|^IP
209^|^20180115^|^20200515^|^1^|^GPRS^|^Messaging^|^Nutzung^|^Datenumsatz^|^hyuy^|^7356^|^loik^|^z^|^0^|^20181104^|^SYSDBA^|^AC^|^AC^|^IP
210^|^20180210^|^20200419^|^1^|^GPRS^|^Messaging^|^Nutzung^|^Datenumsatz^|^hyuy^|^7356^|^loik^|^z^|^0^|^20180420^|^SYSDBA^|^AC^|^AC^|^IP
211^|^20180528^|^20201008^|^1^|^GPRS^|^Messaging^|^Nutzung^|^Datenumsatz^|^hyuy^|^7356^|^loik^|^z^|^0^|^20180223^|^SYSDBA^|^AC^|^AC^|^IP
212^|^20181208^|^20200215^|^1^|^GPRS^|^Messaging^|^Nutzung^|^Datenumsatz^|^hyuy^|^7356^|^loik^|^y^|^0^|^20181018^|^SYSDBA^|^AC^|^AC^|^IP
213^|^20180219^|^20200215^|^1^|^GPRS^|^Messaging^|^Nutzung^|^Datenumsatz^|^hyuy^|^7356^|^loik^|^y^|^0^|^20180207^|^SYSDBA^|^AC^|^AC^|^IP
214^|^20180921^|^20200306^|^1^|^GPRS^|^Messaging^|^Nutzung^|^Datenumsatz^|^hyuy^|^7356^|^loik^|^y^|^0^|^20180413^|^SYSDBA^|^AC^|^AC^|^IP
215^|^20180915^|^20201026^|^1^|^GPRS^|^Messaging^|^Nutzung^|^Datenumsatz^|^hyuy^|^7356^|^loik^|^z^|^0^|^20181105^|^SYSDBA^|^AC^|^AC^|^IP
216^|^20180102^|^20200517^|^1^|^GPRS^|^Messaging^|^Nutzung^|^Datenumsatz^|^hyuy^|^7356^|^loik^|^y^|^0^|^20180324^|^SYSDBA^|^AC^|^AC^|^IP
217^|^20180602^|^20200824^|^1^|^GPRS^|^Messaging^|^Nutzung^|^Datenumsatz^|^hyuy^|^7356^|^loik^|^y^|^0^|^20180124^|^SYSDBA^|^AC^|^AC^|^IP
218^|^20180604^|^20200512^|^1^|^GPRS^|^Messaging^|^Nutzung^|^Datenumsatz^|^hyuy^|^7356^|^loik^|^y^|^0^|^20181101^|^SYSDBA^|^AC^|^AC^|^IP
219^|^20181120^|^20200205^|^1^|^GPRS^|^Messaging^|^Nutzung^|^Datenumsatz^|^hyuy^|^7356^|^loik^|^y^|^0^|^20180925^|^SYSDBA^|^AC^|^AC^|^IP
220^|^20181020^|^20200423^|^1^|^GPRS^|^Messaging^|^Nutzung^|^Datenumsatz^|^hyuy^|^7356^|^loik^|^y^|^0^|^20181214^|^SYSDBA^|^AC^|^AC^|^IP
221^|^20180703^|^20200411^|^1^|^GPRS^|^Messaging^|^Nutzung^|^Datenumsatz^|^hyuy^|^7356^|^loik^|^z^|^0^|^20180920^|^SYSDBA^|^AC^|^AC^|^IP
222^|^20181029^|^20200929^|^1^|^GPRS^|^Messaging^|^Nutzung^|^Datenumsatz^|^hyuy^|^7356^|^loik^|^z^|^0^|^20181210^|^SYSDBA^|^AC^|^AC^|^IP
223^|^20180117^|^20201126^|^1^|^GPRS^|^Messaging^|^Nutzung^|^Datenumsatz^|^hyuy^|^7356^|^loik^|^z^|^0^|^20181221^|^SYSDBA^|^AC^|^AC^|^IP
224^|^20180620^|^20201024^|^1^|^GPRS^|^Messaging^|^Nutzung^|^Datenumsatz^|^hyuy^|^7356^|^loik^|^y^|^0^|^20180921^|^SYSDBA^|^AC^|^AC^|^IP
225^|^20180624^|^20201114^|^1^|^GPRS^|^Messaging^|^Nutzung^|^Datenumsatz^|^hyuy^|^7356^|^loik^|^z^|^0^|^20180818^|^SYSDBA^|^AC^|^AC^|^IP
226^|^20180427^|^20200120^|^1^|^GPRS^|^Messaging^|^Nutzung^|^Datenumsatz^|^hyuy^|^7356^|^loik^|^y^|^0^|^20181208^|^SYSDBA^|^AC^|^AC^|^IP
227^|^20180119^|^20200228^|^1^|^GPRS^|^Messaging^|^Nutzung^|^Datenumsatz^|^hyuy^|^7356^|^loik^|^z^|^0^|^20180125^|^SYSDBA^|^AC^|^AC^|^IP
228^|^20180206^|^20200427^|^1^|^GPRS^|^Messaging^|^Nutzung^|^Datenumsatz^|^hyuy^|^7356^|^loik^|^z^|^0^|^20181201^|^SYSDBA^|^AC^|^AC^|^IP
229^|^20180224^|^20200105^|^1^|^GPRS^|^Messaging^|^Nutzung^|^Datenumsatz^|^hyuy^|^7356^|^loik^|^y^|^0^|^20180620^|^SYSDBA^|^AC^|^AC^|^IP
230^|^20180502^|^20200801^|^1^|^GPRS^|^Messaging^|^Nutzung^|^Datenumsatz^|^hyuy^|^7356^|^loik^|^z^|^0^|^20180104^|^SYSDBA^|^AC^|^AC^|^IP
231^|^20180210^|^20200503^|^1^|^GPRS^|^Messaging^|^Nutzung^|^Datenumsatz^|^hyuy^|^7356^|^loik^|^y^|^0^|^20180106^|^SYSDBA^|^AC^|^AC^|^IP
232^|^20180727^|^20201005^|^1^|^GPRS^|^Messaging^|^Nutzung^|^Datenumsatz^|^hyuy^|^7356^|^loik^|^z^|^0^|^20180721^|^SYSDBA^|^AC^|^AC^|^IP
233^|^20180915^|^20200518^|^1^|^GPRS^|^Messaging^|^Nutzung^|^Datenumsatz^|^hyuy^|^7356^|^loik^|^y^|^0^|^20180713^|^SYSDBA^|^AC^|^AC^|^IP
234^|^20180704^|^20201001^|^1^|^GPRS^|^Messaging^|^Nutzung^|^Datenumsatz^|^hyuy^|^7356^|^loik^|^z^|^0^|^20180307^|^SYSDBA^|^AC^|^AC^|^IP
235^|^20180211^|^20200618^|^1^|^GPRS^|^Messaging^|^Nutzung^|^Datenumsatz^|^hyuy^|^7356^|^loik^|^y^|^0^|^20180722^|^SYSDBA^|^AC^|^AC^|^IP
236^|^20180108^|^20200830^|^1^|^GPRS^|^Messaging^|^Nutzung^|^Datenumsatz^|^hyuy^|^7356^|^loik^|^z^|^0^|^20181117^|^SYSDBA^|^AC^|^AC^|^IP
237^|^20181204^|^20201007^|^1^|^GPRS^|^Messaging^|^Nutzung^|^Datenumsatz^|^hyuy^|^7356^|^loik^|^z^|^0^|^20180704^|^SYSDBA^|^AC^|^AC^|^IP
238^|^20180825^|^20201115^|^1^|^GPRS^|^Messaging^|^Nutzung^|^Datenumsatz^|^hyuy^|^7356^|^loik^|^y^|^0^|^20180505^|^SYSDBA^|^AC^|^AC^|^IP
239^|^20180101^|^20200310^|^1^|^GPRS^|^Messaging^|^Nutzung^|^Datenumsatz^|^hyuy^|^7356^|^loik^|^y^|^0^|^20181024^|^SYSDBA^|^AC^|^AC^|^IP
240^|^20181103^|^20201108^|^1^|^GPRS^|^Messaging^|^Nutzung^|^Datenumsatz^|^hyuy^|^7356^|^loik^|^y^|^0^|^20180610^|^SYSDBA^|^AC^|^AC^|^IP
241^|^20181223^|^20200924^|^1^|^GPRS^|^Messaging^|^Nutzung^|^Datenumsatz^|^hyuy^|^7356^|^loik^|^z^|^0^|^20181118^|^SYSDBA^|^AC^|^AC^|^IP
242^|^20180402^|^20200718^|^1^|^GPRS^|^Messaging^|^Nutzung^|^Datenumsatz^|^hyuy^|^7356^|^loik^|^z^|^0^|^20180906^|^SYSDBA^|^AC^|^AC^|^IP
243^|^20180908^|^20200430^|^1^|^GPRS^|^Messaging^|^Nutzung^|^Datenumsatz^|^hyuy^|^7356^|^loik^|^y^|^0^|^20181129^|^SYSDBA^|^AC^|^AC^|^IP
244^|^20180615^|^20200725^|^1^|^GPRS^|^Messaging^|^Nutzung^|^Datenumsatz^|^hyuy^|^7356^|^loik^|^z^|^0^|^20180425^|^SYSDBA^|^AC^|^AC^|^IP
245^|^20181012^|^20200614^|^1^|^GPRS^|^Messaging^|^Nutzung^|^Datenumsatz^|^hyuy^|^7356^|^loik^|^z^|^0^|^20180706^|^SYSDBA^|^AC^|^AC^|^IP
246^|^20181213^|^20200830^|^1^|^GPRS^|^Messaging^|^Nutzung^|^Datenumsatz^|^hyuy^|^7356^|^loik^|^y^|^0^|^20181203^|^SYSDBA^|^AC^|^AC^|^IP
247^|^20180101^|^20200301^|^1^|^GPRS^|^Messaging^|^Nutzung^|^Datenumsatz^|^hyuy^|^7356^|^loik^|^y^|^0^|^20180919^|^SYSDBA^|^AC^|^AC^|^IP
248^|^20180124^|^20201003^|^1^|^GPRS^|^Messaging^|^Nutzung^|^Datenumsatz^|^hyuy^|^7356^|^loik^|^y^|^0^|^20180412^|^SYSDBA^|^AC^|^AC^|^IP
249^|^20180721^|^20200606^|^1^|^GPRS^|^Messaging^|^Nutzung^|^Datenumsatz^|^hyuy^|^7356^|^loik^|^y^|^0^|^20180722^|^SYSDBA^|^AC^|^AC^|^IP
250^|^20180313^|^20201118^|^1^|^GPRS^|^Messaging^|^Nutzung^|^Datenumsatz^|^hyuy^|^7356^|^loik^|^z^|^0^|^20180218^|^SYSDBA^|^AC^|^AC^|^IP
251^|^20180521^|^20200821^|^1^|^GPRS^|^Messaging^|^Nutzung^|^Datenumsatz^|^hyuy^|^7356^|^loik^|^y^|^0^|^20181212^|^SYSDBA^|^AC^|^AC^|^IP
252^|^20180702^|^20201130^|^1^|^GPRS^|^Messaging^|^Nutzung^|^Datenumsatz^|^hyuy^|^7356^|^loik^|^y^|^0^|^20180611^|^SYSDBA^|^AC^|^AC^|^IP
253^|^20180822^|^20200521^|^1^|^GPRS^|^Messaging^|^Nutzung^|^Datenumsatz^|^hyuy^|^7356^|^loik^|^y^|^0^|^20180426^|^SYSDBA^|^AC^|^AC^|^IP
254^|^20180730^|^20200525^|^1^|^GPRS^|^Messaging^|^Nutzung^|^Datenumsatz^|^hyuy^|^7356^|^loik^|^y^|^0^|^20181202^|^SYSDBA^|^AC^|^AC^|^IP
255^|^20180501^|^20200503^|^1^|^GPRS^|^Messaging^|^Nutzung^|^Datenumsatz^|^hyuy^|^7356^|^loik^|^z^|^0^|^20180902^|^SYSDBA^|^AC^|^AC^|^IP
256^|^20180929^|^20200229^|^1^|^GPRS^|^Messaging^|^Nutzung^|^Datenumsatz^|^hyuy^|^7356^|^loik^|^y^|^0^|^20180101^|^SYSDBA^|^AC^|^AC^|^IP
257^|^20180611^|^20200421^|^1^|^GPRS^|^Messaging^|^Nutzung^|^Datenumsatz^|^hyuy^|^7356^|^loik^|^y^|^0^|^20180526^|^SYSDBA^|^AC^|^AC^|^IP
258^|^20180330^|^20201025^|^1^|^GPRS^|^Messaging^|^Nutzung^|^Datenumsatz^|^hyuy^|^7356^|^loik^|^z^|^0^|^20181102^|^SYSDBA^|^AC^|^AC^|^IP
259^|^20180503^|^20200618^|^1^|^GPRS^|^Messaging^|^Nutzung^|^Datenumsatz^|^hyuy^|^7356^|^loik^|^y^|^0^|^20180717^|^SYSDBA^|^AC^|^AC^|^IP
260^|^20180521^|^20200101^|^1^|^GPRS^|^Messaging^|^Nutzung^|^Datenumsatz^|^hyuy^|^7356^|^loik^|^z^|^0^|^20180731^|^SYSDBA^|^AC^|^AC^|^IP
261^|^20180830^|^20200715^|^1^|^GPRS^|^Messaging^|^Nutzung^|^Datenumsatz^|^hyuy^|^7356^|^loik^|^z^|^0^|^20181115^|^SYSDBA^|^AC^|^AC^|^IP
262^|^20180714^|^20201020^|^1^|^GPRS^|^Messaging^|^Nutzung^|^Datenumsatz^|^hyuy^|^7356^|^loik^|^y^|^0^|^20180825^|^SYSDBA^|^AC^|^AC^|^IP
263^|^20181204^|^20200803^|^1^|^GPRS^|^Messaging^|^Nutzung^|^Datenumsatz^|^hyuy^|^7356^|^loik^|^y^|^0^|^20180528^|^SYSDBA^|^AC^|^AC^|^IP
264^|^20180523^|^20200630^|^1^|^GPRS^|^Messaging^|^Nutzung^|^Datenumsatz^|^hyuy^|^7356^|^loik^|^y^|^0^|^20180709^|^SYSDBA^|^AC^|^AC^|^IP
265^|^20180618^|^20200318^|^1^|^GPRS^|^Messaging^|^Nutzung^|^Datenumsatz^|^hyuy^|^7356^|^loik^|^y^|^0^|^20180914^|^SYSDBA^|^AC^|^AC^|^IP
266^|^20181206^|^20200823^|^1^|^GPRS^|^Messaging^|^Nutzung^|^Datenumsatz^|^hyuy^|^7356^|^loik^|^y^|^0^|^20181003^|^SYSDBA^|^AC^|^AC^|^IP
267^|^20180211^|^20200321^|^1^|^GPRS^|^Messaging^|^Nutzung^|^Datenumsatz^|^hyuy^|^7356^|^loik^|^y^|^0^|^20181211^|^SYSDBA^|^AC^|^AC^|^IP
268^|^20180228^|^20200908^|^1^|^GPRS^|^Messaging^|^Nutzung^|^Datenumsatz^|^hyuy^|^7356^|^loik^|^y^|^0^|^20181105^|^SYSDBA^|^AC^|^AC^|^IP
269^|^20180115^|^20200711^|^1^|^GPRS^|^Messaging^|^Nutzung^|^Datenumsatz^|^hyuy^|^7356^|^loik^|^y^|^0^|^20180802^|^SYSDBA^|^AC^|^AC^|^IP
270^|^20180724^|^20201102^|^1^|^GPRS^|^Messaging^|^Nutzung^|^Datenumsatz^|^hyuy^|^7356^|^loik^|^y^|^0^|^20180602^|^SYSDBA^|^AC^|^AC^|^IP
271^|^20180106^|^20200414^|^1^|^GPRS^|^Messaging^|^Nutzung^|^Datenumsatz^|^hyuy^|^7356^|^loik^|^z^|^0^|^20181101^|^SYSDBA^|^AC^|^AC^|^IP
272^|^20180513^|^20200131^|^1^|^GPRS^|^Messaging^|^Nutzung^|^Datenumsatz^|^hyuy^|^7356^|^loik^|^y^|^0^|^20180131^|^SYSDBA^|^AC^|^AC^|^IP
273^|^20180309^|^20200718^|^1^|^GPRS^|^Messaging^|^Nutzung^|^Datenumsatz^|^hyuy^|^7356^|^loik^|^z^|^0^|^20180101^|^SYSDBA^|^AC^|^AC^|^IP
274^|^20180411^|^20200812^|^1^|^GPRS^|^Messaging^|^Nutzung^|^Datenumsatz^|^hyuy^|^7356^|^loik^|^y^|^0^|^20180209^|^SYSDBA^|^AC^|^AC^|^IP
275^|^20181214^|^20201017^|^1^|^GPRS^|^Messaging^|^Nutzung^|^Datenumsatz^|^hyuy^|^7356^|^loik^|^z^|^0^|^20180428^|^SYSDBA^|^AC^|^AC^|^IP
276^|^20180824^|^20201022^|^1^|^GPRS^|^Messaging^|^Nutzung^|^Datenumsatz^|^hyuy^|^7356^|^loik^|^z^|^0^|^20180416^|^SYSDBA^|^AC^|^AC^|^IP
277^|^20181001^|^20200111^|^1^|^GPRS^|^Messaging^|^Nutzung^|^Datenumsatz^|^hyuy^|^7356^|^loik^|^z^|^0^|^20180725^|^SYSDBA^|^AC^|^AC^|^IP
278^|^20181218^|^20200723^|^1^|^GPRS^|^Messaging^|^Nutzung^|^Datenumsatz^|^hyuy^|^7356^|^loik^|^z^|^0^|^20181202^|^SYSDBA^|^AC^|^AC^|^IP
279^|^20180516^|^20200104^|^1^|^GPRS^|^Messaging^|^Nutzung^|^Datenumsatz^|^hyuy^|^7356^|^loik^|^z^|^0^|^20180824^|^SYSDBA^|^AC^|^AC^|^IP
280^|^20180104^|^20200623^|^1^|^GPRS^|^Messaging^|^Nutzung^|^Datenumsatz^|^hyuy^|^7356^|^loik^|^y^|^0^|^20180613^|^SYSDBA^|^AC^|^AC^|^IP
281^|^20180110^|^20201008^|^1^|^GPRS^|^Messaging^|^Nutzung^|^Datenumsatz^|^hyuy^|^7356^|^loik^|^y^|^0^|^20180212^|^SYSDBA^|^AC^|^AC^|^IP
282^|^20180102^|^20200506^|^1^|^GPRS^|^Messaging^|^Nutzung^|^Datenumsatz^|^hyuy^|^7356^|^loik^|^y^|^0^|^20180204^|^SYSDBA^|^AC^|^AC^|^IP
283^|^20180419^|^20201001^|^1^|^GPRS^|^Messaging^|^Nutzung^|^Datenumsatz^|^hyuy^|^7356^|^loik^|^y^|^0^|^20181230^|^SYSDBA^|^AC^|^AC^|^IP
284^|^20180624^|^20200216^|^1^|^GPRS^|^Messaging^|^Nutzung^|^Datenumsatz^|^hyuy^|^7356^|^loik^|^z^|^0^|^20181027^|^SYSDBA^|^AC^|^AC^|^IP
285^|^20181217^|^20200423^|^1^|^GPRS^|^Messaging^|^Nutzung^|^Datenumsatz^|^hyuy^|^7356^|^loik^|^y^|^0^|^20181019^|^SYSDBA^|^AC^|^AC^|^IP
286^|^20181211^|^20201111^|^1^|^GPRS^|^Messaging^|^Nutzung^|^Datenumsatz^|^hyuy^|^7356^|^loik^|^z^|^0^|^20180527^|^SYSDBA^|^AC^|^AC^|^IP
287^|^20180118^|^20200123^|^1^|^GPRS^|^Messaging^|^Nutzung^|^Datenumsatz^|^hyuy^|^7356^|^loik^|^z^|^0^|^20180303^|^SYSDBA^|^AC^|^AC^|^IP
288^|^20180423^|^20200710^|^1^|^GPRS^|^Messaging^|^Nutzung^|^Datenumsatz^|^hyuy^|^7356^|^loik^|^y^|^0^|^20180311^|^SYSDBA^|^AC^|^AC^|^IP
289^|^20180410^|^20201117^|^1^|^GPRS^|^Messaging^|^Nutzung^|^Datenumsatz^|^hyuy^|^7356^|^loik^|^z^|^0^|^20180823^|^SYSDBA^|^AC^|^AC^|^IP
290^|^20180511^|^20200920^|^1^|^GPRS^|^Messaging^|^Nutzung^|^Datenumsatz^|^hyuy^|^7356^|^loik^|^y^|^0^|^20181229^|^SYSDBA^|^AC^|^AC^|^IP
291^|^20180621^|^20200815^|^1^|^GPRS^|^Messaging^|^Nutzung^|^Datenumsatz^|^hyuy^|^7356^|^loik^|^y^|^0^|^20180920^|^SYSDBA^|^AC^|^AC^|^IP
292^|^20180923^|^20200812^|^1^|^GPRS^|^Messaging^|^Nutzung^|^Datenumsatz^|^hyuy^|^7356^|^loik^|^y^|^0^|^20180630^|^SYSDBA^|^AC^|^AC^|^IP
293^|^20180325^|^20200811^|^1^|^GPRS^|^Messaging^|^Nutzung^|^Datenumsatz^|^hyuy^|^7356^|^loik^|^y^|^0^|^20181027^|^SYSDBA^|^AC^|^AC^|^IP
294^|^20180827^|^20200612^|^1^|^GPRS^|^Messaging^|^Nutzung^|^Datenumsatz^|^hyuy^|^7356^|^loik^|^y^|^0^|^20180622^|^SYSDBA^|^AC^|^AC^|^IP
295^|^20180311^|^20200203^|^1^|^GPRS^|^Messaging^|^Nutzung^|^Datenumsatz^|^hyuy^|^7356^|^loik^|^y^|^0^|^20180916^|^SYSDBA^|^AC^|^AC^|^IP
296^|^20181016^|^20200715^|^1^|^GPRS^|^Messaging^|^Nutzung^|^Datenumsatz^|^hyuy^|^7356^|^loik^|^y^|^0^|^20181208^|^SYSDBA^|^AC^|^AC^|^IP
297^|^20180508^|^20200518^|^1^|^GPRS^|^Messaging^|^Nutzung^|^Datenumsatz^|^hyuy^|^7356^|^loik^|^z^|^0^|^20180829^|^SYSDBA^|^AC^|^AC^|^IP
298^|^20181120^|^20200608^|^1^|^GPRS^|^Messaging^|^Nutzung^|^Datenumsatz^|^hyuy^|^7356^|^loik^|^z^|^0^|^20180302^|^SYSDBA^|^AC^|^AC^|^IP
299^|^20180314^|^20200807^|^1^|^GPRS^|^Messaging^|^Nutzung^|^Datenumsatz^|^hyuy^|^7356^|^loik^|^z^|^0^|^20181029^|^SYSDBA^|^AC^|^AC^|^IP
300^|^20180711^|^20200117^|^1^|^GPRS^|^Messaging^|^Nutzung^|^Datenumsatz^|^hyuy^|^7356^|^loik^|^y^|^0^|^20181201^|^SYSDBA^|^AC^|^AC^|^IP
301^|^20180707^|^20200513^|^1^|^GPRS^|^Messaging^|^Nutzung^|^Datenumsatz^|^hyuy^|^7356^|^loik^|^y^|^0^|^20180223^|^SYSDBA^|^AC^|^AC^|^IP
302^|^20180316^|^20200213^|^1^|^GPRS^|^Messaging^|^Nutzung^|^Datenumsatz^|^hyuy^|^7356^|^loik^|^y^|^0^|^20180904^|^SYSDBA^|^AC^|^AC^|^IP
303^|^20180120^|^20201001^|^1^|^GPRS^|^Messaging^|^Nutzung^|^Datenumsatz^|^hyuy^|^7356^|^loik^|^y^|^0^|^20180526^|^SYSDBA^|^AC^|^AC^|^IP
304^|^20180824^|^20200417^|^1^|^GPRS^|^Messaging^|^Nutzung^|^Datenumsatz^|^hyuy^|^7356^|^loik^|^z^|^0^|^20180803^|^SYSDBA^|^AC^|^AC^|^IP
305^|^20181213^|^20200821^|^1^|^GPRS^|^Messaging^|^Nutzung^|^Datenumsatz^|^hyuy^|^7356^|^loik^|^z^|^0^|^20181113^|^SYSDBA^|^AC^|^AC^|^IP
306^|^20180318^|^20200305^|^1^|^GPRS^|^Messaging^|^Nutzung^|^Datenumsatz^|^hyuy^|^7356^|^loik^|^z^|^0^|^20180716^|^SYSDBA^|^AC^|^AC^|^IP
307^|^20180922^|^20200709^|^1^|^GPRS^|^Messaging^|^Nutzung^|^Datenumsatz^|^hyuy^|^7356^|^loik^|^z^|^0^|^20180515^|^SYSDBA^|^AC^|^AC^|^IP
308^|^20181115^|^20200618^|^1^|^GPRS^|^Messaging^|^Nutzung^|^Datenumsatz^|^hyuy^|^7356^|^loik^|^z^|^0^|^20180422^|^SYSDBA^|^AC^|^AC^|^IP
309^|^20180317^|^20200926^|^1^|^GPRS^|^Messaging^|^Nutzung^|^Datenumsatz^|^hyuy^|^7356^|^loik^|^y^|^0^|^20180913^|^SYSDBA^|^AC^|^AC^|^IP
310^|^20180304^|^20201208^|^1^|^GPRS^|^Messaging^|^Nutzung^|^Datenumsatz^|^hyuy^|^7356^|^loik^|^z^|^0^|^20180106^|^SYSDBA^|^AC^|^AC^|^IP
311^|^20180411^|^20201029^|^1^|^GPRS^|^Messaging^|^Nutzung^|^Datenumsatz^|^hyuy^|^7356^|^loik^|^z^|^0^|^20180712^|^SYSDBA^|^AC^|^AC^|^IP
312^|^20181110^|^20200907^|^1^|^GPRS^|^Messaging^|^Nutzung^|^Datenumsatz^|^hyuy^|^7356^|^loik^|^y^|^0^|^20180909^|^SYSDBA^|^AC^|^AC^|^IP
313^|^20180203^|^20200731^|^1^|^GPRS^|^Messaging^|^Nutzung^|^Datenumsatz^|^hyuy^|^7356^|^loik^|^z^|^0^|^20180714^|^SYSDBA^|^AC^|^AC^|^IP
314^|^20180710^|^20200110^|^1^|^GPRS^|^Messaging^|^Nutzung^|^Datenumsatz^|^hyuy^|^7356^|^loik^|^z^|^0^|^20180721^|^SYSDBA^|^AC^|^AC^|^IP
315^|^20180924^|^20201009^|^1^|^GPRS^|^Messaging^|^Nutzung^|^Datenumsatz^|^hyuy^|^7356^|^loik^|^z^|^0^|^20180824^|^SYSDBA^|^AC^|^AC^|^IP
316^|^20180427^|^20200315^|^1^|^GPRS^|^Messaging^|^Nutzung^|^Datenumsatz^|^hyuy^|^7356^|^loik^|^z^|^0^|^20180607^|^SYSDBA^|^AC^|^AC^|^IP
317^|^20181126^|^20200626^|^1^|^GPRS^|^Messaging^|^Nutzung^|^Datenumsatz^|^hyuy^|^7356^|^loik^|^y^|^0^|^20180109^|^SYSDBA^|^AC^|^AC^|^IP
318^|^20181022^|^20200816^|^1^|^GPRS^|^Messaging^|^Nutzung^|^Datenumsatz^|^hyuy^|^7356^|^loik^|^y^|^0^|^20180616^|^SYSDBA^|^AC^|^AC^|^IP
319^|^20180213^|^20201225^|^1^|^GPRS^|^Messaging^|^Nutzung^|^Datenumsatz^|^hyuy^|^7356^|^loik^|^y^|^0^|^20180218^|^SYSDBA^|^AC^|^AC^|^IP
320^|^20180408^|^20200607^|^1^|^GPRS^|^Messaging^|^Nutzung^|^Datenumsatz^|^hyuy^|^7356^|^loik^|^z^|^0^|^20180728^|^SYSDBA^|^AC^|^AC^|^IP
321^|^20181119^|^20201015^|^1^|^GPRS^|^Messaging^|^Nutzung^|^Datenumsatz^|^hyuy^|^7356^|^loik^|^y^|^0^|^20180208^|^SYSDBA^|^AC^|^AC^|^IP
322^|^20180830^|^20200309^|^1^|^GPRS^|^Messaging^|^Nutzung^|^Datenumsatz^|^hyuy^|^7356^|^loik^|^z^|^0^|^20181121^|^SYSDBA^|^AC^|^AC^|^IP
323^|^20181111^|^20200218^|^1^|^GPRS^|^Messaging^|^Nutzung^|^Datenumsatz^|^hyuy^|^7356^|^loik^|^y^|^0^|^20180606^|^SYSDBA^|^AC^|^AC^|^IP
324^|^20180611^|^20200602^|^1^|^GPRS^|^Messaging^|^Nutzung^|^Datenumsatz^|^hyuy^|^7356^|^loik^|^y^|^0^|^20180320^|^SYSDBA^|^AC^|^AC^|^IP
325^|^20180418^|^20201102^|^1^|^GPRS^|^Messaging^|^Nutzung^|^Datenumsatz^|^hyuy^|^7356^|^loik^|^y^|^0^|^20180421^|^SYSDBA^|^AC^|^AC^|^IP
326^|^20180421^|^20200321^|^1^|^GPRS^|^Messaging^|^Nutzung^|^Datenumsatz^|^hyuy^|^7356^|^loik^|^z^|^0^|^20180303^|^SYSDBA^|^AC^|^AC^|^IP
327^|^20180321^|^20200815^|^1^|^GPRS^|^Messaging^|^Nutzung^|^Datenumsatz^|^hyuy^|^7356^|^loik^|^z^|^0^|^20180128^|^SYSDBA^|^AC^|^AC^|^IP
328^|^20180218^|^20201009^|^1^|^GPRS^|^Messaging^|^Nutzung^|^Datenumsatz^|^hyuy^|^7356^|^loik^|^y^|^0^|^20180318^|^SYSDBA^|^AC^|^AC^|^IP
329^|^20181031^|^20200114^|^1^|^GPRS^|^Messaging^|^Nutzung^|^Datenumsatz^|^hyuy^|^7356^|^loik^|^z^|^0^|^20180412^|^SYSDBA^|^AC^|^AC^|^IP
330^|^20180926^|^20200923^|^1^|^GPRS^|^Messaging^|^Nutzung^|^Datenumsatz^|^hyuy^|^7356^|^loik^|^y^|^0^|^20180226^|^SYSDBA^|^AC^|^AC^|^IP
331^|^20180611^|^20200815^|^1^|^GPRS^|^Messaging^|^Nutzung^|^Datenumsatz^|^hyuy^|^7356^|^loik^|^z^|^0^|^20180218^|^SYSDBA^|^AC^|^AC^|^IP
332^|^20180723^|^20200407^|^1^|^GPRS^|^Messaging^|^Nutzung^|^Datenumsatz^|^hyuy^|^7356^|^loik^|^z^|^0^|^20180806^|^SYSDBA^|^AC^|^AC^|^IP
333^|^20181008^|^20200217^|^1^|^GPRS^|^Messaging^|^Nutzung^|^Datenumsatz^|^hyuy^|^7356^|^loik^|^y^|^0^|^20180615^|^SYSDBA^|^AC^|^AC^|^IP
334^|^20180719^|^20200125^|^1^|^GPRS^|^Messaging^|^Nutzung^|^Datenumsatz^|^hyuy^|^7356^|^loik^|^y^|^0^|^20181005^|^SYSDBA^|^AC^|^AC^|^IP
335^|^20180507^|^20201017^|^1^|^GPRS^|^Messaging^|^Nutzung^|^Datenumsatz^|^hyuy^|^7356^|^loik^|^z^|^0^|^20181101^|^SYSDBA^|^AC^|^AC^|^IP
336^|^20180426^|^20201230^|^1^|^GPRS^|^Messaging^|^Nutzung^|^Datenumsatz^|^hyuy^|^7356^|^loik^|^z^|^0^|^20181226^|^SYSDBA^|^AC^|^AC^|^IP
337^|^20180225^|^20200308^|^1^|^GPRS^|^Messaging^|^Nutzung^|^Datenumsatz^|^hyuy^|^7356^|^loik^|^z^|^0^|^20180705^|^SYSDBA^|^AC^|^AC^|^IP
338^|^20181224^|^20200724^|^1^|^GPRS^|^Messaging^|^Nutzung^|^Datenumsatz^|^hyuy^|^7356^|^loik^|^y^|^0^|^20181212^|^SYSDBA^|^AC^|^AC^|^IP
339^|^20181016^|^20200629^|^1^|^GPRS^|^Messaging^|^Nutzung^|^Datenumsatz^|^hyuy^|^7356^|^loik^|^y^|^0^|^20180812^|^SYSDBA^|^AC^|^AC^|^IP
340^|^20181217^|^20201213^|^1^|^GPRS^|^Messaging^|^Nutzung^|^Datenumsatz^|^hyuy^|^7356^|^loik^|^y^|^0^|^20180114^|^SYSDBA^|^AC^|^AC^|^IP
341^|^20180516^|^20201125^|^1^|^GPRS^|^Messaging^|^Nutzung^|^Datenumsatz^|^hyuy^|^7356^|^loik^|^z^|^0^|^20180321^|^SYSDBA^|^AC^|^AC^|^IP
342^|^20180417^|^20200516^|^1^|^GPRS^|^Messaging^|^Nutzung^|^Datenumsatz^|^hyuy^|^7356^|^loik^|^y^|^0^|^20181117^|^SYSDBA^|^AC^|^AC^|^IP
343^|^20180909^|^20201004^|^1^|^GPRS^|^Messaging^|^Nutzung^|^Datenumsatz^|^hyuy^|^7356^|^loik^|^y^|^0^|^20181212^|^SYSDBA^|^AC^|^AC^|^IP
344^|^20180527^|^20201022^|^1^|^GPRS^|^Messaging^|^Nutzung^|^Datenumsatz^|^hyuy^|^7356^|^loik^|^z^|^0^|^20180914^|^SYSDBA^|^AC^|^AC^|^IP
345^|^20180218^|^20200121^|^1^|^GPRS^|^Messaging^|^Nutzung^|^Datenumsatz^|^hyuy^|^7356^|^loik^|^z^|^0^|^20181227^|^SYSDBA^|^AC^|^AC^|^IP
346^|^20180323^|^20201203^|^1^|^GPRS^|^Messaging^|^Nutzung^|^Datenumsatz^|^hyuy^|^7356^|^loik^|^y^|^0^|^20180430^|^SYSDBA^|^AC^|^AC^|^IP
347^|^20180331^|^20200713^|^1^|^GPRS^|^Messaging^|^Nutzung^|^Datenumsatz^|^hyuy^|^7356^|^loik^|^y^|^0^|^20180131^|^SYSDBA^|^AC^|^AC^|^IP
348^|^20181004^|^20200726^|^1^|^GPRS^|^Messaging^|^Nutzung^|^Datenumsatz^|^hyuy^|^7356^|^loik^|^y^|^0^|^20180908^|^SYSDBA^|^AC^|^AC^|^IP
349^|^20180215^|^20200802^|^1^|^GPRS^|^Messaging^|^Nutzung^|^Datenumsatz^|^hyuy^|^7356^|^loik^|^z^|^0^|^20180505^|^SYSDBA^|^AC^|^AC^|^IP
350^|^20180425^|^20200708^|^1^|^GPRS^|^Messaging^|^Nutzung^|^Datenumsatz^|^hyuy^|^7356^|^loik^|^z^|^0^|^20180501^|^SYSDBA^|^AC^|^AC^|^IP
351^|^20180815^|^20201222^|^1^|^GPRS^|^Messaging^|^Nutzung^|^Datenumsatz^|^hyuy^|^7356^|^loik^|^z^|^0^|^20181021^|^SYSDBA^|^AC^|^AC^|^IP
352^|^20180710^|^20200818^|^1^|^GPRS^|^Messaging^|^Nutzung^|^Datenumsatz^|^hyuy^|^7356^|^loik^|^z^|^0^|^20180902^|^SYSDBA^|^AC^|^AC^|^IP
353^|^20180312^|^20201129^|^1^|^GPRS^|^Messaging^|^Nutzung^|^Datenumsatz^|^hyuy^|^7356^|^loik^|^z^|^0^|^20180125^|^SYSDBA^|^AC^|^AC^|^IP
354^|^20180326^|^20200229^|^1^|^GPRS^|^Messaging^|^Nutzung^|^Datenumsatz^|^hyuy^|^7356^|^loik^|^y^|^0^|^20180518^|^SYSDBA^|^AC^|^AC^|^IP
355^|^20180205^|^20200612^|^1^|^GPRS^|^Messaging^|^Nutzung^|^Datenumsatz^|^hyuy^|^7356^|^loik^|^y^|^0^|^20180725^|^SYSDBA^|^AC^|^AC^|^IP
356^|^20180622^|^20200801^|^1^|^GPRS^|^Messaging^|^Nutzung^|^Datenumsatz^|^hyuy^|^7356^|^loik^|^y^|^0^|^20180208^|^SYSDBA^|^AC^|^AC^|^IP
357^|^20180710^|^20201105^|^1^|^GPRS^|^Messaging^|^Nutzung^|^Datenumsatz^|^hyuy^|^7356^|^loik^|^y^|^0^|^20180321^|^SYSDBA^|^AC^|^AC^|^IP
358^|^20180627^|^20200626^|^1^|^GPRS^|^Messaging^|^Nutzung^|^Datenumsatz^|^hyuy^|^7356^|^loik^|^y^|^0^|^20180712^|^SYSDBA^|^AC^|^AC^|^IP
359^|^20180831^|^20200425^|^1^|^GPRS^|^Messaging^|^Nutzung^|^Datenumsatz^|^hyuy^|^7356^|^loik^|^y^|^0^|^20181127^|^SYSDBA^|^AC^|^AC^|^IP
360^|^20180126^|^20201124^|^1^|^GPRS^|^Messaging^|^Nutzung^|^Datenumsatz^|^hyuy^|^7356^|^loik^|^z^|^0^|^20180420^|^SYSDBA^|^AC^|^AC^|^IP
361^|^20180629^|^20200603^|^1^|^GPRS^|^Messaging^|^Nutzung^|^Datenumsatz^|^hyuy^|^7356^|^loik^|^z^|^0^|^20180904^|^SYSDBA^|^AC^|^AC^|^IP
362^|^20180206^|^20200608^|^1^|^GPRS^|^Messaging^|^Nutzung^|^Datenumsatz^|^hyuy^|^7356^|^loik^|^z^|^0^|^20180208^|^SYSDBA^|^AC^|^AC^|^IP
363^|^20181123^|^20200903^|^1^|^GPRS^|^Messaging^|^Nutzung^|^Datenumsatz^|^hyuy^|^7356^|^loik^|^y^|^0^|^20180109^|^SYSDBA^|^AC^|^AC^|^IP
364^|^20180329^|^20200712^|^1^|^GPRS^|^Messaging^|^Nutzung^|^Datenumsatz^|^hyuy^|^7356^|^loik^|^z^|^0^|^20180202^|^SYSDBA^|^AC^|^AC^|^IP
365^|^20181129^|^20200427^|^1^|^GPRS^|^Messaging^|^Nutzung^|^Datenumsatz^|^hyuy^|^7356^|^loik^|^y^|^0^|^20180201^|^SYSDBA^|^AC^|^AC^|^IP
366^|^20180310^|^20200305^|^1^|^GPRS^|^Messaging^|^Nutzung^|^Datenumsatz^|^hyuy^|^7356^|^loik^|^z^|^0^|^20181023^|^SYSDBA^|^AC^|^AC^|^IP
367^|^20180701^|^20200331^|^1^|^GPRS^|^Messaging^|^Nutzung^|^Datenumsatz^|^hyuy^|^7356^|^loik^|^y^|^0^|^20180614^|^SYSDBA^|^AC^|^AC^|^IP
368^|^20180810^|^20200513^|^1^|^GPRS^|^Messaging^|^Nutzung^|^Datenumsatz^|^hyuy^|^7356^|^loik^|^z^|^0^|^20181115^|^SYSDBA^|^AC^|^AC^|^IP
369^|^20180406^|^20200831^|^1^|^GPRS^|^Messaging^|^Nutzung^|^Datenumsatz^|^hyuy^|^7356^|^loik^|^y^|^0^|^20180702^|^SYSDBA^|^AC^|^AC^|^IP
370^|^20180414^|^20200818^|^1^|^GPRS^|^Messaging^|^Nutzung^|^Datenumsatz^|^hyuy^|^7356^|^loik^|^y^|^0^|^20181101^|^SYSDBA^|^AC^|^AC^|^IP
371^|^20180221^|^20201128^|^1^|^GPRS^|^Messaging^|^Nutzung^|^Datenumsatz^|^hyuy^|^7356^|^loik^|^y^|^0^|^20180628^|^SYSDBA^|^AC^|^AC^|^IP
372^|^20180708^|^20200803^|^1^|^GPRS^|^Messaging^|^Nutzung^|^Datenumsatz^|^hyuy^|^7356^|^loik^|^y^|^0^|^20180830^|^SYSDBA^|^AC^|^AC^|^IP
373^|^20180328^|^20200722^|^1^|^GPRS^|^Messaging^|^Nutzung^|^Datenumsatz^|^hyuy^|^7356^|^loik^|^y^|^0^|^20181206^|^SYSDBA^|^AC^|^AC^|^IP
374^|^20181114^|^20200818^|^1^|^GPRS^|^Messaging^|^Nutzung^|^Datenumsatz^|^hyuy^|^7356^|^loik^|^z^|^0^|^20180826^|^SYSDBA^|^AC^|^AC^|^IP
375^|^20180314^|^20200709^|^1^|^GPRS^|^Messaging^|^Nutzung^|^Datenumsatz^|^hyuy^|^7356^|^loik^|^z^|^0^|^20181024^|^SYSDBA^|^AC^|^AC^|^IP
376^|^20180529^|^20201102^|^1^|^GPRS^|^Messaging^|^Nutzung^|^Datenumsatz^|^hyuy^|^7356^|^loik^|^y^|^0^|^20180902^|^SYSDBA^|^AC^|^AC^|^IP
377^|^20181222^|^20200909^|^1^|^GPRS^|^Messaging^|^Nutzung^|^Datenumsatz^|^hyuy^|^7356^|^loik^|^z^|^0^|^20180213^|^SYSDBA^|^AC^|^AC^|^IP
378^|^20181014^|^20200818^|^1^|^GPRS^|^Messaging^|^Nutzung^|^Datenumsatz^|^hyuy^|^7356^|^loik^|^y^|^0^|^20180106^|^SYSDBA^|^AC^|^AC^|^IP
379^|^20180327^|^20200712^|^1^|^GPRS^|^Messaging^|^Nutzung^|^Datenumsatz^|^hyuy^|^7356^|^loik^|^z^|^0^|^20180522^|^SYSDBA^|^AC^|^AC^|^IP
380^|^20180525^|^20200218^|^1^|^GPRS^|^Messaging^|^Nutzung^|^Datenumsatz^|^hyuy^|^7356^|^loik^|^z^|^0^|^20180401^|^SYSDBA^|^AC^|^AC^|^IP
381^|^20181210^|^20201116^|^1^|^GPRS^|^Messaging^|^Nutzung^|^Datenumsatz^|^hyuy^|^7356^|^loik^|^y^|^0^|^20180210^|^SYSDBA^|^AC^|^AC^|^IP
382^|^20181122^|^20200518^|^1^|^GPRS^|^Messaging^|^Nutzung^|^Datenumsatz^|^hyuy^|^7356^|^loik^|^y^|^0^|^20180307^|^SYSDBA^|^AC^|^AC^|^IP
383^|^20180920^|^20200201^|^1^|^GPRS^|^Messaging^|^Nutzung^|^Datenumsatz^|^hyuy^|^7356^|^loik^|^y^|^0^|^20180315^|^SYSDBA^|^AC^|^AC^|^IP
384^|^20180606^|^20200805^|^1^|^GPRS^|^Messaging^|^Nutzung^|^Datenumsatz^|^hyuy^|^7356^|^loik^|^y^|^0^|^20180527^|^SYSDBA^|^AC^|^AC^|^IP
385^|^20180218^|^20200604^|^1^|^GPRS^|^Messaging^|^Nutzung^|^Datenumsatz^|^hyuy^|^7356^|^loik^|^y^|^0^|^20180111^|^SYSDBA^|^AC^|^AC^|^IP
386^|^20180813^|^20200913^|^1^|^GPRS^|^Messaging^|^Nutzung^|^Datenumsatz^|^hyuy^|^7356^|^loik^|^y^|^0^|^20181219^|^SYSDBA^|^AC^|^AC^|^IP
387^|^20181204^|^20200820^|^1^|^GPRS^|^Messaging^|^Nutzung^|^Datenumsatz^|^hyuy^|^7356^|^loik^|^z^|^0^|^20180415^|^SYSDBA^|^AC^|^AC^|^IP
388^|^20180801^|^20200405^|^1^|^GPRS^|^Messaging^|^Nutzung^|^Datenumsatz^|^hyuy^|^7356^|^loik^|^y^|^0^|^20180926^|^SYSDBA^|^AC^|^AC^|^IP
389^|^20180404^|^20201012^|^1^|^GPRS^|^Messaging^|^Nutzung^|^Datenumsatz^|^hyuy^|^7356^|^loik^|^y^|^0^|^20181210^|^SYSDBA^|^AC^|^AC^|^IP
390^|^20180525^|^20200805^|^1^|^GPRS^|^Messaging^|^Nutzung^|^Datenumsatz^|^hyuy^|^7356^|^loik^|^z^|^0^|^20180719^|^SYSDBA^|^AC^|^AC^|^IP
391^|^20180731^|^20200401^|^1^|^GPRS^|^Messaging^|^Nutzung^|^Datenumsatz^|^hyuy^|^7356^|^loik^|^y^|^0^|^20180308^|^SYSDBA^|^AC^|^AC^|^IP
392^|^20181123^|^20200324^|^1^|^GPRS^|^Messaging^|^Nutzung^|^Datenumsatz^|^hyuy^|^7356^|^loik^|^y^|^0^|^20181202^|^SYSDBA^|^AC^|^AC^|^IP
393^|^20180713^|^20200307^|^1^|^GPRS^|^Messaging^|^Nutzung^|^Datenumsatz^|^hyuy^|^7356^|^loik^|^z^|^0^|^20180612^|^SYSDBA^|^AC^|^AC^|^IP
394^|^20180815^|^20200224^|^1^|^GPRS^|^Messaging^|^Nutzung^|^Datenumsatz^|^hyuy^|^7356^|^loik^|^y^|^0^|^20180327^|^SYSDBA^|^AC^|^AC^|^IP
395^|^20180624^|^20200126^|^1^|^GPRS^|^Messaging^|^Nutzung^|^Datenumsatz^|^hyuy^|^7356^|^loik^|^z^|^0^|^20181015^|^SYSDBA^|^AC^|^AC^|^IP
396^|^20180318^|^20200102^|^1^|^GPRS^|^Messaging^|^Nutzung^|^Datenumsatz^|^hyuy^|^7356^|^loik^|^z^|^0^|^20181103^|^SYSDBA^|^AC^|^AC^|^IP
397^|^20180501^|^20201005^|^1^|^GPRS^|^Messaging^|^Nutzung^|^Datenumsatz^|^hyuy^|^7356^|^loik^|^z^|^0^|^20181212^|^SYSDBA^|^AC^|^AC^|^IP
398^|^20180318^|^20200930^|^1^|^GPRS^|^Messaging^|^Nutzung^|^Datenumsatz^|^hyuy^|^7356^|^loik^|^z^|^0^|^20180826^|^SYSDBA^|^AC^|^AC^|^IP
399^|^20180330^|^20200522^|^1^|^GPRS^|^Messaging^|^Nutzung^|^Datenumsatz^|^hyuy^|^7356^|^loik^|^z^|^0^|^20180514^|^SYSDBA^|^AC^|^AC^|^IP
400^|^20180226^|^20200403^|^1^|^GPRS^|^Messaging^|^Nutzung^|^Datenumsatz^|^hyuy^|^7356^|^loik^|^z^|^0^|^20180812^|^SYSDBA^|^AC^|^AC^|^IP
401^|^20180727^|^20200520^|^1^|^GPRS^|^Messaging^|^Nutzung^|^Datenumsatz^|^hyuy^|^7356^|^loik^|^y^|^0^|^20180913^|^SYSDBA^|^AC^|^AC^|^IP
402^|^20180320^|^20200324^|^1^|^GPRS^|^Messaging^|^Nutzung^|^Datenumsatz^|^hyuy^|^7356^|^loik^|^z^|^0^|^20181204^|^SYSDBA^|^AC^|^AC^|^IP
403^|^20181215^|^20201114^|^1^|^GPRS^|^Messaging^|^Nutzung^|^Datenumsatz^|^hyuy^|^7356^|^loik^|^z^|^0^|^20180104^|^SYSDBA^|^AC^|^AC^|^IP
404^|^20181002^|^20200910^|^1^|^GPRS^|^Messaging^|^Nutzung^|^Datenumsatz^|^hyuy^|^7356^|^loik^|^z^|^0^|^20180421^|^SYSDBA^|^AC^|^AC^|^IP
405^|^20180606^|^20200131^|^1^|^GPRS^|^Messaging^|^Nutzung^|^Datenumsatz^|^hyuy^|^7356^|^loik^|^z^|^0^|^20180228^|^SYSDBA^|^AC^|^AC^|^IP
406^|^20180302^|^20200213^|^1^|^GPRS^|^Messaging^|^Nutzung^|^Datenumsatz^|^hyuy^|^7356^|^loik^|^y^|^0^|^20180525^|^SYSDBA^|^AC^|^AC^|^IP
407^|^20180410^|^20200331^|^1^|^GPRS^|^Messaging^|^Nutzung^|^Datenumsatz^|^hyuy^|^7356^|^loik^|^z^|^0^|^20180521^|^SYSDBA^|^AC^|^AC^|^IP
408^|^20181009^|^20201228^|^1^|^GPRS^|^Messaging^|^Nutzung^|^Datenumsatz^|^hyuy^|^7356^|^loik^|^y^|^0^|^20180316^|^SYSDBA^|^AC^|^AC^|^IP
409^|^20181011^|^20200423^|^1^|^GPRS^|^Messaging^|^Nutzung^|^Datenumsatz^|^hyuy^|^7356^|^loik^|^y^|^0^|^20180221^|^SYSDBA^|^AC^|^AC^|^IP
410^|^20180527^|^20201027^|^1^|^GPRS^|^Messaging^|^Nutzung^|^Datenumsatz^|^hyuy^|^7356^|^loik^|^z^|^0^|^20180908^|^SYSDBA^|^AC^|^AC^|^IP
411^|^20180313^|^20200830^|^1^|^GPRS^|^Messaging^|^Nutzung^|^Datenumsatz^|^hyuy^|^7356^|^loik^|^y^|^0^|^20180720^|^SYSDBA^|^AC^|^AC^|^IP
412^|^20181106^|^20200526^|^1^|^GPRS^|^Messaging^|^Nutzung^|^Datenumsatz^|^hyuy^|^7356^|^loik^|^z^|^0^|^20181208^|^SYSDBA^|^AC^|^AC^|^IP
413^|^20180501^|^20200510^|^1^|^GPRS^|^Messaging^|^Nutzung^|^Datenumsatz^|^hyuy^|^7356^|^loik^|^z^|^0^|^20180331^|^SYSDBA^|^AC^|^AC^|^IP
414^|^20180923^|^20200617^|^1^|^GPRS^|^Messaging^|^Nutzung^|^Datenumsatz^|^hyuy^|^7356^|^loik^|^z^|^0^|^20181113^|^SYSDBA^|^AC^|^AC^|^IP
415^|^20180325^|^20200628^|^1^|^GPRS^|^Messaging^|^Nutzung^|^Datenumsatz^|^hyuy^|^7356^|^loik^|^z^|^0^|^20180204^|^SYSDBA^|^AC^|^AC^|^IP
416^|^20180812^|^20201223^|^1^|^GPRS^|^Messaging^|^Nutzung^|^Datenumsatz^|^hyuy^|^7356^|^loik^|^y^|^0^|^20180305^|^SYSDBA^|^AC^|^AC^|^IP
417^|^20181031^|^20200718^|^1^|^GPRS^|^Messaging^|^Nutzung^|^Datenumsatz^|^hyuy^|^7356^|^loik^|^y^|^0^|^20180818^|^SYSDBA^|^AC^|^AC^|^IP
418^|^20180524^|^20201004^|^1^|^GPRS^|^Messaging^|^Nutzung^|^Datenumsatz^|^hyuy^|^7356^|^loik^|^y^|^0^|^20180521^|^SYSDBA^|^AC^|^AC^|^IP
419^|^20180320^|^20200518^|^1^|^GPRS^|^Messaging^|^Nutzung^|^Datenumsatz^|^hyuy^|^7356^|^loik^|^z^|^0^|^20180815^|^SYSDBA^|^AC^|^AC^|^IP
420^|^20181006^|^20201211^|^1^|^GPRS^|^Messaging^|^Nutzung^|^Datenumsatz^|^hyuy^|^7356^|^loik^|^y^|^0^|^20180112^|^SYSDBA^|^AC^|^AC^|^IP
421^|^20180913^|^20200208^|^1^|^GPRS^|^Messaging^|^Nutzung^|^Datenumsatz^|^hyuy^|^7356^|^loik^|^y^|^0^|^20180810^|^SYSDBA^|^AC^|^AC^|^IP
422^|^20180625^|^20200718^|^1^|^GPRS^|^Messaging^|^Nutzung^|^Datenumsatz^|^hyuy^|^7356^|^loik^|^z^|^0^|^20180528^|^SYSDBA^|^AC^|^AC^|^IP
423^|^20180918^|^20200609^|^1^|^GPRS^|^Messaging^|^Nutzung^|^Datenumsatz^|^hyuy^|^7356^|^loik^|^z^|^0^|^20180128^|^SYSDBA^|^AC^|^AC^|^IP
424^|^20180515^|^20200403^|^1^|^GPRS^|^Messaging^|^Nutzung^|^Datenumsatz^|^hyuy^|^7356^|^loik^|^y^|^0^|^20180531^|^SYSDBA^|^AC^|^AC^|^IP
425^|^20180718^|^20201109^|^1^|^GPRS^|^Messaging^|^Nutzung^|^Datenumsatz^|^hyuy^|^7356^|^loik^|^z^|^0^|^20180118^|^SYSDBA^|^AC^|^AC^|^IP
426^|^20180627^|^20201027^|^1^|^GPRS^|^Messaging^|^Nutzung^|^Datenumsatz^|^hyuy^|^7356^|^loik^|^y^|^0^|^20180102^|^SYSDBA^|^AC^|^AC^|^IP
427^|^20181110^|^20200223^|^1^|^GPRS^|^Messaging^|^Nutzung^|^Datenumsatz^|^hyuy^|^7356^|^loik^|^z^|^0^|^20180204^|^SYSDBA^|^AC^|^AC^|^IP
428^|^20181005^|^20200801^|^1^|^GPRS^|^Messaging^|^Nutzung^|^Datenumsatz^|^hyuy^|^7356^|^loik^|^y^|^0^|^20181230^|^SYSDBA^|^AC^|^AC^|^IP
429^|^20180516^|^20200913^|^1^|^GPRS^|^Messaging^|^Nutzung^|^Datenumsatz^|^hyuy^|^7356^|^loik^|^y^|^0^|^20180529^|^SYSDBA^|^AC^|^AC^|^IP
430^|^20181014^|^20200402^|^1^|^GPRS^|^Messaging^|^Nutzung^|^Datenumsatz^|^hyuy^|^7356^|^loik^|^z^|^0^|^20180826^|^SYSDBA^|^AC^|^AC^|^IP
431^|^20181207^|^20200302^|^1^|^GPRS^|^Messaging^|^Nutzung^|^Datenumsatz^|^hyuy^|^7356^|^loik^|^z^|^0^|^20181022^|^SYSDBA^|^AC^|^AC^|^IP
432^|^20180815^|^20200915^|^1^|^GPRS^|^Messaging^|^Nutzung^|^Datenumsatz^|^hyuy^|^7356^|^loik^|^y^|^0^|^20180815^|^SYSDBA^|^AC^|^AC^|^IP
433^|^20180103^|^20200905^|^1^|^GPRS^|^Messaging^|^Nutzung^|^Datenumsatz^|^hyuy^|^7356^|^loik^|^y^|^0^|^20180228^|^SYSDBA^|^AC^|^AC^|^IP
434^|^20181106^|^20200809^|^1^|^GPRS^|^Messaging^|^Nutzung^|^Datenumsatz^|^hyuy^|^7356^|^loik^|^z^|^0^|^20180126^|^SYSDBA^|^AC^|^AC^|^IP
435^|^20180526^|^20201203^|^1^|^GPRS^|^Messaging^|^Nutzung^|^Datenumsatz^|^hyuy^|^7356^|^loik^|^z^|^0^|^20180727^|^SYSDBA^|^AC^|^AC^|^IP
436^|^20181029^|^20200205^|^1^|^GPRS^|^Messaging^|^Nutzung^|^Datenumsatz^|^hyuy^|^7356^|^loik^|^y^|^0^|^20180509^|^SYSDBA^|^AC^|^AC^|^IP
437^|^20180223^|^20200826^|^1^|^GPRS^|^Messaging^|^Nutzung^|^Datenumsatz^|^hyuy^|^7356^|^loik^|^y^|^0^|^20180711^|^SYSDBA^|^AC^|^AC^|^IP
438^|^20180709^|^20200704^|^1^|^GPRS^|^Messaging^|^Nutzung^|^Datenumsatz^|^hyuy^|^7356^|^loik^|^z^|^0^|^20180723^|^SYSDBA^|^AC^|^AC^|^IP
439^|^20180717^|^20200220^|^1^|^GPRS^|^Messaging^|^Nutzung^|^Datenumsatz^|^hyuy^|^7356^|^loik^|^y^|^0^|^20181208^|^SYSDBA^|^AC^|^AC^|^IP
440^|^20180726^|^20200504^|^1^|^GPRS^|^Messaging^|^Nutzung^|^Datenumsatz^|^hyuy^|^7356^|^loik^|^y^|^0^|^20181103^|^SYSDBA^|^AC^|^AC^|^IP
441^|^20181116^|^20200919^|^1^|^GPRS^|^Messaging^|^Nutzung^|^Datenumsatz^|^hyuy^|^7356^|^loik^|^y^|^0^|^20180414^|^SYSDBA^|^AC^|^AC^|^IP
442^|^20180511^|^20200322^|^1^|^GPRS^|^Messaging^|^Nutzung^|^Datenumsatz^|^hyuy^|^7356^|^loik^|^y^|^0^|^20181116^|^SYSDBA^|^AC^|^AC^|^IP
443^|^20180904^|^20201124^|^1^|^GPRS^|^Messaging^|^Nutzung^|^Datenumsatz^|^hyuy^|^7356^|^loik^|^z^|^0^|^20180319^|^SYSDBA^|^AC^|^AC^|^IP
444^|^20181217^|^20200118^|^1^|^GPRS^|^Messaging^|^Nutzung^|^Datenumsatz^|^hyuy^|^7356^|^loik^|^y^|^0^|^20180224^|^SYSDBA^|^AC^|^AC^|^IP
445^|^20180109^|^20201027^|^1^|^GPRS^|^Messaging^|^Nutzung^|^Datenumsatz^|^hyuy^|^7356^|^loik^|^z^|^0^|^20181018^|^SYSDBA^|^AC^|^AC^|^IP
446^|^20180419^|^20200830^|^1^|^GPRS^|^Messaging^|^Nutzung^|^Datenumsatz^|^hyuy^|^7356^|^loik^|^z^|^0^|^20180323^|^SYSDBA^|^AC^|^AC^|^IP
447^|^20181208^|^20201023^|^1^|^GPRS^|^Messaging^|^Nutzung^|^Datenumsatz^|^hyuy^|^7356^|^loik^|^y^|^0^|^20181010^|^SYSDBA^|^AC^|^AC^|^IP
448^|^20181125^|^20200823^|^1^|^GPRS^|^Messaging^|^Nutzung^|^Datenumsatz^|^hyuy^|^7356^|^loik^|^z^|^0^|^20180130^|^SYSDBA^|^AC^|^AC^|^IP
449^|^20180416^|^20201217^|^1^|^GPRS^|^Messaging^|^Nutzung^|^Datenumsatz^|^hyuy^|^7356^|^loik^|^z^|^0^|^20180324^|^SYSDBA^|^AC^|^AC^|^IP
450^|^20180701^|^20200521^|^1^|^GPRS^|^Messaging^|^Nutzung^|^Datenumsatz^|^hyuy^|^7356^|^loik^|^y^|^0^|^20181026^|^SYSDBA^|^AC^|^AC^|^IP
451^|^20181225^|^20200902^|^1^|^GPRS^|^Messaging^|^Nutzung^|^Datenumsatz^|^hyuy^|^7356^|^loik^|^z^|^0^|^20180825^|^SYSDBA^|^AC^|^AC^|^IP
452^|^20180910^|^20200816^|^1^|^GPRS^|^Messaging^|^Nutzung^|^Datenumsatz^|^hyuy^|^7356^|^loik^|^y^|^0^|^20180909^|^SYSDBA^|^AC^|^AC^|^IP
453^|^20180917^|^20200604^|^1^|^GPRS^|^Messaging^|^Nutzung^|^Datenumsatz^|^hyuy^|^7356^|^loik^|^z^|^0^|^20180317^|^SYSDBA^|^AC^|^AC^|^IP
454^|^20180327^|^20200815^|^1^|^GPRS^|^Messaging^|^Nutzung^|^Datenumsatz^|^hyuy^|^7356^|^loik^|^y^|^0^|^20180311^|^SYSDBA^|^AC^|^AC^|^IP
455^|^20181022^|^20200203^|^1^|^GPRS^|^Messaging^|^Nutzung^|^Datenumsatz^|^hyuy^|^7356^|^loik^|^z^|^0^|^20180601^|^SYSDBA^|^AC^|^AC^|^IP
456^|^20180110^|^20201110^|^1^|^GPRS^|^Messaging^|^Nutzung^|^Datenumsatz^|^hyuy^|^7356^|^loik^|^z^|^0^|^20180620^|^SYSDBA^|^AC^|^AC^|^IP
457^|^20180208^|^20200221^|^1^|^GPRS^|^Messaging^|^Nutzung^|^Datenumsatz^|^hyuy^|^7356^|^loik^|^z^|^0^|^20180613^|^SYSDBA^|^AC^|^AC^|^IP
458^|^20180526^|^20200128^|^1^|^GPRS^|^Messaging^|^Nutzung^|^Datenumsatz^|^hyuy^|^7356^|^loik^|^y^|^0^|^20181024^|^SYSDBA^|^AC^|^AC^|^IP
459^|^20180325^|^20200323^|^1^|^GPRS^|^Messaging^|^Nutzung^|^Datenumsatz^|^hyuy^|^7356^|^loik^|^z^|^0^|^20181120^|^SYSDBA^|^AC^|^AC^|^IP
460^|^20180305^|^20200821^|^1^|^GPRS^|^Messaging^|^Nutzung^|^Datenumsatz^|^hyuy^|^7356^|^loik^|^z^|^0^|^20180425^|^SYSDBA^|^AC^|^AC^|^IP
461^|^20180124^|^20200107^|^1^|^GPRS^|^Messaging^|^Nutzung^|^Datenumsatz^|^hyuy^|^7356^|^loik^|^z^|^0^|^20180406^|^SYSDBA^|^AC^|^AC^|^IP
462^|^20180309^|^20200420^|^1^|^GPRS^|^Messaging^|^Nutzung^|^Datenumsatz^|^hyuy^|^7356^|^loik^|^z^|^0^|^20180129^|^SYSDBA^|^AC^|^AC^|^IP
463^|^20180723^|^20201128^|^1^|^GPRS^|^Messaging^|^Nutzung^|^Datenumsatz^|^hyuy^|^7356^|^loik^|^z^|^0^|^20180722^|^SYSDBA^|^AC^|^AC^|^IP
464^|^20180510^|^20200527^|^1^|^GPRS^|^Messaging^|^Nutzung^|^Datenumsatz^|^hyuy^|^7356^|^loik^|^z^|^0^|^20180227^|^SYSDBA^|^AC^|^AC^|^IP
465^|^20180401^|^20201117^|^1^|^GPRS^|^Messaging^|^Nutzung^|^Datenumsatz^|^hyuy^|^7356^|^loik^|^z^|^0^|^20181226^|^SYSDBA^|^AC^|^AC^|^IP
466^|^20180819^|^20200314^|^1^|^GPRS^|^Messaging^|^Nutzung^|^Datenumsatz^|^hyuy^|^7356^|^loik^|^z^|^0^|^20180126^|^SYSDBA^|^AC^|^AC^|^IP
467^|^20180121^|^20200816^|^1^|^GPRS^|^Messaging^|^Nutzung^|^Datenumsatz^|^hyuy^|^7356^|^loik^|^y^|^0^|^20180924^|^SYSDBA^|^AC^|^AC^|^IP
468^|^20181018^|^20201022^|^1^|^GPRS^|^Messaging^|^Nutzung^|^Datenumsatz^|^hyuy^|^7356^|^loik^|^y^|^0^|^20180106^|^SYSDBA^|^AC^|^AC^|^IP
469^|^20180612^|^20200614^|^1^|^GPRS^|^Messaging^|^Nutzung^|^Datenumsatz^|^hyuy^|^7356^|^loik^|^y^|^0^|^20181012^|^SYSDBA^|^AC^|^AC^|^IP
470^|^20180808^|^20200319^|^1^|^GPRS^|^Messaging^|^Nutzung^|^Datenumsatz^|^hyuy^|^7356^|^loik^|^y^|^0^|^20180621^|^SYSDBA^|^AC^|^AC^|^IP
471^|^20180510^|^20200721^|^1^|^GPRS^|^Messaging^|^Nutzung^|^Datenumsatz^|^hyuy^|^7356^|^loik^|^y^|^0^|^20180422^|^SYSDBA^|^AC^|^AC^|^IP
472^|^20181103^|^20200923^|^1^|^GPRS^|^Messaging^|^Nutzung^|^Datenumsatz^|^hyuy^|^7356^|^loik^|^z^|^0^|^20180423^|^SYSDBA^|^AC^|^AC^|^IP
473^|^20180111^|^20200623^|^1^|^GPRS^|^Messaging^|^Nutzung^|^Datenumsatz^|^hyuy^|^7356^|^loik^|^z^|^0^|^20180326^|^SYSDBA^|^AC^|^AC^|^IP
474^|^20180312^|^20200318^|^1^|^GPRS^|^Messaging^|^Nutzung^|^Datenumsatz^|^hyuy^|^7356^|^loik^|^z^|^0^|^20180314^|^SYSDBA^|^AC^|^AC^|^IP
475^|^20180318^|^20201022^|^1^|^GPRS^|^Messaging^|^Nutzung^|^Datenumsatz^|^hyuy^|^7356^|^loik^|^z^|^0^|^20180126^|^SYSDBA^|^AC^|^AC^|^IP
476^|^20180722^|^20200816^|^1^|^GPRS^|^Messaging^|^Nutzung^|^Datenumsatz^|^hyuy^|^7356^|^loik^|^y^|^0^|^20181120^|^SYSDBA^|^AC^|^AC^|^IP
477^|^20181108^|^20201228^|^1^|^GPRS^|^Messaging^|^Nutzung^|^Datenumsatz^|^hyuy^|^7356^|^loik^|^y^|^0^|^20180114^|^SYSDBA^|^AC^|^AC^|^IP
478^|^20180704^|^20200407^|^1^|^GPRS^|^Messaging^|^Nutzung^|^Datenumsatz^|^hyuy^|^7356^|^loik^|^y^|^0^|^20180813^|^SYSDBA^|^AC^|^AC^|^IP
479^|^20181007^|^20200916^|^1^|^GPRS^|^Messaging^|^Nutzung^|^Datenumsatz^|^hyuy^|^7356^|^loik^|^z^|^0^|^20180916^|^SYSDBA^|^AC^|^AC^|^IP
480^|^20181214^|^20201015^|^1^|^GPRS^|^Messaging^|^Nutzung^|^Datenumsatz^|^hyuy^|^7356^|^loik^|^y^|^0^|^20180518^|^SYSDBA^|^AC^|^AC^|^IP
481^|^20180324^|^20200228^|^1^|^GPRS^|^Messaging^|^Nutzung^|^Datenumsatz^|^hyuy^|^7356^|^loik^|^y^|^0^|^20180610^|^SYSDBA^|^AC^|^AC^|^IP
482^|^20180321^|^20200926^|^1^|^GPRS^|^Messaging^|^Nutzung^|^Datenumsatz^|^hyuy^|^7356^|^loik^|^y^|^0^|^20180528^|^SYSDBA^|^AC^|^AC^|^IP
483^|^20180511^|^20200130^|^1^|^GPRS^|^Messaging^|^Nutzung^|^Datenumsatz^|^hyuy^|^7356^|^loik^|^z^|^0^|^20181120^|^SYSDBA^|^AC^|^AC^|^IP
484^|^20180903^|^20200203^|^1^|^GPRS^|^Messaging^|^Nutzung^|^Datenumsatz^|^hyuy^|^7356^|^loik^|^y^|^0^|^20180221^|^SYSDBA^|^AC^|^AC^|^IP
485^|^20180428^|^20200721^|^1^|^GPRS^|^Messaging^|^Nutzung^|^Datenumsatz^|^hyuy^|^7356^|^loik^|^z^|^0^|^20180227^|^SYSDBA^|^AC^|^AC^|^IP
486^|^20180815^|^20201017^|^1^|^GPRS^|^Messaging^|^Nutzung^|^Datenumsatz^|^hyuy^|^7356^|^loik^|^z^|^0^|^20180531^|^SYSDBA^|^AC^|^AC^|^IP
487^|^20180403^|^20201105^|^1^|^GPRS^|^Messaging^|^Nutzung^|^Datenumsatz^|^hyuy^|^7356^|^loik^|^z^|^0^|^20180804^|^SYSDBA^|^AC^|^AC^|^IP
488^|^20180216^|^20200514^|^1^|^GPRS^|^Messaging^|^Nutzung^|^Datenumsatz^|^hyuy^|^7356^|^loik^|^z^|^0^|^20180815^|^SYSDBA^|^AC^|^AC^|^IP
489^|^20180410^|^20200831^|^1^|^GPRS^|^Messaging^|^Nutzung^|^Datenumsatz^|^hyuy^|^7356^|^loik^|^y^|^0^|^20180211^|^SYSDBA^|^AC^|^AC^|^IP
490^|^20180801^|^20200203^|^1^|^GPRS^|^Messaging^|^Nutzung^|^Datenumsatz^|^hyuy^|^7356^|^loik^|^y^|^0^|^20180305^|^SYSDBA^|^AC^|^AC^|^IP
491^|^20180211^|^20200921^|^1^|^GPRS^|^Messaging^|^Nutzung^|^Datenumsatz^|^hyuy^|^7356^|^loik^|^z^|^0^|^20180309^|^SYSDBA^|^AC^|^AC^|^IP
492^|^20181230^|^20200831^|^1^|^GPRS^|^Messaging^|^Nutzung^|^Datenumsatz^|^hyuy^|^7356^|^loik^|^y^|^0^|^20180610^|^SYSDBA^|^AC^|^AC^|^IP
493^|^20180615^|^20200203^|^1^|^GPRS^|^Messaging^|^Nutzung^|^Datenumsatz^|^hyuy^|^7356^|^loik^|^y^|^0^|^20180315^|^SYSDBA^|^AC^|^AC^|^IP
494^|^20180626^|^20200605^|^1^|^GPRS^|^Messaging^|^Nutzung^|^Datenumsatz^|^hyuy^|^7356^|^loik^|^y^|^0^|^20180814^|^SYSDBA^|^AC^|^AC^|^IP
495^|^20180525^|^20200915^|^1^|^GPRS^|^Messaging^|^Nutzung^|^Datenumsatz^|^hyuy^|^7356^|^loik^|^z^|^0^|^20180702^|^SYSDBA^|^AC^|^AC^|^IP
496^|^20180904^|^20200124^|^1^|^GPRS^|^Messaging^|^Nutzung^|^Datenumsatz^|^hyuy^|^7356^|^loik^|^y^|^0^|^20180716^|^SYSDBA^|^AC^|^AC^|^IP
497^|^20180613^|^20201113^|^1^|^GPRS^|^Messaging^|^Nutzung^|^Datenumsatz^|^hyuy^|^7356^|^loik^|^y^|^0^|^20180910^|^SYSDBA^|^AC^|^AC^|^IP
498^|^20180408^|^20200215^|^1^|^GPRS^|^Messaging^|^Nutzung^|^Datenumsatz^|^hyuy^|^7356^|^loik^|^z^|^0^|^20181117^|^SYSDBA^|^AC^|^AC^|^IP
499^|^20180921^|^20200419^|^1^|^GPRS^|^Messaging^|^Nutzung^|^Datenumsatz^|^hyuy^|^7356^|^loik^|^y^|^0^|^20180507^|^SYSDBA^|^AC^|^AC^|^IP
500^|^20180714^|^20201010^|^1^|^GPRS^|^Messaging^|^Nutzung^|^Datenumsatz^|^hyuy^|^7356^|^loik^|^z^|^0^|^20180623^|^SYSDBA^|^AC^|^AC^|^IP
501^|^20180425^|^20200918^|^1^|^GPRS^|^Messaging^|^Nutzung^|^Datenumsatz^|^hyuy^|^7356^|^loik^|^y^|^0^|^20180214^|^SYSDBA^|^AC^|^AC^|^IP
502^|^20181108^|^20200814^|^1^|^GPRS^|^Messaging^|^Nutzung^|^Datenumsatz^|^hyuy^|^7356^|^loik^|^z^|^0^|^20180210^|^SYSDBA^|^AC^|^AC^|^IP
503^|^20180819^|^20201104^|^1^|^GPRS^|^Messaging^|^Nutzung^|^Datenumsatz^|^hyuy^|^7356^|^loik^|^y^|^0^|^20180222^|^SYSDBA^|^AC^|^AC^|^IP
504^|^20181103^|^20200717^|^1^|^GPRS^|^Messaging^|^Nutzung^|^Datenumsatz^|^hyuy^|^7356^|^loik^|^y^|^0^|^20180915^|^SYSDBA^|^AC^|^AC^|^IP
505^|^20180121^|^20200718^|^1^|^GPRS^|^Messaging^|^Nutzung^|^Datenumsatz^|^hyuy^|^7356^|^loik^|^y^|^0^|^20180425^|^SYSDBA^|^AC^|^AC^|^IP
506^|^20180527^|^20200126^|^1^|^GPRS^|^Messaging^|^Nutzung^|^Datenumsatz^|^hyuy^|^7356^|^loik^|^y^|^0^|^20180801^|^SYSDBA^|^AC^|^AC^|^IP
507^|^20180105^|^20200316^|^1^|^GPRS^|^Messaging^|^Nutzung^|^Datenumsatz^|^hyuy^|^7356^|^loik^|^y^|^0^|^20181207^|^SYSDBA^|^AC^|^AC^|^IP
508^|^20181017^|^20200907^|^1^|^GPRS^|^Messaging^|^Nutzung^|^Datenumsatz^|^hyuy^|^7356^|^loik^|^z^|^0^|^20180613^|^SYSDBA^|^AC^|^AC^|^IP
509^|^20181104^|^20201224^|^1^|^GPRS^|^Messaging^|^Nutzung^|^Datenumsatz^|^hyuy^|^7356^|^loik^|^z^|^0^|^20180515^|^SYSDBA^|^AC^|^AC^|^IP
510^|^20181017^|^20200129^|^1^|^GPRS^|^Messaging^|^Nutzung^|^Datenumsatz^|^hyuy^|^7356^|^loik^|^z^|^0^|^20180613^|^SYSDBA^|^AC^|^AC^|^IP
511^|^20180610^|^20200308^|^1^|^GPRS^|^Messaging^|^Nutzung^|^Datenumsatz^|^hyuy^|^7356^|^loik^|^z^|^0^|^20181210^|^SYSDBA^|^AC^|^AC^|^IP
512^|^20180429^|^20201218^|^1^|^GPRS^|^Messaging^|^Nutzung^|^Datenumsatz^|^hyuy^|^7356^|^loik^|^y^|^0^|^20180818^|^SYSDBA^|^AC^|^AC^|^IP
513^|^20180720^|^20200204^|^1^|^GPRS^|^Messaging^|^Nutzung^|^Datenumsatz^|^hyuy^|^7356^|^loik^|^z^|^0^|^20180602^|^SYSDBA^|^AC^|^AC^|^IP
514^|^20180730^|^20200219^|^1^|^GPRS^|^Messaging^|^Nutzung^|^Datenumsatz^|^hyuy^|^7356^|^loik^|^y^|^0^|^20180211^|^SYSDBA^|^AC^|^AC^|^IP
515^|^20181019^|^20200728^|^1^|^GPRS^|^Messaging^|^Nutzung^|^Datenumsatz^|^hyuy^|^7356^|^loik^|^z^|^0^|^20180909^|^SYSDBA^|^AC^|^AC^|^IP
516^|^20180306^|^20201110^|^1^|^GPRS^|^Messaging^|^Nutzung^|^Datenumsatz^|^hyuy^|^7356^|^loik^|^y^|^0^|^20180413^|^SYSDBA^|^AC^|^AC^|^IP
517^|^20180131^|^20200907^|^1^|^GPRS^|^Messaging^|^Nutzung^|^Datenumsatz^|^hyuy^|^7356^|^loik^|^y^|^0^|^20181114^|^SYSDBA^|^AC^|^AC^|^IP
518^|^20181013^|^20200324^|^1^|^GPRS^|^Messaging^|^Nutzung^|^Datenumsatz^|^hyuy^|^7356^|^loik^|^y^|^0^|^20180125^|^SYSDBA^|^AC^|^AC^|^IP
519^|^20180216^|^20201201^|^1^|^GPRS^|^Messaging^|^Nutzung^|^Datenumsatz^|^hyuy^|^7356^|^loik^|^z^|^0^|^20180714^|^SYSDBA^|^AC^|^AC^|^IP
520^|^20180213^|^20201101^|^1^|^GPRS^|^Messaging^|^Nutzung^|^Datenumsatz^|^hyuy^|^7356^|^loik^|^z^|^0^|^20180311^|^SYSDBA^|^AC^|^AC^|^IP
521^|^20181210^|^20200922^|^1^|^GPRS^|^Messaging^|^Nutzung^|^Datenumsatz^|^hyuy^|^7356^|^loik^|^y^|^0^|^20180912^|^SYSDBA^|^AC^|^AC^|^IP
522^|^20180201^|^20200323^|^1^|^GPRS^|^Messaging^|^Nutzung^|^Datenumsatz^|^hyuy^|^7356^|^loik^|^y^|^0^|^20181017^|^SYSDBA^|^AC^|^AC^|^IP
523^|^20180324^|^20201112^|^1^|^GPRS^|^Messaging^|^Nutzung^|^Datenumsatz^|^hyuy^|^7356^|^loik^|^y^|^0^|^20180531^|^SYSDBA^|^AC^|^AC^|^IP
524^|^20180510^|^20200209^|^1^|^GPRS^|^Messaging^|^Nutzung^|^Datenumsatz^|^hyuy^|^7356^|^loik^|^z^|^0^|^20180601^|^SYSDBA^|^AC^|^AC^|^IP
525^|^20180717^|^20201116^|^1^|^GPRS^|^Messaging^|^Nutzung^|^Datenumsatz^|^hyuy^|^7356^|^loik^|^y^|^0^|^20180724^|^SYSDBA^|^AC^|^AC^|^IP
526^|^20180312^|^20200110^|^1^|^GPRS^|^Messaging^|^Nutzung^|^Datenumsatz^|^hyuy^|^7356^|^loik^|^y^|^0^|^20180803^|^SYSDBA^|^AC^|^AC^|^IP
527^|^20180825^|^20200823^|^1^|^GPRS^|^Messaging^|^Nutzung^|^Datenumsatz^|^hyuy^|^7356^|^loik^|^y^|^0^|^20180104^|^SYSDBA^|^AC^|^AC^|^IP
528^|^20180828^|^20200329^|^1^|^GPRS^|^Messaging^|^Nutzung^|^Datenumsatz^|^hyuy^|^7356^|^loik^|^z^|^0^|^20180526^|^SYSDBA^|^AC^|^AC^|^IP
529^|^20180919^|^20200316^|^1^|^GPRS^|^Messaging^|^Nutzung^|^Datenumsatz^|^hyuy^|^7356^|^loik^|^z^|^0^|^20180622^|^SYSDBA^|^AC^|^AC^|^IP
530^|^20180318^|^20200516^|^1^|^GPRS^|^Messaging^|^Nutzung^|^Datenumsatz^|^hyuy^|^7356^|^loik^|^y^|^0^|^20180110^|^SYSDBA^|^AC^|^AC^|^IP
531^|^20180421^|^20200519^|^1^|^GPRS^|^Messaging^|^Nutzung^|^Datenumsatz^|^hyuy^|^7356^|^loik^|^z^|^0^|^20181111^|^SYSDBA^|^AC^|^AC^|^IP
532^|^20180127^|^20200417^|^1^|^GPRS^|^Messaging^|^Nutzung^|^Datenumsatz^|^hyuy^|^7356^|^loik^|^z^|^0^|^20180127^|^SYSDBA^|^AC^|^AC^|^IP
533^|^20181201^|^20200826^|^1^|^GPRS^|^Messaging^|^Nutzung^|^Datenumsatz^|^hyuy^|^7356^|^loik^|^y^|^0^|^20181028^|^SYSDBA^|^AC^|^AC^|^IP
534^|^20180402^|^20200820^|^1^|^GPRS^|^Messaging^|^Nutzung^|^Datenumsatz^|^hyuy^|^7356^|^loik^|^z^|^0^|^20180415^|^SYSDBA^|^AC^|^AC^|^IP
535^|^20181107^|^20200222^|^1^|^GPRS^|^Messaging^|^Nutzung^|^Datenumsatz^|^hyuy^|^7356^|^loik^|^y^|^0^|^20181127^|^SYSDBA^|^AC^|^AC^|^IP
536^|^20180705^|^20200304^|^1^|^GPRS^|^Messaging^|^Nutzung^|^Datenumsatz^|^hyuy^|^7356^|^loik^|^y^|^0^|^20180828^|^SYSDBA^|^AC^|^AC^|^IP
537^|^20180810^|^20200703^|^1^|^GPRS^|^Messaging^|^Nutzung^|^Datenumsatz^|^hyuy^|^7356^|^loik^|^z^|^0^|^20180430^|^SYSDBA^|^AC^|^AC^|^IP
538^|^20180930^|^20200608^|^1^|^GPRS^|^Messaging^|^Nutzung^|^Datenumsatz^|^hyuy^|^7356^|^loik^|^y^|^0^|^20180813^|^SYSDBA^|^AC^|^AC^|^IP
539^|^20180411^|^20200321^|^1^|^GPRS^|^Messaging^|^Nutzung^|^Datenumsatz^|^hyuy^|^7356^|^loik^|^y^|^0^|^20181017^|^SYSDBA^|^AC^|^AC^|^IP
540^|^20181005^|^20200227^|^1^|^GPRS^|^Messaging^|^Nutzung^|^Datenumsatz^|^hyuy^|^7356^|^loik^|^y^|^0^|^20180429^|^SYSDBA^|^AC^|^AC^|^IP
541^|^20180515^|^20200423^|^1^|^GPRS^|^Messaging^|^Nutzung^|^Datenumsatz^|^hyuy^|^7356^|^loik^|^y^|^0^|^20180215^|^SYSDBA^|^AC^|^AC^|^IP
542^|^20180121^|^20200823^|^1^|^GPRS^|^Messaging^|^Nutzung^|^Datenumsatz^|^hyuy^|^7356^|^loik^|^y^|^0^|^20181206^|^SYSDBA^|^AC^|^AC^|^IP
543^|^20180309^|^20200509^|^1^|^GPRS^|^Messaging^|^Nutzung^|^Datenumsatz^|^hyuy^|^7356^|^loik^|^z^|^0^|^20180921^|^SYSDBA^|^AC^|^AC^|^IP
544^|^20181021^|^20200401^|^1^|^GPRS^|^Messaging^|^Nutzung^|^Datenumsatz^|^hyuy^|^7356^|^loik^|^y^|^0^|^20180415^|^SYSDBA^|^AC^|^AC^|^IP
545^|^20180809^|^20201215^|^1^|^GPRS^|^Messaging^|^Nutzung^|^Datenumsatz^|^hyuy^|^7356^|^loik^|^y^|^0^|^20181224^|^SYSDBA^|^AC^|^AC^|^IP
546^|^20180120^|^20200303^|^1^|^GPRS^|^Messaging^|^Nutzung^|^Datenumsatz^|^hyuy^|^7356^|^loik^|^y^|^0^|^20180115^|^SYSDBA^|^AC^|^AC^|^IP