ban^|^subscriber_no^|^permission_id^|^permission_service_id^|^dwh_source_ind^|^market_code^|^dwh_valid_from^|^dwh_valid_until^|^permission_value^|^bew_version_nr^|^source_system_id^|^effective_date^|^effective_time^|^sys_creation_date^|^sys_creation_time^|^sys_update_date^|^sys_update_time^|^operator_id^|^application_id^|^dwh_status^|^dwh_lfd_nr
10123132123^|^gsm1736606331^|^dev^|^cdev^|^3^|^mmc^|^^|^^|^n^|^as^|^kias^|^^|^47^|^^|^12^|^^|^13^|^14^|^12011^|^ac^|^15
10123132123^|^gsm1736606332^|^dev^|^cdev^|^3^|^mmc^|^^|^^|^n^|^as^|^cor^|^^|^48^|^^|^13^|^^|^14^|^15^|^12012^|^ac^|^16
10123132123^|^gsm1736606333^|^dev^|^cdev^|^3^|^mmc^|^^|^^|^n^|^as^|^kias^|^^|^49^|^^|^14^|^^|^15^|^16^|^12013^|^ac^|^17
10123132123^|^gsm1736606334^|^dev^|^cdev^|^3^|^mmc^|^^|^^|^n^|^as^|^cor^|^^|^50^|^^|^15^|^^|^16^|^17^|^12014^|^ac^|^18
10123132123^|^gsm1736606335^|^dev^|^cdev^|^3^|^mmc^|^^|^^|^n^|^as^|^kias^|^^|^51^|^^|^16^|^^|^17^|^18^|^12015^|^ac^|^19
10123132123^|^gsm1736606336^|^dev^|^cdev^|^3^|^mmc^|^^|^^|^n^|^as^|^kias^|^^|^52^|^^|^17^|^^|^18^|^19^|^12016^|^ac^|^20
10123132123^|^gsm1736606337^|^dev^|^cdev^|^3^|^mmc^|^^|^^|^n^|^as^|^kias^|^^|^53^|^^|^18^|^^|^19^|^20^|^12017^|^ac^|^21
10123132123^|^gsm1736606338^|^dev^|^cdev^|^3^|^mmc^|^^|^^|^n^|^as^|^kias^|^^|^54^|^^|^19^|^^|^20^|^21^|^12018^|^ac^|^22
10123132123^|^gsm1736606339^|^dev^|^cdev^|^3^|^mmc^|^^|^^|^n^|^as^|^cor^|^^|^55^|^^|^20^|^^|^21^|^22^|^12019^|^ac^|^23
10123132123^|^gsm1736606340^|^dev^|^cdev^|^3^|^mmc^|^^|^^|^n^|^as^|^cor^|^^|^56^|^^|^21^|^^|^22^|^23^|^12020^|^ac^|^24
10123132123^|^gsm1736606341^|^dev^|^cdev^|^3^|^mmc^|^^|^^|^n^|^as^|^kias^|^^|^57^|^^|^22^|^^|^23^|^24^|^12021^|^ac^|^25
10123132123^|^gsm1736606342^|^dev^|^cdev^|^3^|^mmc^|^^|^^|^n^|^as^|^cor^|^^|^58^|^^|^23^|^^|^24^|^25^|^12022^|^ac^|^26
10123132123^|^gsm1736606343^|^dev^|^cdev^|^3^|^mmc^|^^|^^|^n^|^as^|^cor^|^^|^59^|^^|^24^|^^|^25^|^26^|^12023^|^ac^|^27
10123132123^|^gsm1736606344^|^dev^|^cdev^|^3^|^mmc^|^^|^^|^n^|^as^|^kias^|^^|^60^|^^|^25^|^^|^26^|^27^|^12024^|^ac^|^28
10123132123^|^gsm1736606345^|^dev^|^cdev^|^3^|^mmc^|^^|^^|^n^|^as^|^kias^|^^|^61^|^^|^26^|^^|^27^|^28^|^12025^|^ac^|^29
10123132123^|^gsm1736606346^|^dev^|^cdev^|^3^|^mmc^|^^|^^|^n^|^as^|^cor^|^^|^62^|^^|^27^|^^|^28^|^29^|^12026^|^ac^|^30
10123132123^|^gsm1736606347^|^dev^|^cdev^|^3^|^mmc^|^^|^^|^n^|^as^|^cor^|^^|^63^|^^|^28^|^^|^29^|^30^|^12027^|^ac^|^31
10123132123^|^gsm1736606348^|^dev^|^cdev^|^3^|^mmc^|^^|^^|^n^|^as^|^cor^|^^|^64^|^^|^29^|^^|^30^|^31^|^12028^|^ac^|^32
10123132123^|^gsm1736606349^|^dev^|^cdev^|^3^|^mmc^|^^|^^|^n^|^as^|^kias^|^^|^65^|^^|^30^|^^|^31^|^32^|^12029^|^ac^|^33
10123132123^|^gsm1736606350^|^dev^|^cdev^|^3^|^mmc^|^^|^^|^n^|^as^|^kias^|^^|^66^|^^|^31^|^^|^32^|^33^|^12030^|^ac^|^34
10123132123^|^gsm1736606351^|^dev^|^cdev^|^3^|^mmc^|^^|^^|^n^|^as^|^kias^|^^|^67^|^^|^32^|^^|^33^|^34^|^12031^|^ac^|^35
10123132123^|^gsm1736606352^|^dev^|^cdev^|^3^|^mmc^|^^|^^|^n^|^as^|^cor^|^^|^68^|^^|^33^|^^|^34^|^35^|^12032^|^ac^|^36
10123132123^|^gsm1736606353^|^dev^|^cdev^|^3^|^mmc^|^^|^^|^n^|^as^|^kias^|^^|^69^|^^|^34^|^^|^35^|^36^|^12033^|^ac^|^37
10123132123^|^gsm1736606354^|^dev^|^cdev^|^3^|^mmc^|^^|^^|^n^|^as^|^cor^|^^|^70^|^^|^35^|^^|^36^|^37^|^12034^|^ac^|^38
10123132123^|^gsm1736606355^|^dev^|^cdev^|^3^|^mmc^|^^|^^|^n^|^as^|^cor^|^^|^71^|^^|^36^|^^|^37^|^38^|^12035^|^ac^|^39
10123132123^|^gsm1736606356^|^dev^|^cdev^|^3^|^mmc^|^^|^^|^n^|^as^|^cor^|^^|^72^|^^|^37^|^^|^38^|^39^|^12036^|^ac^|^40
10123132123^|^gsm1736606357^|^dev^|^cdev^|^3^|^mmc^|^^|^^|^n^|^as^|^cor^|^^|^73^|^^|^38^|^^|^39^|^40^|^12037^|^ac^|^41
10123132123^|^gsm1736606358^|^dev^|^cdev^|^3^|^mmc^|^^|^^|^n^|^as^|^cor^|^^|^74^|^^|^39^|^^|^40^|^41^|^12038^|^ac^|^42
10123132123^|^gsm1736606359^|^dev^|^cdev^|^3^|^mmc^|^^|^^|^n^|^as^|^cor^|^^|^75^|^^|^40^|^^|^41^|^42^|^12039^|^ac^|^43
10123132123^|^gsm1736606360^|^dev^|^cdev^|^3^|^mmc^|^^|^^|^n^|^as^|^kias^|^^|^76^|^^|^41^|^^|^42^|^43^|^12040^|^ac^|^44
10123132123^|^gsm1736606361^|^dev^|^cdev^|^3^|^mmc^|^^|^^|^n^|^as^|^kias^|^^|^77^|^^|^42^|^^|^43^|^44^|^12041^|^ac^|^45
10123132123^|^gsm1736606362^|^dev^|^cdev^|^3^|^mmc^|^^|^^|^n^|^as^|^cor^|^^|^78^|^^|^43^|^^|^44^|^45^|^12042^|^ac^|^46
10123132123^|^gsm1736606363^|^dev^|^cdev^|^3^|^mmc^|^^|^^|^n^|^as^|^kias^|^^|^79^|^^|^44^|^^|^45^|^46^|^12043^|^ac^|^47
10123132123^|^gsm1736606364^|^dev^|^cdev^|^3^|^mmc^|^^|^^|^n^|^as^|^kias^|^^|^80^|^^|^45^|^^|^46^|^47^|^12044^|^ac^|^48
10123132123^|^gsm1736606365^|^dev^|^cdev^|^3^|^mmc^|^^|^^|^n^|^as^|^cor^|^^|^81^|^^|^46^|^^|^47^|^48^|^12045^|^ac^|^49
10123132123^|^gsm1736606366^|^dev^|^cdev^|^3^|^mmc^|^^|^^|^n^|^as^|^cor^|^^|^82^|^^|^47^|^^|^48^|^49^|^12046^|^ac^|^50
10123132123^|^gsm1736606367^|^dev^|^cdev^|^3^|^mmc^|^^|^^|^n^|^as^|^cor^|^^|^83^|^^|^48^|^^|^49^|^50^|^12047^|^ac^|^51
10123132123^|^gsm1736606368^|^dev^|^cdev^|^3^|^mmc^|^^|^^|^n^|^as^|^cor^|^^|^84^|^^|^49^|^^|^50^|^51^|^12048^|^ac^|^52
10123132123^|^gsm1736606369^|^dev^|^cdev^|^3^|^mmc^|^^|^^|^n^|^as^|^cor^|^^|^85^|^^|^50^|^^|^51^|^52^|^12049^|^ac^|^53
10123132123^|^gsm1736606370^|^dev^|^cdev^|^3^|^mmc^|^^|^^|^n^|^as^|^kias^|^^|^86^|^^|^51^|^^|^52^|^53^|^12050^|^ac^|^54
10123132123^|^gsm1736606371^|^dev^|^cdev^|^3^|^mmc^|^^|^^|^n^|^as^|^kias^|^^|^87^|^^|^52^|^^|^53^|^54^|^12051^|^ac^|^55
10123132123^|^gsm1736606372^|^dev^|^cdev^|^3^|^mmc^|^^|^^|^n^|^as^|^cor^|^^|^88^|^^|^53^|^^|^54^|^55^|^12052^|^ac^|^56
10123132123^|^gsm1736606373^|^dev^|^cdev^|^3^|^mmc^|^^|^^|^n^|^as^|^cor^|^^|^89^|^^|^54^|^^|^55^|^56^|^12053^|^ac^|^57
10123132123^|^gsm1736606374^|^dev^|^cdev^|^3^|^mmc^|^^|^^|^n^|^as^|^kias^|^^|^90^|^^|^55^|^^|^56^|^57^|^12054^|^ac^|^58
10123132123^|^gsm1736606375^|^dev^|^cdev^|^3^|^mmc^|^^|^^|^n^|^as^|^cor^|^^|^91^|^^|^56^|^^|^57^|^58^|^12055^|^ac^|^59
10123132123^|^gsm1736606376^|^dev^|^cdev^|^3^|^mmc^|^^|^^|^n^|^as^|^cor^|^^|^92^|^^|^57^|^^|^58^|^59^|^12056^|^ac^|^60
10123132123^|^gsm1736606377^|^dev^|^cdev^|^3^|^mmc^|^^|^^|^n^|^as^|^cor^|^^|^93^|^^|^58^|^^|^59^|^60^|^12057^|^ac^|^61
10123132123^|^gsm1736606378^|^dev^|^cdev^|^3^|^mmc^|^^|^^|^n^|^as^|^kias^|^^|^94^|^^|^59^|^^|^60^|^61^|^12058^|^ac^|^62
10123132123^|^gsm1736606379^|^dev^|^cdev^|^3^|^mmc^|^^|^^|^n^|^as^|^kias^|^^|^95^|^^|^60^|^^|^61^|^62^|^12059^|^ac^|^63
10123132123^|^gsm1736606380^|^dev^|^cdev^|^3^|^mmc^|^^|^^|^n^|^as^|^cor^|^^|^96^|^^|^61^|^^|^62^|^63^|^12060^|^ac^|^64
10123132123^|^gsm1736606381^|^dev^|^cdev^|^3^|^mmc^|^^|^^|^n^|^as^|^kias^|^^|^97^|^^|^62^|^^|^63^|^64^|^12061^|^ac^|^65
10123132123^|^gsm1736606382^|^dev^|^cdev^|^3^|^mmc^|^^|^^|^n^|^as^|^cor^|^^|^98^|^^|^63^|^^|^64^|^65^|^12062^|^ac^|^66
10123132123^|^gsm1736606383^|^dev^|^cdev^|^3^|^mmc^|^^|^^|^n^|^as^|^kias^|^^|^99^|^^|^64^|^^|^65^|^66^|^12063^|^ac^|^67
10123132123^|^gsm1736606384^|^dev^|^cdev^|^3^|^mmc^|^^|^^|^n^|^as^|^kias^|^^|^100^|^^|^65^|^^|^66^|^67^|^12064^|^ac^|^68
10123132123^|^gsm1736606385^|^dev^|^cdev^|^3^|^mmc^|^^|^^|^n^|^as^|^kias^|^^|^101^|^^|^66^|^^|^67^|^68^|^12065^|^ac^|^69
10123132123^|^gsm1736606386^|^dev^|^cdev^|^3^|^mmc^|^^|^^|^n^|^as^|^cor^|^^|^102^|^^|^67^|^^|^68^|^69^|^12066^|^ac^|^70
10123132123^|^gsm1736606387^|^dev^|^cdev^|^3^|^mmc^|^^|^^|^n^|^as^|^kias^|^^|^103^|^^|^68^|^^|^69^|^70^|^12067^|^ac^|^71
10123132123^|^gsm1736606388^|^dev^|^cdev^|^3^|^mmc^|^^|^^|^n^|^as^|^cor^|^^|^104^|^^|^69^|^^|^70^|^71^|^12068^|^ac^|^72
10123132123^|^gsm1736606389^|^dev^|^cdev^|^3^|^mmc^|^^|^^|^n^|^as^|^kias^|^^|^105^|^^|^70^|^^|^71^|^72^|^12069^|^ac^|^73
10123132123^|^gsm1736606390^|^dev^|^cdev^|^3^|^mmc^|^^|^^|^n^|^as^|^kias^|^^|^106^|^^|^71^|^^|^72^|^73^|^12070^|^ac^|^74
10123132123^|^gsm1736606391^|^dev^|^cdev^|^3^|^mmc^|^^|^^|^n^|^as^|^cor^|^^|^107^|^^|^72^|^^|^73^|^74^|^12071^|^ac^|^75
10123132123^|^gsm1736606392^|^dev^|^cdev^|^3^|^mmc^|^^|^^|^n^|^as^|^kias^|^^|^108^|^^|^73^|^^|^74^|^75^|^12072^|^ac^|^76
10123132123^|^gsm1736606393^|^dev^|^cdev^|^3^|^mmc^|^^|^^|^n^|^as^|^cor^|^^|^109^|^^|^74^|^^|^75^|^76^|^12073^|^ac^|^77
10123132123^|^gsm1736606394^|^dev^|^cdev^|^3^|^mmc^|^^|^^|^n^|^as^|^kias^|^^|^110^|^^|^75^|^^|^76^|^77^|^12074^|^ac^|^78
10123132123^|^gsm1736606395^|^dev^|^cdev^|^3^|^mmc^|^^|^^|^n^|^as^|^cor^|^^|^111^|^^|^76^|^^|^77^|^78^|^12075^|^ac^|^79
10123132123^|^gsm1736606396^|^dev^|^cdev^|^3^|^mmc^|^^|^^|^n^|^as^|^kias^|^^|^112^|^^|^77^|^^|^78^|^79^|^12076^|^ac^|^80
10123132123^|^gsm1736606397^|^dev^|^cdev^|^3^|^mmc^|^^|^^|^n^|^as^|^kias^|^^|^113^|^^|^78^|^^|^79^|^80^|^12077^|^ac^|^81
10123132123^|^gsm1736606398^|^dev^|^cdev^|^3^|^mmc^|^^|^^|^n^|^as^|^kias^|^^|^114^|^^|^79^|^^|^80^|^81^|^12078^|^ac^|^82
10123132123^|^gsm1736606399^|^dev^|^cdev^|^3^|^mmc^|^^|^^|^n^|^as^|^cor^|^^|^115^|^^|^80^|^^|^81^|^82^|^12079^|^ac^|^83
10123132123^|^gsm1736606400^|^dev^|^cdev^|^3^|^mmc^|^^|^^|^n^|^as^|^cor^|^^|^116^|^^|^81^|^^|^82^|^83^|^12080^|^ac^|^84
10123132123^|^gsm1736606401^|^dev^|^cdev^|^3^|^mmc^|^^|^^|^n^|^as^|^kias^|^^|^117^|^^|^82^|^^|^83^|^84^|^12081^|^ac^|^85
10123132123^|^gsm1736606402^|^dev^|^cdev^|^3^|^mmc^|^^|^^|^n^|^as^|^kias^|^^|^118^|^^|^83^|^^|^84^|^85^|^12082^|^ac^|^86
10123132123^|^gsm1736606403^|^dev^|^cdev^|^3^|^mmc^|^^|^^|^n^|^as^|^kias^|^^|^119^|^^|^84^|^^|^85^|^86^|^12083^|^ac^|^87
10123132123^|^gsm1736606404^|^dev^|^cdev^|^3^|^mmc^|^^|^^|^n^|^as^|^kias^|^^|^120^|^^|^85^|^^|^86^|^87^|^12084^|^ac^|^88
10123132123^|^gsm1736606405^|^dev^|^cdev^|^3^|^mmc^|^^|^^|^n^|^as^|^cor^|^^|^121^|^^|^86^|^^|^87^|^88^|^12085^|^ac^|^89
10123132123^|^gsm1736606406^|^dev^|^cdev^|^3^|^mmc^|^^|^^|^n^|^as^|^kias^|^^|^122^|^^|^87^|^^|^88^|^89^|^12086^|^ac^|^90
10123132123^|^gsm1736606407^|^dev^|^cdev^|^3^|^mmc^|^^|^^|^n^|^as^|^cor^|^^|^123^|^^|^88^|^^|^89^|^90^|^12087^|^ac^|^91
10123132123^|^gsm1736606408^|^dev^|^cdev^|^3^|^mmc^|^^|^^|^n^|^as^|^kias^|^^|^124^|^^|^89^|^^|^90^|^91^|^12088^|^ac^|^92
10123132123^|^gsm1736606409^|^dev^|^cdev^|^3^|^mmc^|^^|^^|^n^|^as^|^kias^|^^|^125^|^^|^90^|^^|^91^|^92^|^12089^|^ac^|^93
10123132123^|^gsm1736606410^|^dev^|^cdev^|^3^|^mmc^|^^|^^|^n^|^as^|^kias^|^^|^126^|^^|^91^|^^|^92^|^93^|^12090^|^ac^|^94
10123132123^|^gsm1736606411^|^dev^|^cdev^|^3^|^mmc^|^^|^^|^n^|^as^|^kias^|^^|^127^|^^|^92^|^^|^93^|^94^|^12091^|^ac^|^95
10123132123^|^gsm1736606412^|^dev^|^cdev^|^3^|^mmc^|^^|^^|^n^|^as^|^kias^|^^|^128^|^^|^93^|^^|^94^|^95^|^12092^|^ac^|^96
10123132123^|^gsm1736606413^|^dev^|^cdev^|^3^|^mmc^|^^|^^|^n^|^as^|^kias^|^^|^129^|^^|^94^|^^|^95^|^96^|^12093^|^ac^|^97
10123132123^|^gsm1736606414^|^dev^|^cdev^|^3^|^mmc^|^^|^^|^n^|^as^|^kias^|^^|^130^|^^|^95^|^^|^96^|^97^|^12094^|^ac^|^98
10123132123^|^gsm1736606415^|^dev^|^cdev^|^3^|^mmc^|^^|^^|^n^|^as^|^kias^|^^|^131^|^^|^96^|^^|^97^|^98^|^12095^|^ac^|^99
10123132123^|^gsm1736606416^|^dev^|^cdev^|^3^|^mmc^|^^|^^|^n^|^as^|^kias^|^^|^132^|^^|^97^|^^|^98^|^99^|^12096^|^ac^|^100
10123132123^|^gsm1736606417^|^dev^|^cdev^|^3^|^mmc^|^^|^^|^n^|^as^|^kias^|^^|^133^|^^|^98^|^^|^99^|^100^|^12097^|^ac^|^101
10123132123^|^gsm1736606418^|^dev^|^cdev^|^3^|^mmc^|^^|^^|^n^|^as^|^kias^|^^|^134^|^^|^99^|^^|^100^|^101^|^12098^|^ac^|^102
10123132123^|^gsm1736606419^|^dev^|^cdev^|^3^|^mmc^|^^|^^|^n^|^as^|^cor^|^^|^135^|^^|^100^|^^|^101^|^102^|^12099^|^ac^|^103
10123132123^|^gsm1736606420^|^dev^|^cdev^|^3^|^mmc^|^^|^^|^n^|^as^|^cor^|^^|^136^|^^|^101^|^^|^102^|^103^|^12100^|^ac^|^104
10123132123^|^gsm1736606421^|^dev^|^cdev^|^3^|^mmc^|^^|^^|^n^|^as^|^kias^|^^|^137^|^^|^102^|^^|^103^|^104^|^12101^|^ac^|^105
10123132123^|^gsm1736606422^|^dev^|^cdev^|^3^|^mmc^|^^|^^|^n^|^as^|^kias^|^^|^138^|^^|^103^|^^|^104^|^105^|^12102^|^ac^|^106
10123132123^|^gsm1736606423^|^dev^|^cdev^|^3^|^mmc^|^^|^^|^n^|^as^|^cor^|^^|^139^|^^|^104^|^^|^105^|^106^|^12103^|^ac^|^107
10123132123^|^gsm1736606424^|^dev^|^cdev^|^3^|^mmc^|^^|^^|^n^|^as^|^cor^|^^|^140^|^^|^105^|^^|^106^|^107^|^12104^|^ac^|^108
10123132123^|^gsm1736606425^|^dev^|^cdev^|^3^|^mmc^|^^|^^|^n^|^as^|^cor^|^^|^141^|^^|^106^|^^|^107^|^108^|^12105^|^ac^|^109
10123132123^|^gsm1736606426^|^dev^|^cdev^|^3^|^mmc^|^^|^^|^n^|^as^|^kias^|^^|^142^|^^|^107^|^^|^108^|^109^|^12106^|^ac^|^110
10123132123^|^gsm1736606427^|^dev^|^cdev^|^3^|^mmc^|^^|^^|^n^|^as^|^kias^|^^|^143^|^^|^108^|^^|^109^|^110^|^12107^|^ac^|^111
10123132123^|^gsm1736606428^|^dev^|^cdev^|^3^|^mmc^|^^|^^|^n^|^as^|^cor^|^^|^144^|^^|^109^|^^|^110^|^111^|^12108^|^ac^|^112
10123132123^|^gsm1736606429^|^dev^|^cdev^|^3^|^mmc^|^^|^^|^n^|^as^|^cor^|^^|^145^|^^|^110^|^^|^111^|^112^|^12109^|^ac^|^113
10123132123^|^gsm1736606430^|^dev^|^cdev^|^3^|^mmc^|^^|^^|^n^|^as^|^kias^|^^|^146^|^^|^111^|^^|^112^|^113^|^12110^|^ac^|^114
10123132123^|^gsm1736606431^|^dev^|^cdev^|^3^|^mmc^|^^|^^|^n^|^as^|^cor^|^^|^147^|^^|^112^|^^|^113^|^114^|^12111^|^ac^|^115
10123132123^|^gsm1736606432^|^dev^|^cdev^|^3^|^mmc^|^^|^^|^n^|^as^|^cor^|^^|^148^|^^|^113^|^^|^114^|^115^|^12112^|^ac^|^116
10123132123^|^gsm1736606433^|^dev^|^cdev^|^3^|^mmc^|^^|^^|^n^|^as^|^kias^|^^|^149^|^^|^114^|^^|^115^|^116^|^12113^|^ac^|^117
10123132123^|^gsm1736606434^|^dev^|^cdev^|^3^|^mmc^|^^|^^|^n^|^as^|^cor^|^^|^150^|^^|^115^|^^|^116^|^117^|^12114^|^ac^|^118
10123132123^|^gsm1736606435^|^dev^|^cdev^|^3^|^mmc^|^^|^^|^n^|^as^|^kias^|^^|^151^|^^|^116^|^^|^117^|^118^|^12115^|^ac^|^119
10123132123^|^gsm1736606436^|^dev^|^cdev^|^3^|^mmc^|^^|^^|^n^|^as^|^cor^|^^|^152^|^^|^117^|^^|^118^|^119^|^12116^|^ac^|^120
10123132123^|^gsm1736606437^|^dev^|^cdev^|^3^|^mmc^|^^|^^|^n^|^as^|^kias^|^^|^153^|^^|^118^|^^|^119^|^120^|^12117^|^ac^|^121
10123132123^|^gsm1736606438^|^dev^|^cdev^|^3^|^mmc^|^^|^^|^n^|^as^|^cor^|^^|^154^|^^|^119^|^^|^120^|^121^|^12118^|^ac^|^122
10123132123^|^gsm1736606439^|^dev^|^cdev^|^3^|^mmc^|^^|^^|^n^|^as^|^kias^|^^|^155^|^^|^120^|^^|^121^|^122^|^12119^|^ac^|^123
10123132123^|^gsm1736606440^|^dev^|^cdev^|^3^|^mmc^|^^|^^|^n^|^as^|^kias^|^^|^156^|^^|^121^|^^|^122^|^123^|^12120^|^ac^|^124
10123132123^|^gsm1736606441^|^dev^|^cdev^|^3^|^mmc^|^^|^^|^n^|^as^|^cor^|^^|^157^|^^|^122^|^^|^123^|^124^|^12121^|^ac^|^125
10123132123^|^gsm1736606442^|^dev^|^cdev^|^3^|^mmc^|^^|^^|^n^|^as^|^kias^|^^|^158^|^^|^123^|^^|^124^|^125^|^12122^|^ac^|^126
10123132123^|^gsm1736606443^|^dev^|^cdev^|^3^|^mmc^|^^|^^|^n^|^as^|^kias^|^^|^159^|^^|^124^|^^|^125^|^126^|^12123^|^ac^|^127
10123132123^|^gsm1736606444^|^dev^|^cdev^|^3^|^mmc^|^^|^^|^n^|^as^|^cor^|^^|^160^|^^|^125^|^^|^126^|^127^|^12124^|^ac^|^128
10123132123^|^gsm1736606445^|^dev^|^cdev^|^3^|^mmc^|^^|^^|^n^|^as^|^kias^|^^|^161^|^^|^126^|^^|^127^|^128^|^12125^|^ac^|^129
10123132123^|^gsm1736606446^|^dev^|^cdev^|^3^|^mmc^|^^|^^|^n^|^as^|^cor^|^^|^162^|^^|^127^|^^|^128^|^129^|^12126^|^ac^|^130
10123132123^|^gsm1736606447^|^dev^|^cdev^|^3^|^mmc^|^^|^^|^n^|^as^|^cor^|^^|^163^|^^|^128^|^^|^129^|^130^|^12127^|^ac^|^131
10123132123^|^gsm1736606448^|^dev^|^cdev^|^3^|^mmc^|^^|^^|^n^|^as^|^kias^|^^|^164^|^^|^129^|^^|^130^|^131^|^12128^|^ac^|^132
10123132123^|^gsm1736606449^|^dev^|^cdev^|^3^|^mmc^|^^|^^|^n^|^as^|^kias^|^^|^165^|^^|^130^|^^|^131^|^132^|^12129^|^ac^|^133
10123132123^|^gsm1736606450^|^dev^|^cdev^|^3^|^mmc^|^^|^^|^n^|^as^|^cor^|^^|^166^|^^|^131^|^^|^132^|^133^|^12130^|^ac^|^134
10123132123^|^gsm1736606451^|^dev^|^cdev^|^3^|^mmc^|^^|^^|^n^|^as^|^kias^|^^|^167^|^^|^132^|^^|^133^|^134^|^12131^|^ac^|^135
10123132123^|^gsm1736606452^|^dev^|^cdev^|^3^|^mmc^|^^|^^|^n^|^as^|^kias^|^^|^168^|^^|^133^|^^|^134^|^135^|^12132^|^ac^|^136
10123132123^|^gsm1736606453^|^dev^|^cdev^|^3^|^mmc^|^^|^^|^n^|^as^|^kias^|^^|^169^|^^|^134^|^^|^135^|^136^|^12133^|^ac^|^137
10123132123^|^gsm1736606454^|^dev^|^cdev^|^3^|^mmc^|^^|^^|^n^|^as^|^kias^|^^|^170^|^^|^135^|^^|^136^|^137^|^12134^|^ac^|^138
10123132123^|^gsm1736606455^|^dev^|^cdev^|^3^|^mmc^|^^|^^|^n^|^as^|^cor^|^^|^171^|^^|^136^|^^|^137^|^138^|^12135^|^ac^|^139
10123132123^|^gsm1736606456^|^dev^|^cdev^|^3^|^mmc^|^^|^^|^n^|^as^|^cor^|^^|^172^|^^|^137^|^^|^138^|^139^|^12136^|^ac^|^140
10123132123^|^gsm1736606457^|^dev^|^cdev^|^3^|^mmc^|^^|^^|^n^|^as^|^cor^|^^|^173^|^^|^138^|^^|^139^|^140^|^12137^|^ac^|^141
10123132123^|^gsm1736606458^|^dev^|^cdev^|^3^|^mmc^|^^|^^|^n^|^as^|^cor^|^^|^174^|^^|^139^|^^|^140^|^141^|^12138^|^ac^|^142
10123132123^|^gsm1736606459^|^dev^|^cdev^|^3^|^mmc^|^^|^^|^n^|^as^|^kias^|^^|^175^|^^|^140^|^^|^141^|^142^|^12139^|^ac^|^143
10123132123^|^gsm1736606460^|^dev^|^cdev^|^3^|^mmc^|^^|^^|^n^|^as^|^kias^|^^|^176^|^^|^141^|^^|^142^|^143^|^12140^|^ac^|^144
10123132123^|^gsm1736606461^|^dev^|^cdev^|^3^|^mmc^|^^|^^|^n^|^as^|^kias^|^^|^177^|^^|^142^|^^|^143^|^144^|^12141^|^ac^|^145
10123132123^|^gsm1736606462^|^dev^|^cdev^|^3^|^mmc^|^^|^^|^n^|^as^|^cor^|^^|^178^|^^|^143^|^^|^144^|^145^|^12142^|^ac^|^146
10123132123^|^gsm1736606463^|^dev^|^cdev^|^3^|^mmc^|^^|^^|^n^|^as^|^cor^|^^|^179^|^^|^144^|^^|^145^|^146^|^12143^|^ac^|^147
10123132123^|^gsm1736606464^|^dev^|^cdev^|^3^|^mmc^|^^|^^|^n^|^as^|^kias^|^^|^180^|^^|^145^|^^|^146^|^147^|^12144^|^ac^|^148
10123132123^|^gsm1736606465^|^dev^|^cdev^|^3^|^mmc^|^^|^^|^n^|^as^|^kias^|^^|^181^|^^|^146^|^^|^147^|^148^|^12145^|^ac^|^149
10123132123^|^gsm1736606466^|^dev^|^cdev^|^3^|^mmc^|^^|^^|^n^|^as^|^cor^|^^|^182^|^^|^147^|^^|^148^|^149^|^12146^|^ac^|^150
10123132123^|^gsm1736606467^|^dev^|^cdev^|^3^|^mmc^|^^|^^|^n^|^as^|^kias^|^^|^183^|^^|^148^|^^|^149^|^150^|^12147^|^ac^|^151
10123132123^|^gsm1736606468^|^dev^|^cdev^|^3^|^mmc^|^^|^^|^n^|^as^|^kias^|^^|^184^|^^|^149^|^^|^150^|^151^|^12148^|^ac^|^152
10123132123^|^gsm1736606469^|^dev^|^cdev^|^3^|^mmc^|^^|^^|^n^|^as^|^cor^|^^|^185^|^^|^150^|^^|^151^|^152^|^12149^|^ac^|^153
10123132123^|^gsm1736606470^|^dev^|^cdev^|^3^|^mmc^|^^|^^|^n^|^as^|^cor^|^^|^186^|^^|^151^|^^|^152^|^153^|^12150^|^ac^|^154
10123132123^|^gsm1736606471^|^dev^|^cdev^|^3^|^mmc^|^^|^^|^n^|^as^|^kias^|^^|^187^|^^|^152^|^^|^153^|^154^|^12151^|^ac^|^155
10123132123^|^gsm1736606472^|^dev^|^cdev^|^3^|^mmc^|^^|^^|^n^|^as^|^kias^|^^|^188^|^^|^153^|^^|^154^|^155^|^12152^|^ac^|^156
10123132123^|^gsm1736606473^|^dev^|^cdev^|^3^|^mmc^|^^|^^|^n^|^as^|^kias^|^^|^189^|^^|^154^|^^|^155^|^156^|^12153^|^ac^|^157
10123132123^|^gsm1736606474^|^dev^|^cdev^|^3^|^mmc^|^^|^^|^n^|^as^|^kias^|^^|^190^|^^|^155^|^^|^156^|^157^|^12154^|^ac^|^158
10123132123^|^gsm1736606475^|^dev^|^cdev^|^3^|^mmc^|^^|^^|^n^|^as^|^kias^|^^|^191^|^^|^156^|^^|^157^|^158^|^12155^|^ac^|^159
10123132123^|^gsm1736606476^|^dev^|^cdev^|^3^|^mmc^|^^|^^|^n^|^as^|^cor^|^^|^192^|^^|^157^|^^|^158^|^159^|^12156^|^ac^|^160
10123132123^|^gsm1736606477^|^dev^|^cdev^|^3^|^mmc^|^^|^^|^n^|^as^|^cor^|^^|^193^|^^|^158^|^^|^159^|^160^|^12157^|^ac^|^161
10123132123^|^gsm1736606478^|^dev^|^cdev^|^3^|^mmc^|^^|^^|^n^|^as^|^kias^|^^|^194^|^^|^159^|^^|^160^|^161^|^12158^|^ac^|^162
10123132123^|^gsm1736606479^|^dev^|^cdev^|^3^|^mmc^|^^|^^|^n^|^as^|^cor^|^^|^195^|^^|^160^|^^|^161^|^162^|^12159^|^ac^|^163
10123132123^|^gsm1736606480^|^dev^|^cdev^|^3^|^mmc^|^^|^^|^n^|^as^|^kias^|^^|^196^|^^|^161^|^^|^162^|^163^|^12160^|^ac^|^164
10123132123^|^gsm1736606481^|^dev^|^cdev^|^3^|^mmc^|^^|^^|^n^|^as^|^cor^|^^|^197^|^^|^162^|^^|^163^|^164^|^12161^|^ac^|^165
10123132123^|^gsm1736606482^|^dev^|^cdev^|^3^|^mmc^|^^|^^|^n^|^as^|^kias^|^^|^198^|^^|^163^|^^|^164^|^165^|^12162^|^ac^|^166
10123132123^|^gsm1736606483^|^dev^|^cdev^|^3^|^mmc^|^^|^^|^n^|^as^|^cor^|^^|^199^|^^|^164^|^^|^165^|^166^|^12163^|^ac^|^167
10123132123^|^gsm1736606484^|^dev^|^cdev^|^3^|^mmc^|^^|^^|^n^|^as^|^cor^|^^|^200^|^^|^165^|^^|^166^|^167^|^12164^|^ac^|^168
10123132123^|^gsm1736606485^|^dev^|^cdev^|^3^|^mmc^|^^|^^|^n^|^as^|^kias^|^^|^201^|^^|^166^|^^|^167^|^168^|^12165^|^ac^|^169
10123132123^|^gsm1736606486^|^dev^|^cdev^|^3^|^mmc^|^^|^^|^n^|^as^|^kias^|^^|^202^|^^|^167^|^^|^168^|^169^|^12166^|^ac^|^170
10123132123^|^gsm1736606487^|^dev^|^cdev^|^3^|^mmc^|^^|^^|^n^|^as^|^kias^|^^|^203^|^^|^168^|^^|^169^|^170^|^12167^|^ac^|^171
10123132123^|^gsm1736606488^|^dev^|^cdev^|^3^|^mmc^|^^|^^|^n^|^as^|^cor^|^^|^204^|^^|^169^|^^|^170^|^171^|^12168^|^ac^|^172
10123132123^|^gsm1736606489^|^dev^|^cdev^|^3^|^mmc^|^^|^^|^n^|^as^|^kias^|^^|^205^|^^|^170^|^^|^171^|^172^|^12169^|^ac^|^173
10123132123^|^gsm1736606490^|^dev^|^cdev^|^3^|^mmc^|^^|^^|^n^|^as^|^kias^|^^|^206^|^^|^171^|^^|^172^|^173^|^12170^|^ac^|^174
10123132123^|^gsm1736606491^|^dev^|^cdev^|^3^|^mmc^|^^|^^|^n^|^as^|^cor^|^^|^207^|^^|^172^|^^|^173^|^174^|^12171^|^ac^|^175
10123132123^|^gsm1736606492^|^dev^|^cdev^|^3^|^mmc^|^^|^^|^n^|^as^|^kias^|^^|^208^|^^|^173^|^^|^174^|^175^|^12172^|^ac^|^176
10123132123^|^gsm1736606493^|^dev^|^cdev^|^3^|^mmc^|^^|^^|^n^|^as^|^cor^|^^|^209^|^^|^174^|^^|^175^|^176^|^12173^|^ac^|^177
10123132123^|^gsm1736606494^|^dev^|^cdev^|^3^|^mmc^|^^|^^|^n^|^as^|^kias^|^^|^210^|^^|^175^|^^|^176^|^177^|^12174^|^ac^|^178
10123132123^|^gsm1736606495^|^dev^|^cdev^|^3^|^mmc^|^^|^^|^n^|^as^|^cor^|^^|^211^|^^|^176^|^^|^177^|^178^|^12175^|^ac^|^179
10123132123^|^gsm1736606496^|^dev^|^cdev^|^3^|^mmc^|^^|^^|^n^|^as^|^kias^|^^|^212^|^^|^177^|^^|^178^|^179^|^12176^|^ac^|^180
10123132123^|^gsm1736606497^|^dev^|^cdev^|^3^|^mmc^|^^|^^|^n^|^as^|^kias^|^^|^213^|^^|^178^|^^|^179^|^180^|^12177^|^ac^|^181
10123132123^|^gsm1736606498^|^dev^|^cdev^|^3^|^mmc^|^^|^^|^n^|^as^|^kias^|^^|^214^|^^|^179^|^^|^180^|^181^|^12178^|^ac^|^182
10123132123^|^gsm1736606499^|^dev^|^cdev^|^3^|^mmc^|^^|^^|^n^|^as^|^kias^|^^|^215^|^^|^180^|^^|^181^|^182^|^12179^|^ac^|^183
10123132123^|^gsm1736606500^|^dev^|^cdev^|^3^|^mmc^|^^|^^|^n^|^as^|^kias^|^^|^216^|^^|^181^|^^|^182^|^183^|^12180^|^ac^|^184
10123132123^|^gsm1736606501^|^dev^|^cdev^|^3^|^mmc^|^^|^^|^n^|^as^|^kias^|^^|^217^|^^|^182^|^^|^183^|^184^|^12181^|^ac^|^185
10123132123^|^gsm1736606502^|^dev^|^cdev^|^3^|^mmc^|^^|^^|^n^|^as^|^cor^|^^|^218^|^^|^183^|^^|^184^|^185^|^12182^|^ac^|^186
10123132123^|^gsm1736606503^|^dev^|^cdev^|^3^|^mmc^|^^|^^|^n^|^as^|^kias^|^^|^219^|^^|^184^|^^|^185^|^186^|^12183^|^ac^|^187
10123132123^|^gsm1736606504^|^dev^|^cdev^|^3^|^mmc^|^^|^^|^n^|^as^|^cor^|^^|^220^|^^|^185^|^^|^186^|^187^|^12184^|^ac^|^188
10123132123^|^gsm1736606505^|^dev^|^cdev^|^3^|^mmc^|^^|^^|^n^|^as^|^cor^|^^|^221^|^^|^186^|^^|^187^|^188^|^12185^|^ac^|^189
10123132123^|^gsm1736606506^|^dev^|^cdev^|^3^|^mmc^|^^|^^|^n^|^as^|^kias^|^^|^222^|^^|^187^|^^|^188^|^189^|^12186^|^ac^|^190
10123132123^|^gsm1736606507^|^dev^|^cdev^|^3^|^mmc^|^^|^^|^n^|^as^|^cor^|^^|^223^|^^|^188^|^^|^189^|^190^|^12187^|^ac^|^191
10123132123^|^gsm1736606508^|^dev^|^cdev^|^3^|^mmc^|^^|^^|^n^|^as^|^cor^|^^|^224^|^^|^189^|^^|^190^|^191^|^12188^|^ac^|^192
10123132123^|^gsm1736606509^|^dev^|^cdev^|^3^|^mmc^|^^|^^|^n^|^as^|^cor^|^^|^225^|^^|^190^|^^|^191^|^192^|^12189^|^ac^|^193
10123132123^|^gsm1736606510^|^dev^|^cdev^|^3^|^mmc^|^^|^^|^n^|^as^|^kias^|^^|^226^|^^|^191^|^^|^192^|^193^|^12190^|^ac^|^194
10123132123^|^gsm1736606511^|^dev^|^cdev^|^3^|^mmc^|^^|^^|^n^|^as^|^kias^|^^|^227^|^^|^192^|^^|^193^|^194^|^12191^|^ac^|^195
10123132123^|^gsm1736606512^|^dev^|^cdev^|^3^|^mmc^|^^|^^|^n^|^as^|^cor^|^^|^228^|^^|^193^|^^|^194^|^195^|^12192^|^ac^|^196
10123132123^|^gsm1736606513^|^dev^|^cdev^|^3^|^mmc^|^^|^^|^n^|^as^|^kias^|^^|^229^|^^|^194^|^^|^195^|^196^|^12193^|^ac^|^197
10123132123^|^gsm1736606514^|^dev^|^cdev^|^3^|^mmc^|^^|^^|^n^|^as^|^kias^|^^|^230^|^^|^195^|^^|^196^|^197^|^12194^|^ac^|^198
10123132123^|^gsm1736606515^|^dev^|^cdev^|^3^|^mmc^|^^|^^|^n^|^as^|^kias^|^^|^231^|^^|^196^|^^|^197^|^198^|^12195^|^ac^|^199
10123132123^|^gsm1736606516^|^dev^|^cdev^|^3^|^mmc^|^^|^^|^n^|^as^|^cor^|^^|^232^|^^|^197^|^^|^198^|^199^|^12196^|^ac^|^200
10123132123^|^gsm1736606517^|^dev^|^cdev^|^3^|^mmc^|^^|^^|^n^|^as^|^kias^|^^|^233^|^^|^198^|^^|^199^|^200^|^12197^|^ac^|^201
10123132123^|^gsm1736606518^|^dev^|^cdev^|^3^|^mmc^|^^|^^|^n^|^as^|^kias^|^^|^234^|^^|^199^|^^|^200^|^201^|^12198^|^ac^|^202
10123132123^|^gsm1736606519^|^dev^|^cdev^|^3^|^mmc^|^^|^^|^n^|^as^|^kias^|^^|^235^|^^|^200^|^^|^201^|^202^|^12199^|^ac^|^203
10123132123^|^gsm1736606520^|^dev^|^cdev^|^3^|^mmc^|^^|^^|^n^|^as^|^kias^|^^|^236^|^^|^201^|^^|^202^|^203^|^12200^|^ac^|^204
10123132123^|^gsm1736606521^|^dev^|^cdev^|^3^|^mmc^|^^|^^|^n^|^as^|^cor^|^^|^237^|^^|^202^|^^|^203^|^204^|^12201^|^ac^|^205
10123132123^|^gsm1736606522^|^dev^|^cdev^|^3^|^mmc^|^^|^^|^n^|^as^|^cor^|^^|^238^|^^|^203^|^^|^204^|^205^|^12202^|^ac^|^206
10123132123^|^gsm1736606523^|^dev^|^cdev^|^3^|^mmc^|^^|^^|^n^|^as^|^cor^|^^|^239^|^^|^204^|^^|^205^|^206^|^12203^|^ac^|^207
10123132123^|^gsm1736606524^|^dev^|^cdev^|^3^|^mmc^|^^|^^|^n^|^as^|^kias^|^^|^240^|^^|^205^|^^|^206^|^207^|^12204^|^ac^|^208
10123132123^|^gsm1736606525^|^dev^|^cdev^|^3^|^mmc^|^^|^^|^n^|^as^|^kias^|^^|^241^|^^|^206^|^^|^207^|^208^|^12205^|^ac^|^209
10123132123^|^gsm1736606526^|^dev^|^cdev^|^3^|^mmc^|^^|^^|^n^|^as^|^cor^|^^|^242^|^^|^207^|^^|^208^|^209^|^12206^|^ac^|^210
10123132123^|^gsm1736606527^|^dev^|^cdev^|^3^|^mmc^|^^|^^|^n^|^as^|^kias^|^^|^243^|^^|^208^|^^|^209^|^210^|^12207^|^ac^|^211
10123132123^|^gsm1736606528^|^dev^|^cdev^|^3^|^mmc^|^^|^^|^n^|^as^|^kias^|^^|^244^|^^|^209^|^^|^210^|^211^|^12208^|^ac^|^212
10123132123^|^gsm1736606529^|^dev^|^cdev^|^3^|^mmc^|^^|^^|^n^|^as^|^cor^|^^|^245^|^^|^210^|^^|^211^|^212^|^12209^|^ac^|^213
10123132123^|^gsm1736606530^|^dev^|^cdev^|^3^|^mmc^|^^|^^|^n^|^as^|^cor^|^^|^246^|^^|^211^|^^|^212^|^213^|^12210^|^ac^|^214
10123132123^|^gsm1736606531^|^dev^|^cdev^|^3^|^mmc^|^^|^^|^n^|^as^|^cor^|^^|^247^|^^|^212^|^^|^213^|^214^|^12211^|^ac^|^215
10123132123^|^gsm1736606532^|^dev^|^cdev^|^3^|^mmc^|^^|^^|^n^|^as^|^kias^|^^|^248^|^^|^213^|^^|^214^|^215^|^12212^|^ac^|^216
10123132123^|^gsm1736606533^|^dev^|^cdev^|^3^|^mmc^|^^|^^|^n^|^as^|^cor^|^^|^249^|^^|^214^|^^|^215^|^216^|^12213^|^ac^|^217
10123132123^|^gsm1736606534^|^dev^|^cdev^|^3^|^mmc^|^^|^^|^n^|^as^|^kias^|^^|^250^|^^|^215^|^^|^216^|^217^|^12214^|^ac^|^218
10123132123^|^gsm1736606535^|^dev^|^cdev^|^3^|^mmc^|^^|^^|^n^|^as^|^cor^|^^|^251^|^^|^216^|^^|^217^|^218^|^12215^|^ac^|^219
10123132123^|^gsm1736606536^|^dev^|^cdev^|^3^|^mmc^|^^|^^|^n^|^as^|^kias^|^^|^252^|^^|^217^|^^|^218^|^219^|^12216^|^ac^|^220
10123132123^|^gsm1736606537^|^dev^|^cdev^|^3^|^mmc^|^^|^^|^n^|^as^|^cor^|^^|^253^|^^|^218^|^^|^219^|^220^|^12217^|^ac^|^221
10123132123^|^gsm1736606538^|^dev^|^cdev^|^3^|^mmc^|^^|^^|^n^|^as^|^kias^|^^|^254^|^^|^219^|^^|^220^|^221^|^12218^|^ac^|^222
10123132123^|^gsm1736606539^|^dev^|^cdev^|^3^|^mmc^|^^|^^|^n^|^as^|^cor^|^^|^255^|^^|^220^|^^|^221^|^222^|^12219^|^ac^|^223
10123132123^|^gsm1736606540^|^dev^|^cdev^|^3^|^mmc^|^^|^^|^n^|^as^|^kias^|^^|^256^|^^|^221^|^^|^222^|^223^|^12220^|^ac^|^224
10123132123^|^gsm1736606541^|^dev^|^cdev^|^3^|^mmc^|^^|^^|^n^|^as^|^cor^|^^|^257^|^^|^222^|^^|^223^|^224^|^12221^|^ac^|^225
10123132123^|^gsm1736606542^|^dev^|^cdev^|^3^|^mmc^|^^|^^|^n^|^as^|^kias^|^^|^258^|^^|^223^|^^|^224^|^225^|^12222^|^ac^|^226
10123132123^|^gsm1736606543^|^dev^|^cdev^|^3^|^mmc^|^^|^^|^n^|^as^|^kias^|^^|^259^|^^|^224^|^^|^225^|^226^|^12223^|^ac^|^227
10123132123^|^gsm1736606544^|^dev^|^cdev^|^3^|^mmc^|^^|^^|^n^|^as^|^kias^|^^|^260^|^^|^225^|^^|^226^|^227^|^12224^|^ac^|^228
10123132123^|^gsm1736606545^|^dev^|^cdev^|^3^|^mmc^|^^|^^|^n^|^as^|^kias^|^^|^261^|^^|^226^|^^|^227^|^228^|^12225^|^ac^|^229
10123132123^|^gsm1736606546^|^dev^|^cdev^|^3^|^mmc^|^^|^^|^n^|^as^|^cor^|^^|^262^|^^|^227^|^^|^228^|^229^|^12226^|^ac^|^230
10123132123^|^gsm1736606547^|^dev^|^cdev^|^3^|^mmc^|^^|^^|^n^|^as^|^kias^|^^|^263^|^^|^228^|^^|^229^|^230^|^12227^|^ac^|^231
10123132123^|^gsm1736606548^|^dev^|^cdev^|^3^|^mmc^|^^|^^|^n^|^as^|^cor^|^^|^264^|^^|^229^|^^|^230^|^231^|^12228^|^ac^|^232
10123132123^|^gsm1736606549^|^dev^|^cdev^|^3^|^mmc^|^^|^^|^n^|^as^|^cor^|^^|^265^|^^|^230^|^^|^231^|^232^|^12229^|^ac^|^233
10123132123^|^gsm1736606550^|^dev^|^cdev^|^3^|^mmc^|^^|^^|^n^|^as^|^kias^|^^|^266^|^^|^231^|^^|^232^|^233^|^12230^|^ac^|^234
10123132123^|^gsm1736606551^|^dev^|^cdev^|^3^|^mmc^|^^|^^|^n^|^as^|^cor^|^^|^267^|^^|^232^|^^|^233^|^234^|^12231^|^ac^|^235
10123132123^|^gsm1736606552^|^dev^|^cdev^|^3^|^mmc^|^^|^^|^n^|^as^|^kias^|^^|^268^|^^|^233^|^^|^234^|^235^|^12232^|^ac^|^236
10123132123^|^gsm1736606553^|^dev^|^cdev^|^3^|^mmc^|^^|^^|^n^|^as^|^cor^|^^|^269^|^^|^234^|^^|^235^|^236^|^12233^|^ac^|^237
10123132123^|^gsm1736606554^|^dev^|^cdev^|^3^|^mmc^|^^|^^|^n^|^as^|^kias^|^^|^270^|^^|^235^|^^|^236^|^237^|^12234^|^ac^|^238
10123132123^|^gsm1736606555^|^dev^|^cdev^|^3^|^mmc^|^^|^^|^n^|^as^|^cor^|^^|^271^|^^|^236^|^^|^237^|^238^|^12235^|^ac^|^239
10123132123^|^gsm1736606556^|^dev^|^cdev^|^3^|^mmc^|^^|^^|^n^|^as^|^kias^|^^|^272^|^^|^237^|^^|^238^|^239^|^12236^|^ac^|^240
10123132123^|^gsm1736606557^|^dev^|^cdev^|^3^|^mmc^|^^|^^|^n^|^as^|^kias^|^^|^273^|^^|^238^|^^|^239^|^240^|^12237^|^ac^|^241
10123132123^|^gsm1736606558^|^dev^|^cdev^|^3^|^mmc^|^^|^^|^n^|^as^|^kias^|^^|^274^|^^|^239^|^^|^240^|^241^|^12238^|^ac^|^242
10123132123^|^gsm1736606559^|^dev^|^cdev^|^3^|^mmc^|^^|^^|^n^|^as^|^kias^|^^|^275^|^^|^240^|^^|^241^|^242^|^12239^|^ac^|^243
10123132123^|^gsm1736606560^|^dev^|^cdev^|^3^|^mmc^|^^|^^|^n^|^as^|^cor^|^^|^276^|^^|^241^|^^|^242^|^243^|^12240^|^ac^|^244
10123132123^|^gsm1736606561^|^dev^|^cdev^|^3^|^mmc^|^^|^^|^n^|^as^|^cor^|^^|^277^|^^|^242^|^^|^243^|^244^|^12241^|^ac^|^245
10123132123^|^gsm1736606562^|^dev^|^cdev^|^3^|^mmc^|^^|^^|^n^|^as^|^kias^|^^|^278^|^^|^243^|^^|^244^|^245^|^12242^|^ac^|^246
10123132123^|^gsm1736606563^|^dev^|^cdev^|^3^|^mmc^|^^|^^|^n^|^as^|^kias^|^^|^279^|^^|^244^|^^|^245^|^246^|^12243^|^ac^|^247
10123132123^|^gsm1736606564^|^dev^|^cdev^|^3^|^mmc^|^^|^^|^n^|^as^|^cor^|^^|^280^|^^|^245^|^^|^246^|^247^|^12244^|^ac^|^248
10123132123^|^gsm1736606565^|^dev^|^cdev^|^3^|^mmc^|^^|^^|^n^|^as^|^kias^|^^|^281^|^^|^246^|^^|^247^|^248^|^12245^|^ac^|^249
10123132123^|^gsm1736606566^|^dev^|^cdev^|^3^|^mmc^|^^|^^|^n^|^as^|^kias^|^^|^282^|^^|^247^|^^|^248^|^249^|^12246^|^ac^|^250
10123132123^|^gsm1736606567^|^dev^|^cdev^|^3^|^mmc^|^^|^^|^n^|^as^|^kias^|^^|^283^|^^|^248^|^^|^249^|^250^|^12247^|^ac^|^251
10123132123^|^gsm1736606568^|^dev^|^cdev^|^3^|^mmc^|^^|^^|^n^|^as^|^cor^|^^|^284^|^^|^249^|^^|^250^|^251^|^12248^|^ac^|^252
10123132123^|^gsm1736606569^|^dev^|^cdev^|^3^|^mmc^|^^|^^|^n^|^as^|^kias^|^^|^285^|^^|^250^|^^|^251^|^252^|^12249^|^ac^|^253
10123132123^|^gsm1736606570^|^dev^|^cdev^|^3^|^mmc^|^^|^^|^n^|^as^|^kias^|^^|^286^|^^|^251^|^^|^252^|^253^|^12250^|^ac^|^254
10123132123^|^gsm1736606571^|^dev^|^cdev^|^3^|^mmc^|^^|^^|^n^|^as^|^cor^|^^|^287^|^^|^252^|^^|^253^|^254^|^12251^|^ac^|^255
10123132123^|^gsm1736606572^|^dev^|^cdev^|^3^|^mmc^|^^|^^|^n^|^as^|^kias^|^^|^288^|^^|^253^|^^|^254^|^255^|^12252^|^ac^|^256
10123132123^|^gsm1736606573^|^dev^|^cdev^|^3^|^mmc^|^^|^^|^n^|^as^|^cor^|^^|^289^|^^|^254^|^^|^255^|^256^|^12253^|^ac^|^257
10123132123^|^gsm1736606574^|^dev^|^cdev^|^3^|^mmc^|^^|^^|^n^|^as^|^kias^|^^|^290^|^^|^255^|^^|^256^|^257^|^12254^|^ac^|^258
10123132123^|^gsm1736606575^|^dev^|^cdev^|^3^|^mmc^|^^|^^|^n^|^as^|^cor^|^^|^291^|^^|^256^|^^|^257^|^258^|^12255^|^ac^|^259
10123132123^|^gsm1736606576^|^dev^|^cdev^|^3^|^mmc^|^^|^^|^n^|^as^|^cor^|^^|^292^|^^|^257^|^^|^258^|^259^|^12256^|^ac^|^260
10123132123^|^gsm1736606577^|^dev^|^cdev^|^3^|^mmc^|^^|^^|^n^|^as^|^cor^|^^|^293^|^^|^258^|^^|^259^|^260^|^12257^|^ac^|^261
10123132123^|^gsm1736606578^|^dev^|^cdev^|^3^|^mmc^|^^|^^|^n^|^as^|^cor^|^^|^294^|^^|^259^|^^|^260^|^261^|^12258^|^ac^|^262
10123132123^|^gsm1736606579^|^dev^|^cdev^|^3^|^mmc^|^^|^^|^n^|^as^|^kias^|^^|^295^|^^|^260^|^^|^261^|^262^|^12259^|^ac^|^263
10123132123^|^gsm1736606580^|^dev^|^cdev^|^3^|^mmc^|^^|^^|^n^|^as^|^cor^|^^|^296^|^^|^261^|^^|^262^|^263^|^12260^|^ac^|^264
10123132123^|^gsm1736606581^|^dev^|^cdev^|^3^|^mmc^|^^|^^|^n^|^as^|^kias^|^^|^297^|^^|^262^|^^|^263^|^264^|^12261^|^ac^|^265
10123132123^|^gsm1736606582^|^dev^|^cdev^|^3^|^mmc^|^^|^^|^n^|^as^|^cor^|^^|^298^|^^|^263^|^^|^264^|^265^|^12262^|^ac^|^266
10123132123^|^gsm1736606583^|^dev^|^cdev^|^3^|^mmc^|^^|^^|^n^|^as^|^kias^|^^|^299^|^^|^264^|^^|^265^|^266^|^12263^|^ac^|^267
10123132123^|^gsm1736606584^|^dev^|^cdev^|^3^|^mmc^|^^|^^|^n^|^as^|^kias^|^^|^300^|^^|^265^|^^|^266^|^267^|^12264^|^ac^|^268
10123132123^|^gsm1736606585^|^dev^|^cdev^|^3^|^mmc^|^^|^^|^n^|^as^|^kias^|^^|^301^|^^|^266^|^^|^267^|^268^|^12265^|^ac^|^269
10123132123^|^gsm1736606586^|^dev^|^cdev^|^3^|^mmc^|^^|^^|^n^|^as^|^cor^|^^|^302^|^^|^267^|^^|^268^|^269^|^12266^|^ac^|^270
10123132123^|^gsm1736606587^|^dev^|^cdev^|^3^|^mmc^|^^|^^|^n^|^as^|^kias^|^^|^303^|^^|^268^|^^|^269^|^270^|^12267^|^ac^|^271
10123132123^|^gsm1736606588^|^dev^|^cdev^|^3^|^mmc^|^^|^^|^n^|^as^|^kias^|^^|^304^|^^|^269^|^^|^270^|^271^|^12268^|^ac^|^272
10123132123^|^gsm1736606589^|^dev^|^cdev^|^3^|^mmc^|^^|^^|^n^|^as^|^kias^|^^|^305^|^^|^270^|^^|^271^|^272^|^12269^|^ac^|^273
10123132123^|^gsm1736606590^|^dev^|^cdev^|^3^|^mmc^|^^|^^|^n^|^as^|^cor^|^^|^306^|^^|^271^|^^|^272^|^273^|^12270^|^ac^|^274
10123132123^|^gsm1736606591^|^dev^|^cdev^|^3^|^mmc^|^^|^^|^n^|^as^|^kias^|^^|^307^|^^|^272^|^^|^273^|^274^|^12271^|^ac^|^275
10123132123^|^gsm1736606592^|^dev^|^cdev^|^3^|^mmc^|^^|^^|^n^|^as^|^cor^|^^|^308^|^^|^273^|^^|^274^|^275^|^12272^|^ac^|^276
10123132123^|^gsm1736606593^|^dev^|^cdev^|^3^|^mmc^|^^|^^|^n^|^as^|^cor^|^^|^309^|^^|^274^|^^|^275^|^276^|^12273^|^ac^|^277
10123132123^|^gsm1736606594^|^dev^|^cdev^|^3^|^mmc^|^^|^^|^n^|^as^|^cor^|^^|^310^|^^|^275^|^^|^276^|^277^|^12274^|^ac^|^278
10123132123^|^gsm1736606595^|^dev^|^cdev^|^3^|^mmc^|^^|^^|^n^|^as^|^cor^|^^|^311^|^^|^276^|^^|^277^|^278^|^12275^|^ac^|^279
10123132123^|^gsm1736606596^|^dev^|^cdev^|^3^|^mmc^|^^|^^|^n^|^as^|^kias^|^^|^312^|^^|^277^|^^|^278^|^279^|^12276^|^ac^|^280
10123132123^|^gsm1736606597^|^dev^|^cdev^|^3^|^mmc^|^^|^^|^n^|^as^|^cor^|^^|^313^|^^|^278^|^^|^279^|^280^|^12277^|^ac^|^281
10123132123^|^gsm1736606598^|^dev^|^cdev^|^3^|^mmc^|^^|^^|^n^|^as^|^cor^|^^|^314^|^^|^279^|^^|^280^|^281^|^12278^|^ac^|^282
10123132123^|^gsm1736606599^|^dev^|^cdev^|^3^|^mmc^|^^|^^|^n^|^as^|^kias^|^^|^315^|^^|^280^|^^|^281^|^282^|^12279^|^ac^|^283
10123132123^|^gsm1736606600^|^dev^|^cdev^|^3^|^mmc^|^^|^^|^n^|^as^|^cor^|^^|^316^|^^|^281^|^^|^282^|^283^|^12280^|^ac^|^284
10123132123^|^gsm1736606601^|^dev^|^cdev^|^3^|^mmc^|^^|^^|^n^|^as^|^kias^|^^|^317^|^^|^282^|^^|^283^|^284^|^12281^|^ac^|^285
10123132123^|^gsm1736606602^|^dev^|^cdev^|^3^|^mmc^|^^|^^|^n^|^as^|^kias^|^^|^318^|^^|^283^|^^|^284^|^285^|^12282^|^ac^|^286
10123132123^|^gsm1736606603^|^dev^|^cdev^|^3^|^mmc^|^^|^^|^n^|^as^|^cor^|^^|^319^|^^|^284^|^^|^285^|^286^|^12283^|^ac^|^287
10123132123^|^gsm1736606604^|^dev^|^cdev^|^3^|^mmc^|^^|^^|^n^|^as^|^kias^|^^|^320^|^^|^285^|^^|^286^|^287^|^12284^|^ac^|^288
10123132123^|^gsm1736606605^|^dev^|^cdev^|^3^|^mmc^|^^|^^|^n^|^as^|^kias^|^^|^321^|^^|^286^|^^|^287^|^288^|^12285^|^ac^|^289
10123132123^|^gsm1736606606^|^dev^|^cdev^|^3^|^mmc^|^^|^^|^n^|^as^|^kias^|^^|^322^|^^|^287^|^^|^288^|^289^|^12286^|^ac^|^290
10123132123^|^gsm1736606607^|^dev^|^cdev^|^3^|^mmc^|^^|^^|^n^|^as^|^cor^|^^|^323^|^^|^288^|^^|^289^|^290^|^12287^|^ac^|^291
10123132123^|^gsm1736606608^|^dev^|^cdev^|^3^|^mmc^|^^|^^|^n^|^as^|^kias^|^^|^324^|^^|^289^|^^|^290^|^291^|^12288^|^ac^|^292
10123132123^|^gsm1736606609^|^dev^|^cdev^|^3^|^mmc^|^^|^^|^n^|^as^|^cor^|^^|^325^|^^|^290^|^^|^291^|^292^|^12289^|^ac^|^293
10123132123^|^gsm1736606610^|^dev^|^cdev^|^3^|^mmc^|^^|^^|^n^|^as^|^cor^|^^|^326^|^^|^291^|^^|^292^|^293^|^12290^|^ac^|^294
10123132123^|^gsm1736606611^|^dev^|^cdev^|^3^|^mmc^|^^|^^|^n^|^as^|^cor^|^^|^327^|^^|^292^|^^|^293^|^294^|^12291^|^ac^|^295
10123132123^|^gsm1736606612^|^dev^|^cdev^|^3^|^mmc^|^^|^^|^n^|^as^|^kias^|^^|^328^|^^|^293^|^^|^294^|^295^|^12292^|^ac^|^296
10123132123^|^gsm1736606613^|^dev^|^cdev^|^3^|^mmc^|^^|^^|^n^|^as^|^cor^|^^|^329^|^^|^294^|^^|^295^|^296^|^12293^|^ac^|^297
10123132123^|^gsm1736606614^|^dev^|^cdev^|^3^|^mmc^|^^|^^|^n^|^as^|^kias^|^^|^330^|^^|^295^|^^|^296^|^297^|^12294^|^ac^|^298
10123132123^|^gsm1736606615^|^dev^|^cdev^|^3^|^mmc^|^^|^^|^n^|^as^|^cor^|^^|^331^|^^|^296^|^^|^297^|^298^|^12295^|^ac^|^299
10123132123^|^gsm1736606616^|^dev^|^cdev^|^3^|^mmc^|^^|^^|^n^|^as^|^kias^|^^|^332^|^^|^297^|^^|^298^|^299^|^12296^|^ac^|^300
10123132123^|^gsm1736606617^|^dev^|^cdev^|^3^|^mmc^|^^|^^|^n^|^as^|^cor^|^^|^333^|^^|^298^|^^|^299^|^300^|^12297^|^ac^|^301
10123132123^|^gsm1736606618^|^dev^|^cdev^|^3^|^mmc^|^^|^^|^n^|^as^|^cor^|^^|^334^|^^|^299^|^^|^300^|^301^|^12298^|^ac^|^302
10123132123^|^gsm1736606619^|^dev^|^cdev^|^3^|^mmc^|^^|^^|^n^|^as^|^kias^|^^|^335^|^^|^300^|^^|^301^|^302^|^12299^|^ac^|^303
10123132123^|^gsm1736606620^|^dev^|^cdev^|^3^|^mmc^|^^|^^|^n^|^as^|^kias^|^^|^336^|^^|^301^|^^|^302^|^303^|^12300^|^ac^|^304
10123132123^|^gsm1736606621^|^dev^|^cdev^|^3^|^mmc^|^^|^^|^n^|^as^|^kias^|^^|^337^|^^|^302^|^^|^303^|^304^|^12301^|^ac^|^305
10123132123^|^gsm1736606622^|^dev^|^cdev^|^3^|^mmc^|^^|^^|^n^|^as^|^cor^|^^|^338^|^^|^303^|^^|^304^|^305^|^12302^|^ac^|^306
10123132123^|^gsm1736606623^|^dev^|^cdev^|^3^|^mmc^|^^|^^|^n^|^as^|^kias^|^^|^339^|^^|^304^|^^|^305^|^306^|^12303^|^ac^|^307
10123132123^|^gsm1736606624^|^dev^|^cdev^|^3^|^mmc^|^^|^^|^n^|^as^|^cor^|^^|^340^|^^|^305^|^^|^306^|^307^|^12304^|^ac^|^308
10123132123^|^gsm1736606625^|^dev^|^cdev^|^3^|^mmc^|^^|^^|^n^|^as^|^cor^|^^|^341^|^^|^306^|^^|^307^|^308^|^12305^|^ac^|^309
10123132123^|^gsm1736606626^|^dev^|^cdev^|^3^|^mmc^|^^|^^|^n^|^as^|^kias^|^^|^342^|^^|^307^|^^|^308^|^309^|^12306^|^ac^|^310
10123132123^|^gsm1736606627^|^dev^|^cdev^|^3^|^mmc^|^^|^^|^n^|^as^|^kias^|^^|^343^|^^|^308^|^^|^309^|^310^|^12307^|^ac^|^311
10123132123^|^gsm1736606628^|^dev^|^cdev^|^3^|^mmc^|^^|^^|^n^|^as^|^cor^|^^|^344^|^^|^309^|^^|^310^|^311^|^12308^|^ac^|^312
10123132123^|^gsm1736606629^|^dev^|^cdev^|^3^|^mmc^|^^|^^|^n^|^as^|^cor^|^^|^345^|^^|^310^|^^|^311^|^312^|^12309^|^ac^|^313
10123132123^|^gsm1736606630^|^dev^|^cdev^|^3^|^mmc^|^^|^^|^n^|^as^|^kias^|^^|^346^|^^|^311^|^^|^312^|^313^|^12310^|^ac^|^314
10123132123^|^gsm1736606631^|^dev^|^cdev^|^3^|^mmc^|^^|^^|^n^|^as^|^kias^|^^|^347^|^^|^312^|^^|^313^|^314^|^12311^|^ac^|^315
10123132123^|^gsm1736606632^|^dev^|^cdev^|^3^|^mmc^|^^|^^|^n^|^as^|^kias^|^^|^348^|^^|^313^|^^|^314^|^315^|^12312^|^ac^|^316
10123132123^|^gsm1736606633^|^dev^|^cdev^|^3^|^mmc^|^^|^^|^n^|^as^|^kias^|^^|^349^|^^|^314^|^^|^315^|^316^|^12313^|^ac^|^317
10123132123^|^gsm1736606634^|^dev^|^cdev^|^3^|^mmc^|^^|^^|^n^|^as^|^cor^|^^|^350^|^^|^315^|^^|^316^|^317^|^12314^|^ac^|^318
10123132123^|^gsm1736606635^|^dev^|^cdev^|^3^|^mmc^|^^|^^|^n^|^as^|^kias^|^^|^351^|^^|^316^|^^|^317^|^318^|^12315^|^ac^|^319
10123132123^|^gsm1736606636^|^dev^|^cdev^|^3^|^mmc^|^^|^^|^n^|^as^|^kias^|^^|^352^|^^|^317^|^^|^318^|^319^|^12316^|^ac^|^320
10123132123^|^gsm1736606637^|^dev^|^cdev^|^3^|^mmc^|^^|^^|^n^|^as^|^cor^|^^|^353^|^^|^318^|^^|^319^|^320^|^12317^|^ac^|^321
10123132123^|^gsm1736606638^|^dev^|^cdev^|^3^|^mmc^|^^|^^|^n^|^as^|^kias^|^^|^354^|^^|^319^|^^|^320^|^321^|^12318^|^ac^|^322
10123132123^|^gsm1736606639^|^dev^|^cdev^|^3^|^mmc^|^^|^^|^n^|^as^|^cor^|^^|^355^|^^|^320^|^^|^321^|^322^|^12319^|^ac^|^323
10123132123^|^gsm1736606640^|^dev^|^cdev^|^3^|^mmc^|^^|^^|^n^|^as^|^cor^|^^|^356^|^^|^321^|^^|^322^|^323^|^12320^|^ac^|^324
10123132123^|^gsm1736606641^|^dev^|^cdev^|^3^|^mmc^|^^|^^|^n^|^as^|^kias^|^^|^357^|^^|^322^|^^|^323^|^324^|^12321^|^ac^|^325
10123132123^|^gsm1736606642^|^dev^|^cdev^|^3^|^mmc^|^^|^^|^n^|^as^|^cor^|^^|^358^|^^|^323^|^^|^324^|^325^|^12322^|^ac^|^326
10123132123^|^gsm1736606643^|^dev^|^cdev^|^3^|^mmc^|^^|^^|^n^|^as^|^kias^|^^|^359^|^^|^324^|^^|^325^|^326^|^12323^|^ac^|^327
10123132123^|^gsm1736606644^|^dev^|^cdev^|^3^|^mmc^|^^|^^|^n^|^as^|^kias^|^^|^360^|^^|^325^|^^|^326^|^327^|^12324^|^ac^|^328
10123132123^|^gsm1736606645^|^dev^|^cdev^|^3^|^mmc^|^^|^^|^n^|^as^|^cor^|^^|^361^|^^|^326^|^^|^327^|^328^|^12325^|^ac^|^329
10123132123^|^gsm1736606646^|^dev^|^cdev^|^3^|^mmc^|^^|^^|^n^|^as^|^cor^|^^|^362^|^^|^327^|^^|^328^|^329^|^12326^|^ac^|^330
10123132123^|^gsm1736606647^|^dev^|^cdev^|^3^|^mmc^|^^|^^|^n^|^as^|^kias^|^^|^363^|^^|^328^|^^|^329^|^330^|^12327^|^ac^|^331
10123132123^|^gsm1736606648^|^dev^|^cdev^|^3^|^mmc^|^^|^^|^n^|^as^|^kias^|^^|^364^|^^|^329^|^^|^330^|^331^|^12328^|^ac^|^332
10123132123^|^gsm1736606649^|^dev^|^cdev^|^3^|^mmc^|^^|^^|^n^|^as^|^cor^|^^|^365^|^^|^330^|^^|^331^|^332^|^12329^|^ac^|^333
10123132123^|^gsm1736606650^|^dev^|^cdev^|^3^|^mmc^|^^|^^|^n^|^as^|^cor^|^^|^366^|^^|^331^|^^|^332^|^333^|^12330^|^ac^|^334
10123132123^|^gsm1736606651^|^dev^|^cdev^|^3^|^mmc^|^^|^^|^n^|^as^|^kias^|^^|^367^|^^|^332^|^^|^333^|^334^|^12331^|^ac^|^335
10123132123^|^gsm1736606652^|^dev^|^cdev^|^3^|^mmc^|^^|^^|^n^|^as^|^kias^|^^|^368^|^^|^333^|^^|^334^|^335^|^12332^|^ac^|^336
10123132123^|^gsm1736606653^|^dev^|^cdev^|^3^|^mmc^|^^|^^|^n^|^as^|^kias^|^^|^369^|^^|^334^|^^|^335^|^336^|^12333^|^ac^|^337
10123132123^|^gsm1736606654^|^dev^|^cdev^|^3^|^mmc^|^^|^^|^n^|^as^|^cor^|^^|^370^|^^|^335^|^^|^336^|^337^|^12334^|^ac^|^338
10123132123^|^gsm1736606655^|^dev^|^cdev^|^3^|^mmc^|^^|^^|^n^|^as^|^cor^|^^|^371^|^^|^336^|^^|^337^|^338^|^12335^|^ac^|^339
10123132123^|^gsm1736606656^|^dev^|^cdev^|^3^|^mmc^|^^|^^|^n^|^as^|^cor^|^^|^372^|^^|^337^|^^|^338^|^339^|^12336^|^ac^|^340
10123132123^|^gsm1736606657^|^dev^|^cdev^|^3^|^mmc^|^^|^^|^n^|^as^|^kias^|^^|^373^|^^|^338^|^^|^339^|^340^|^12337^|^ac^|^341
10123132123^|^gsm1736606658^|^dev^|^cdev^|^3^|^mmc^|^^|^^|^n^|^as^|^cor^|^^|^374^|^^|^339^|^^|^340^|^341^|^12338^|^ac^|^342
10123132123^|^gsm1736606659^|^dev^|^cdev^|^3^|^mmc^|^^|^^|^n^|^as^|^cor^|^^|^375^|^^|^340^|^^|^341^|^342^|^12339^|^ac^|^343
10123132123^|^gsm1736606660^|^dev^|^cdev^|^3^|^mmc^|^^|^^|^n^|^as^|^kias^|^^|^376^|^^|^341^|^^|^342^|^343^|^12340^|^ac^|^344
10123132123^|^gsm1736606661^|^dev^|^cdev^|^3^|^mmc^|^^|^^|^n^|^as^|^kias^|^^|^377^|^^|^342^|^^|^343^|^344^|^12341^|^ac^|^345
10123132123^|^gsm1736606662^|^dev^|^cdev^|^3^|^mmc^|^^|^^|^n^|^as^|^kias^|^^|^378^|^^|^343^|^^|^344^|^345^|^12342^|^ac^|^346
10123132123^|^gsm1736606663^|^dev^|^cdev^|^3^|^mmc^|^^|^^|^n^|^as^|^cor^|^^|^379^|^^|^344^|^^|^345^|^346^|^12343^|^ac^|^347
10123132123^|^gsm1736606664^|^dev^|^cdev^|^3^|^mmc^|^^|^^|^n^|^as^|^cor^|^^|^380^|^^|^345^|^^|^346^|^347^|^12344^|^ac^|^348
10123132123^|^gsm1736606665^|^dev^|^cdev^|^3^|^mmc^|^^|^^|^n^|^as^|^cor^|^^|^381^|^^|^346^|^^|^347^|^348^|^12345^|^ac^|^349
10123132123^|^gsm1736606666^|^dev^|^cdev^|^3^|^mmc^|^^|^^|^n^|^as^|^kias^|^^|^382^|^^|^347^|^^|^348^|^349^|^12346^|^ac^|^350
10123132123^|^gsm1736606667^|^dev^|^cdev^|^3^|^mmc^|^^|^^|^n^|^as^|^kias^|^^|^383^|^^|^348^|^^|^349^|^350^|^12347^|^ac^|^351
10123132123^|^gsm1736606668^|^dev^|^cdev^|^3^|^mmc^|^^|^^|^n^|^as^|^kias^|^^|^384^|^^|^349^|^^|^350^|^351^|^12348^|^ac^|^352
10123132123^|^gsm1736606669^|^dev^|^cdev^|^3^|^mmc^|^^|^^|^n^|^as^|^kias^|^^|^385^|^^|^350^|^^|^351^|^352^|^12349^|^ac^|^353
10123132123^|^gsm1736606670^|^dev^|^cdev^|^3^|^mmc^|^^|^^|^n^|^as^|^kias^|^^|^386^|^^|^351^|^^|^352^|^353^|^12350^|^ac^|^354
10123132123^|^gsm1736606671^|^dev^|^cdev^|^3^|^mmc^|^^|^^|^n^|^as^|^kias^|^^|^387^|^^|^352^|^^|^353^|^354^|^12351^|^ac^|^355
10123132123^|^gsm1736606672^|^dev^|^cdev^|^3^|^mmc^|^^|^^|^n^|^as^|^cor^|^^|^388^|^^|^353^|^^|^354^|^355^|^12352^|^ac^|^356
10123132123^|^gsm1736606673^|^dev^|^cdev^|^3^|^mmc^|^^|^^|^n^|^as^|^cor^|^^|^389^|^^|^354^|^^|^355^|^356^|^12353^|^ac^|^357
10123132123^|^gsm1736606674^|^dev^|^cdev^|^3^|^mmc^|^^|^^|^n^|^as^|^cor^|^^|^390^|^^|^355^|^^|^356^|^357^|^12354^|^ac^|^358
10123132123^|^gsm1736606675^|^dev^|^cdev^|^3^|^mmc^|^^|^^|^n^|^as^|^kias^|^^|^391^|^^|^356^|^^|^357^|^358^|^12355^|^ac^|^359
10123132123^|^gsm1736606676^|^dev^|^cdev^|^3^|^mmc^|^^|^^|^n^|^as^|^cor^|^^|^392^|^^|^357^|^^|^358^|^359^|^12356^|^ac^|^360
10123132123^|^gsm1736606677^|^dev^|^cdev^|^3^|^mmc^|^^|^^|^n^|^as^|^cor^|^^|^393^|^^|^358^|^^|^359^|^360^|^12357^|^ac^|^361
10123132123^|^gsm1736606678^|^dev^|^cdev^|^3^|^mmc^|^^|^^|^n^|^as^|^kias^|^^|^394^|^^|^359^|^^|^360^|^361^|^12358^|^ac^|^362
10123132123^|^gsm1736606679^|^dev^|^cdev^|^3^|^mmc^|^^|^^|^n^|^as^|^kias^|^^|^395^|^^|^360^|^^|^361^|^362^|^12359^|^ac^|^363
10123132123^|^gsm1736606680^|^dev^|^cdev^|^3^|^mmc^|^^|^^|^n^|^as^|^kias^|^^|^396^|^^|^361^|^^|^362^|^363^|^12360^|^ac^|^364
10123132123^|^gsm1736606681^|^dev^|^cdev^|^3^|^mmc^|^^|^^|^n^|^as^|^kias^|^^|^397^|^^|^362^|^^|^363^|^364^|^12361^|^ac^|^365
10123132123^|^gsm1736606682^|^dev^|^cdev^|^3^|^mmc^|^^|^^|^n^|^as^|^cor^|^^|^398^|^^|^363^|^^|^364^|^365^|^12362^|^ac^|^366
10123132123^|^gsm1736606683^|^dev^|^cdev^|^3^|^mmc^|^^|^^|^n^|^as^|^cor^|^^|^399^|^^|^364^|^^|^365^|^366^|^12363^|^ac^|^367
10123132123^|^gsm1736606684^|^dev^|^cdev^|^3^|^mmc^|^^|^^|^n^|^as^|^cor^|^^|^400^|^^|^365^|^^|^366^|^367^|^12364^|^ac^|^368
10123132123^|^gsm1736606685^|^dev^|^cdev^|^3^|^mmc^|^^|^^|^n^|^as^|^cor^|^^|^401^|^^|^366^|^^|^367^|^368^|^12365^|^ac^|^369
10123132123^|^gsm1736606686^|^dev^|^cdev^|^3^|^mmc^|^^|^^|^n^|^as^|^cor^|^^|^402^|^^|^367^|^^|^368^|^369^|^12366^|^ac^|^370
10123132123^|^gsm1736606687^|^dev^|^cdev^|^3^|^mmc^|^^|^^|^n^|^as^|^kias^|^^|^403^|^^|^368^|^^|^369^|^370^|^12367^|^ac^|^371
10123132123^|^gsm1736606688^|^dev^|^cdev^|^3^|^mmc^|^^|^^|^n^|^as^|^kias^|^^|^404^|^^|^369^|^^|^370^|^371^|^12368^|^ac^|^372
10123132123^|^gsm1736606689^|^dev^|^cdev^|^3^|^mmc^|^^|^^|^n^|^as^|^cor^|^^|^405^|^^|^370^|^^|^371^|^372^|^12369^|^ac^|^373
10123132123^|^gsm1736606690^|^dev^|^cdev^|^3^|^mmc^|^^|^^|^n^|^as^|^kias^|^^|^406^|^^|^371^|^^|^372^|^373^|^12370^|^ac^|^374
10123132123^|^gsm1736606691^|^dev^|^cdev^|^3^|^mmc^|^^|^^|^n^|^as^|^kias^|^^|^407^|^^|^372^|^^|^373^|^374^|^12371^|^ac^|^375
10123132123^|^gsm1736606692^|^dev^|^cdev^|^3^|^mmc^|^^|^^|^n^|^as^|^kias^|^^|^408^|^^|^373^|^^|^374^|^375^|^12372^|^ac^|^376
10123132123^|^gsm1736606693^|^dev^|^cdev^|^3^|^mmc^|^^|^^|^n^|^as^|^kias^|^^|^409^|^^|^374^|^^|^375^|^376^|^12373^|^ac^|^377
10123132123^|^gsm1736606694^|^dev^|^cdev^|^3^|^mmc^|^^|^^|^n^|^as^|^cor^|^^|^410^|^^|^375^|^^|^376^|^377^|^12374^|^ac^|^378
10123132123^|^gsm1736606695^|^dev^|^cdev^|^3^|^mmc^|^^|^^|^n^|^as^|^kias^|^^|^411^|^^|^376^|^^|^377^|^378^|^12375^|^ac^|^379
10123132123^|^gsm1736606696^|^dev^|^cdev^|^3^|^mmc^|^^|^^|^n^|^as^|^kias^|^^|^412^|^^|^377^|^^|^378^|^379^|^12376^|^ac^|^380
10123132123^|^gsm1736606697^|^dev^|^cdev^|^3^|^mmc^|^^|^^|^n^|^as^|^cor^|^^|^413^|^^|^378^|^^|^379^|^380^|^12377^|^ac^|^381
10123132123^|^gsm1736606698^|^dev^|^cdev^|^3^|^mmc^|^^|^^|^n^|^as^|^cor^|^^|^414^|^^|^379^|^^|^380^|^381^|^12378^|^ac^|^382
10123132123^|^gsm1736606699^|^dev^|^cdev^|^3^|^mmc^|^^|^^|^n^|^as^|^kias^|^^|^415^|^^|^380^|^^|^381^|^382^|^12379^|^ac^|^383
10123132123^|^gsm1736606700^|^dev^|^cdev^|^3^|^mmc^|^^|^^|^n^|^as^|^cor^|^^|^416^|^^|^381^|^^|^382^|^383^|^12380^|^ac^|^384
10123132123^|^gsm1736606701^|^dev^|^cdev^|^3^|^mmc^|^^|^^|^n^|^as^|^cor^|^^|^417^|^^|^382^|^^|^383^|^384^|^12381^|^ac^|^385
10123132123^|^gsm1736606702^|^dev^|^cdev^|^3^|^mmc^|^^|^^|^n^|^as^|^kias^|^^|^418^|^^|^383^|^^|^384^|^385^|^12382^|^ac^|^386
10123132123^|^gsm1736606703^|^dev^|^cdev^|^3^|^mmc^|^^|^^|^n^|^as^|^kias^|^^|^419^|^^|^384^|^^|^385^|^386^|^12383^|^ac^|^387
10123132123^|^gsm1736606704^|^dev^|^cdev^|^3^|^mmc^|^^|^^|^n^|^as^|^kias^|^^|^420^|^^|^385^|^^|^386^|^387^|^12384^|^ac^|^388
10123132123^|^gsm1736606705^|^dev^|^cdev^|^3^|^mmc^|^^|^^|^n^|^as^|^cor^|^^|^421^|^^|^386^|^^|^387^|^388^|^12385^|^ac^|^389
10123132123^|^gsm1736606706^|^dev^|^cdev^|^3^|^mmc^|^^|^^|^n^|^as^|^kias^|^^|^422^|^^|^387^|^^|^388^|^389^|^12386^|^ac^|^390
10123132123^|^gsm1736606707^|^dev^|^cdev^|^3^|^mmc^|^^|^^|^n^|^as^|^kias^|^^|^423^|^^|^388^|^^|^389^|^390^|^12387^|^ac^|^391
10123132123^|^gsm1736606708^|^dev^|^cdev^|^3^|^mmc^|^^|^^|^n^|^as^|^cor^|^^|^424^|^^|^389^|^^|^390^|^391^|^12388^|^ac^|^392
10123132123^|^gsm1736606709^|^dev^|^cdev^|^3^|^mmc^|^^|^^|^n^|^as^|^kias^|^^|^425^|^^|^390^|^^|^391^|^392^|^12389^|^ac^|^393
10123132123^|^gsm1736606710^|^dev^|^cdev^|^3^|^mmc^|^^|^^|^n^|^as^|^cor^|^^|^426^|^^|^391^|^^|^392^|^393^|^12390^|^ac^|^394
10123132123^|^gsm1736606711^|^dev^|^cdev^|^3^|^mmc^|^^|^^|^n^|^as^|^kias^|^^|^427^|^^|^392^|^^|^393^|^394^|^12391^|^ac^|^395
10123132123^|^gsm1736606712^|^dev^|^cdev^|^3^|^mmc^|^^|^^|^n^|^as^|^cor^|^^|^428^|^^|^393^|^^|^394^|^395^|^12392^|^ac^|^396
10123132123^|^gsm1736606713^|^dev^|^cdev^|^3^|^mmc^|^^|^^|^n^|^as^|^kias^|^^|^429^|^^|^394^|^^|^395^|^396^|^12393^|^ac^|^397
10123132123^|^gsm1736606714^|^dev^|^cdev^|^3^|^mmc^|^^|^^|^n^|^as^|^cor^|^^|^430^|^^|^395^|^^|^396^|^397^|^12394^|^ac^|^398
10123132123^|^gsm1736606715^|^dev^|^cdev^|^3^|^mmc^|^^|^^|^n^|^as^|^kias^|^^|^431^|^^|^396^|^^|^397^|^398^|^12395^|^ac^|^399
10123132123^|^gsm1736606716^|^dev^|^cdev^|^3^|^mmc^|^^|^^|^n^|^as^|^cor^|^^|^432^|^^|^397^|^^|^398^|^399^|^12396^|^ac^|^400
10123132123^|^gsm1736606717^|^dev^|^cdev^|^3^|^mmc^|^^|^^|^n^|^as^|^cor^|^^|^433^|^^|^398^|^^|^399^|^400^|^12397^|^ac^|^401
10123132123^|^gsm1736606718^|^dev^|^cdev^|^3^|^mmc^|^^|^^|^n^|^as^|^kias^|^^|^434^|^^|^399^|^^|^400^|^401^|^12398^|^ac^|^402
10123132123^|^gsm1736606719^|^dev^|^cdev^|^3^|^mmc^|^^|^^|^n^|^as^|^kias^|^^|^435^|^^|^400^|^^|^401^|^402^|^12399^|^ac^|^403
10123132123^|^gsm1736606720^|^dev^|^cdev^|^3^|^mmc^|^^|^^|^n^|^as^|^cor^|^^|^436^|^^|^401^|^^|^402^|^403^|^12400^|^ac^|^404
10123132123^|^gsm1736606721^|^dev^|^cdev^|^3^|^mmc^|^^|^^|^n^|^as^|^kias^|^^|^437^|^^|^402^|^^|^403^|^404^|^12401^|^ac^|^405
10123132123^|^gsm1736606722^|^dev^|^cdev^|^3^|^mmc^|^^|^^|^n^|^as^|^kias^|^^|^438^|^^|^403^|^^|^404^|^405^|^12402^|^ac^|^406
10123132123^|^gsm1736606723^|^dev^|^cdev^|^3^|^mmc^|^^|^^|^n^|^as^|^cor^|^^|^439^|^^|^404^|^^|^405^|^406^|^12403^|^ac^|^407
10123132123^|^gsm1736606724^|^dev^|^cdev^|^3^|^mmc^|^^|^^|^n^|^as^|^kias^|^^|^440^|^^|^405^|^^|^406^|^407^|^12404^|^ac^|^408
10123132123^|^gsm1736606725^|^dev^|^cdev^|^3^|^mmc^|^^|^^|^n^|^as^|^kias^|^^|^441^|^^|^406^|^^|^407^|^408^|^12405^|^ac^|^409
10123132123^|^gsm1736606726^|^dev^|^cdev^|^3^|^mmc^|^^|^^|^n^|^as^|^kias^|^^|^442^|^^|^407^|^^|^408^|^409^|^12406^|^ac^|^410
10123132123^|^gsm1736606727^|^dev^|^cdev^|^3^|^mmc^|^^|^^|^n^|^as^|^cor^|^^|^443^|^^|^408^|^^|^409^|^410^|^12407^|^ac^|^411
10123132123^|^gsm1736606728^|^dev^|^cdev^|^3^|^mmc^|^^|^^|^n^|^as^|^cor^|^^|^444^|^^|^409^|^^|^410^|^411^|^12408^|^ac^|^412
10123132123^|^gsm1736606729^|^dev^|^cdev^|^3^|^mmc^|^^|^^|^n^|^as^|^kias^|^^|^445^|^^|^410^|^^|^411^|^412^|^12409^|^ac^|^413
10123132123^|^gsm1736606730^|^dev^|^cdev^|^3^|^mmc^|^^|^^|^n^|^as^|^kias^|^^|^446^|^^|^411^|^^|^412^|^413^|^12410^|^ac^|^414
10123132123^|^gsm1736606731^|^dev^|^cdev^|^3^|^mmc^|^^|^^|^n^|^as^|^cor^|^^|^447^|^^|^412^|^^|^413^|^414^|^12411^|^ac^|^415
10123132123^|^gsm1736606732^|^dev^|^cdev^|^3^|^mmc^|^^|^^|^n^|^as^|^kias^|^^|^448^|^^|^413^|^^|^414^|^415^|^12412^|^ac^|^416
10123132123^|^gsm1736606733^|^dev^|^cdev^|^3^|^mmc^|^^|^^|^n^|^as^|^cor^|^^|^449^|^^|^414^|^^|^415^|^416^|^12413^|^ac^|^417
10123132123^|^gsm1736606734^|^dev^|^cdev^|^3^|^mmc^|^^|^^|^n^|^as^|^kias^|^^|^450^|^^|^415^|^^|^416^|^417^|^12414^|^ac^|^418
10123132123^|^gsm1736606735^|^dev^|^cdev^|^3^|^mmc^|^^|^^|^n^|^as^|^cor^|^^|^451^|^^|^416^|^^|^417^|^418^|^12415^|^ac^|^419
10123132123^|^gsm1736606736^|^dev^|^cdev^|^3^|^mmc^|^^|^^|^n^|^as^|^kias^|^^|^452^|^^|^417^|^^|^418^|^419^|^12416^|^ac^|^420
10123132123^|^gsm1736606737^|^dev^|^cdev^|^3^|^mmc^|^^|^^|^n^|^as^|^kias^|^^|^453^|^^|^418^|^^|^419^|^420^|^12417^|^ac^|^421
10123132123^|^gsm1736606738^|^dev^|^cdev^|^3^|^mmc^|^^|^^|^n^|^as^|^cor^|^^|^454^|^^|^419^|^^|^420^|^421^|^12418^|^ac^|^422
10123132123^|^gsm1736606739^|^dev^|^cdev^|^3^|^mmc^|^^|^^|^n^|^as^|^kias^|^^|^455^|^^|^420^|^^|^421^|^422^|^12419^|^ac^|^423
10123132123^|^gsm1736606740^|^dev^|^cdev^|^3^|^mmc^|^^|^^|^n^|^as^|^kias^|^^|^456^|^^|^421^|^^|^422^|^423^|^12420^|^ac^|^424
10123132123^|^gsm1736606741^|^dev^|^cdev^|^3^|^mmc^|^^|^^|^n^|^as^|^cor^|^^|^457^|^^|^422^|^^|^423^|^424^|^12421^|^ac^|^425
10123132123^|^gsm1736606742^|^dev^|^cdev^|^3^|^mmc^|^^|^^|^n^|^as^|^kias^|^^|^458^|^^|^423^|^^|^424^|^425^|^12422^|^ac^|^426
10123132123^|^gsm1736606743^|^dev^|^cdev^|^3^|^mmc^|^^|^^|^n^|^as^|^kias^|^^|^459^|^^|^424^|^^|^425^|^426^|^12423^|^ac^|^427
10123132123^|^gsm1736606744^|^dev^|^cdev^|^3^|^mmc^|^^|^^|^n^|^as^|^kias^|^^|^460^|^^|^425^|^^|^426^|^427^|^12424^|^ac^|^428
10123132123^|^gsm1736606745^|^dev^|^cdev^|^3^|^mmc^|^^|^^|^n^|^as^|^kias^|^^|^461^|^^|^426^|^^|^427^|^428^|^12425^|^ac^|^429
10123132123^|^gsm1736606746^|^dev^|^cdev^|^3^|^mmc^|^^|^^|^n^|^as^|^cor^|^^|^462^|^^|^427^|^^|^428^|^429^|^12426^|^ac^|^430
10123132123^|^gsm1736606747^|^dev^|^cdev^|^3^|^mmc^|^^|^^|^n^|^as^|^cor^|^^|^463^|^^|^428^|^^|^429^|^430^|^12427^|^ac^|^431
10123132123^|^gsm1736606748^|^dev^|^cdev^|^3^|^mmc^|^^|^^|^n^|^as^|^kias^|^^|^464^|^^|^429^|^^|^430^|^431^|^12428^|^ac^|^432
10123132123^|^gsm1736606749^|^dev^|^cdev^|^3^|^mmc^|^^|^^|^n^|^as^|^kias^|^^|^465^|^^|^430^|^^|^431^|^432^|^12429^|^ac^|^433
10123132123^|^gsm1736606750^|^dev^|^cdev^|^3^|^mmc^|^^|^^|^n^|^as^|^cor^|^^|^466^|^^|^431^|^^|^432^|^433^|^12430^|^ac^|^434
10123132123^|^gsm1736606751^|^dev^|^cdev^|^3^|^mmc^|^^|^^|^n^|^as^|^kias^|^^|^467^|^^|^432^|^^|^433^|^434^|^12431^|^ac^|^435
10123132123^|^gsm1736606752^|^dev^|^cdev^|^3^|^mmc^|^^|^^|^n^|^as^|^cor^|^^|^468^|^^|^433^|^^|^434^|^435^|^12432^|^ac^|^436
10123132123^|^gsm1736606753^|^dev^|^cdev^|^3^|^mmc^|^^|^^|^n^|^as^|^cor^|^^|^469^|^^|^434^|^^|^435^|^436^|^12433^|^ac^|^437
10123132123^|^gsm1736606754^|^dev^|^cdev^|^3^|^mmc^|^^|^^|^n^|^as^|^kias^|^^|^470^|^^|^435^|^^|^436^|^437^|^12434^|^ac^|^438
10123132123^|^gsm1736606755^|^dev^|^cdev^|^3^|^mmc^|^^|^^|^n^|^as^|^kias^|^^|^471^|^^|^436^|^^|^437^|^438^|^12435^|^ac^|^439
10123132123^|^gsm1736606756^|^dev^|^cdev^|^3^|^mmc^|^^|^^|^n^|^as^|^kias^|^^|^472^|^^|^437^|^^|^438^|^439^|^12436^|^ac^|^440
10123132123^|^gsm1736606757^|^dev^|^cdev^|^3^|^mmc^|^^|^^|^n^|^as^|^cor^|^^|^473^|^^|^438^|^^|^439^|^440^|^12437^|^ac^|^441
10123132123^|^gsm1736606758^|^dev^|^cdev^|^3^|^mmc^|^^|^^|^n^|^as^|^kias^|^^|^474^|^^|^439^|^^|^440^|^441^|^12438^|^ac^|^442
10123132123^|^gsm1736606759^|^dev^|^cdev^|^3^|^mmc^|^^|^^|^n^|^as^|^kias^|^^|^475^|^^|^440^|^^|^441^|^442^|^12439^|^ac^|^443
10123132123^|^gsm1736606760^|^dev^|^cdev^|^3^|^mmc^|^^|^^|^n^|^as^|^cor^|^^|^476^|^^|^441^|^^|^442^|^443^|^12440^|^ac^|^444
10123132123^|^gsm1736606761^|^dev^|^cdev^|^3^|^mmc^|^^|^^|^n^|^as^|^cor^|^^|^477^|^^|^442^|^^|^443^|^444^|^12441^|^ac^|^445
10123132123^|^gsm1736606762^|^dev^|^cdev^|^3^|^mmc^|^^|^^|^n^|^as^|^cor^|^^|^478^|^^|^443^|^^|^444^|^445^|^12442^|^ac^|^446
10123132123^|^gsm1736606763^|^dev^|^cdev^|^3^|^mmc^|^^|^^|^n^|^as^|^kias^|^^|^479^|^^|^444^|^^|^445^|^446^|^12443^|^ac^|^447
10123132123^|^gsm1736606764^|^dev^|^cdev^|^3^|^mmc^|^^|^^|^n^|^as^|^cor^|^^|^480^|^^|^445^|^^|^446^|^447^|^12444^|^ac^|^448
10123132123^|^gsm1736606765^|^dev^|^cdev^|^3^|^mmc^|^^|^^|^n^|^as^|^kias^|^^|^481^|^^|^446^|^^|^447^|^448^|^12445^|^ac^|^449
10123132123^|^gsm1736606766^|^dev^|^cdev^|^3^|^mmc^|^^|^^|^n^|^as^|^cor^|^^|^482^|^^|^447^|^^|^448^|^449^|^12446^|^ac^|^450
10123132123^|^gsm1736606767^|^dev^|^cdev^|^3^|^mmc^|^^|^^|^n^|^as^|^cor^|^^|^483^|^^|^448^|^^|^449^|^450^|^12447^|^ac^|^451
10123132123^|^gsm1736606768^|^dev^|^cdev^|^3^|^mmc^|^^|^^|^n^|^as^|^kias^|^^|^484^|^^|^449^|^^|^450^|^451^|^12448^|^ac^|^452
10123132123^|^gsm1736606769^|^dev^|^cdev^|^3^|^mmc^|^^|^^|^n^|^as^|^cor^|^^|^485^|^^|^450^|^^|^451^|^452^|^12449^|^ac^|^453
10123132123^|^gsm1736606770^|^dev^|^cdev^|^3^|^mmc^|^^|^^|^n^|^as^|^kias^|^^|^486^|^^|^451^|^^|^452^|^453^|^12450^|^ac^|^454
10123132123^|^gsm1736606771^|^dev^|^cdev^|^3^|^mmc^|^^|^^|^n^|^as^|^kias^|^^|^487^|^^|^452^|^^|^453^|^454^|^12451^|^ac^|^455
10123132123^|^gsm1736606772^|^dev^|^cdev^|^3^|^mmc^|^^|^^|^n^|^as^|^kias^|^^|^488^|^^|^453^|^^|^454^|^455^|^12452^|^ac^|^456
10123132123^|^gsm1736606773^|^dev^|^cdev^|^3^|^mmc^|^^|^^|^n^|^as^|^kias^|^^|^489^|^^|^454^|^^|^455^|^456^|^12453^|^ac^|^457
10123132123^|^gsm1736606774^|^dev^|^cdev^|^3^|^mmc^|^^|^^|^n^|^as^|^kias^|^^|^490^|^^|^455^|^^|^456^|^457^|^12454^|^ac^|^458
10123132123^|^gsm1736606775^|^dev^|^cdev^|^3^|^mmc^|^^|^^|^n^|^as^|^cor^|^^|^491^|^^|^456^|^^|^457^|^458^|^12455^|^ac^|^459
10123132123^|^gsm1736606776^|^dev^|^cdev^|^3^|^mmc^|^^|^^|^n^|^as^|^cor^|^^|^492^|^^|^457^|^^|^458^|^459^|^12456^|^ac^|^460
10123132123^|^gsm1736606777^|^dev^|^cdev^|^3^|^mmc^|^^|^^|^n^|^as^|^cor^|^^|^493^|^^|^458^|^^|^459^|^460^|^12457^|^ac^|^461
10123132123^|^gsm1736606778^|^dev^|^cdev^|^3^|^mmc^|^^|^^|^n^|^as^|^kias^|^^|^494^|^^|^459^|^^|^460^|^461^|^12458^|^ac^|^462
10123132123^|^gsm1736606779^|^dev^|^cdev^|^3^|^mmc^|^^|^^|^n^|^as^|^cor^|^^|^495^|^^|^460^|^^|^461^|^462^|^12459^|^ac^|^463
10123132123^|^gsm1736606780^|^dev^|^cdev^|^3^|^mmc^|^^|^^|^n^|^as^|^kias^|^^|^496^|^^|^461^|^^|^462^|^463^|^12460^|^ac^|^464
10123132123^|^gsm1736606781^|^dev^|^cdev^|^3^|^mmc^|^^|^^|^n^|^as^|^cor^|^^|^497^|^^|^462^|^^|^463^|^464^|^12461^|^ac^|^465
10123132123^|^gsm1736606782^|^dev^|^cdev^|^3^|^mmc^|^^|^^|^n^|^as^|^cor^|^^|^498^|^^|^463^|^^|^464^|^465^|^12462^|^ac^|^466
10123132123^|^gsm1736606783^|^dev^|^cdev^|^3^|^mmc^|^^|^^|^n^|^as^|^kias^|^^|^499^|^^|^464^|^^|^465^|^466^|^12463^|^ac^|^467
10123132123^|^gsm1736606784^|^dev^|^cdev^|^3^|^mmc^|^^|^^|^n^|^as^|^cor^|^^|^500^|^^|^465^|^^|^466^|^467^|^12464^|^ac^|^468
10123132123^|^gsm1736606785^|^dev^|^cdev^|^3^|^mmc^|^^|^^|^n^|^as^|^cor^|^^|^501^|^^|^466^|^^|^467^|^468^|^12465^|^ac^|^469
10123132123^|^gsm1736606786^|^dev^|^cdev^|^3^|^mmc^|^^|^^|^n^|^as^|^cor^|^^|^502^|^^|^467^|^^|^468^|^469^|^12466^|^ac^|^470
10123132123^|^gsm1736606787^|^dev^|^cdev^|^3^|^mmc^|^^|^^|^n^|^as^|^cor^|^^|^503^|^^|^468^|^^|^469^|^470^|^12467^|^ac^|^471
10123132123^|^gsm1736606788^|^dev^|^cdev^|^3^|^mmc^|^^|^^|^n^|^as^|^cor^|^^|^504^|^^|^469^|^^|^470^|^471^|^12468^|^ac^|^472
10123132123^|^gsm1736606789^|^dev^|^cdev^|^3^|^mmc^|^^|^^|^n^|^as^|^kias^|^^|^505^|^^|^470^|^^|^471^|^472^|^12469^|^ac^|^473
10123132123^|^gsm1736606790^|^dev^|^cdev^|^3^|^mmc^|^^|^^|^n^|^as^|^kias^|^^|^506^|^^|^471^|^^|^472^|^473^|^12470^|^ac^|^474
10123132123^|^gsm1736606791^|^dev^|^cdev^|^3^|^mmc^|^^|^^|^n^|^as^|^kias^|^^|^507^|^^|^472^|^^|^473^|^474^|^12471^|^ac^|^475
10123132123^|^gsm1736606792^|^dev^|^cdev^|^3^|^mmc^|^^|^^|^n^|^as^|^cor^|^^|^508^|^^|^473^|^^|^474^|^475^|^12472^|^ac^|^476
10123132123^|^gsm1736606793^|^dev^|^cdev^|^3^|^mmc^|^^|^^|^n^|^as^|^kias^|^^|^509^|^^|^474^|^^|^475^|^476^|^12473^|^ac^|^477
10123132123^|^gsm1736606794^|^dev^|^cdev^|^3^|^mmc^|^^|^^|^n^|^as^|^kias^|^^|^510^|^^|^475^|^^|^476^|^477^|^12474^|^ac^|^478
10123132123^|^gsm1736606795^|^dev^|^cdev^|^3^|^mmc^|^^|^^|^n^|^as^|^kias^|^^|^511^|^^|^476^|^^|^477^|^478^|^12475^|^ac^|^479
10123132123^|^gsm1736606796^|^dev^|^cdev^|^3^|^mmc^|^^|^^|^n^|^as^|^kias^|^^|^512^|^^|^477^|^^|^478^|^479^|^12476^|^ac^|^480
10123132123^|^gsm1736606797^|^dev^|^cdev^|^3^|^mmc^|^^|^^|^n^|^as^|^cor^|^^|^513^|^^|^478^|^^|^479^|^480^|^12477^|^ac^|^481
10123132123^|^gsm1736606798^|^dev^|^cdev^|^3^|^mmc^|^^|^^|^n^|^as^|^kias^|^^|^514^|^^|^479^|^^|^480^|^481^|^12478^|^ac^|^482
10123132123^|^gsm1736606799^|^dev^|^cdev^|^3^|^mmc^|^^|^^|^n^|^as^|^kias^|^^|^515^|^^|^480^|^^|^481^|^482^|^12479^|^ac^|^483
10123132123^|^gsm1736606800^|^dev^|^cdev^|^3^|^mmc^|^^|^^|^n^|^as^|^kias^|^^|^516^|^^|^481^|^^|^482^|^483^|^12480^|^ac^|^484
10123132123^|^gsm1736606801^|^dev^|^cdev^|^3^|^mmc^|^^|^^|^n^|^as^|^kias^|^^|^517^|^^|^482^|^^|^483^|^484^|^12481^|^ac^|^485
10123132123^|^gsm1736606802^|^dev^|^cdev^|^3^|^mmc^|^^|^^|^n^|^as^|^kias^|^^|^518^|^^|^483^|^^|^484^|^485^|^12482^|^ac^|^486
10123132123^|^gsm1736606803^|^dev^|^cdev^|^3^|^mmc^|^^|^^|^n^|^as^|^kias^|^^|^519^|^^|^484^|^^|^485^|^486^|^12483^|^ac^|^487
10123132123^|^gsm1736606804^|^dev^|^cdev^|^3^|^mmc^|^^|^^|^n^|^as^|^cor^|^^|^520^|^^|^485^|^^|^486^|^487^|^12484^|^ac^|^488
10123132123^|^gsm1736606805^|^dev^|^cdev^|^3^|^mmc^|^^|^^|^n^|^as^|^kias^|^^|^521^|^^|^486^|^^|^487^|^488^|^12485^|^ac^|^489
10123132123^|^gsm1736606806^|^dev^|^cdev^|^3^|^mmc^|^^|^^|^n^|^as^|^cor^|^^|^522^|^^|^487^|^^|^488^|^489^|^12486^|^ac^|^490
10123132123^|^gsm1736606807^|^dev^|^cdev^|^3^|^mmc^|^^|^^|^n^|^as^|^cor^|^^|^523^|^^|^488^|^^|^489^|^490^|^12487^|^ac^|^491
10123132123^|^gsm1736606808^|^dev^|^cdev^|^3^|^mmc^|^^|^^|^n^|^as^|^kias^|^^|^524^|^^|^489^|^^|^490^|^491^|^12488^|^ac^|^492
10123132123^|^gsm1736606809^|^dev^|^cdev^|^3^|^mmc^|^^|^^|^n^|^as^|^cor^|^^|^525^|^^|^490^|^^|^491^|^492^|^12489^|^ac^|^493
10123132123^|^gsm1736606810^|^dev^|^cdev^|^3^|^mmc^|^^|^^|^n^|^as^|^kias^|^^|^526^|^^|^491^|^^|^492^|^493^|^12490^|^ac^|^494
10123132123^|^gsm1736606811^|^dev^|^cdev^|^3^|^mmc^|^^|^^|^n^|^as^|^kias^|^^|^527^|^^|^492^|^^|^493^|^494^|^12491^|^ac^|^495
10123132123^|^gsm1736606812^|^dev^|^cdev^|^3^|^mmc^|^^|^^|^n^|^as^|^kias^|^^|^528^|^^|^493^|^^|^494^|^495^|^12492^|^ac^|^496
10123132123^|^gsm1736606813^|^dev^|^cdev^|^3^|^mmc^|^^|^^|^n^|^as^|^kias^|^^|^529^|^^|^494^|^^|^495^|^496^|^12493^|^ac^|^497
10123132123^|^gsm1736606814^|^dev^|^cdev^|^3^|^mmc^|^^|^^|^n^|^as^|^kias^|^^|^530^|^^|^495^|^^|^496^|^497^|^12494^|^ac^|^498
10123132123^|^gsm1736606815^|^dev^|^cdev^|^3^|^mmc^|^^|^^|^n^|^as^|^kias^|^^|^531^|^^|^496^|^^|^497^|^498^|^12495^|^ac^|^499
10123132123^|^gsm1736606816^|^dev^|^cdev^|^3^|^mmc^|^^|^^|^n^|^as^|^kias^|^^|^532^|^^|^497^|^^|^498^|^499^|^12496^|^ac^|^500
10123132123^|^gsm1736606817^|^dev^|^cdev^|^3^|^mmc^|^^|^^|^n^|^as^|^cor^|^^|^533^|^^|^498^|^^|^499^|^500^|^12497^|^ac^|^501
10123132123^|^gsm1736606818^|^dev^|^cdev^|^3^|^mmc^|^^|^^|^n^|^as^|^cor^|^^|^534^|^^|^499^|^^|^500^|^501^|^12498^|^ac^|^502
10123132123^|^gsm1736606819^|^dev^|^cdev^|^3^|^mmc^|^^|^^|^n^|^as^|^cor^|^^|^535^|^^|^500^|^^|^501^|^502^|^12499^|^ac^|^503
10123132123^|^gsm1736606820^|^dev^|^cdev^|^3^|^mmc^|^^|^^|^n^|^as^|^kias^|^^|^536^|^^|^501^|^^|^502^|^503^|^12500^|^ac^|^504
10123132123^|^gsm1736606821^|^dev^|^cdev^|^3^|^mmc^|^^|^^|^n^|^as^|^cor^|^^|^537^|^^|^502^|^^|^503^|^504^|^12501^|^ac^|^505
10123132123^|^gsm1736606822^|^dev^|^cdev^|^3^|^mmc^|^^|^^|^n^|^as^|^kias^|^^|^538^|^^|^503^|^^|^504^|^505^|^12502^|^ac^|^506
10123132123^|^gsm1736606823^|^dev^|^cdev^|^3^|^mmc^|^^|^^|^n^|^as^|^cor^|^^|^539^|^^|^504^|^^|^505^|^506^|^12503^|^ac^|^507
10123132123^|^gsm1736606824^|^dev^|^cdev^|^3^|^mmc^|^^|^^|^n^|^as^|^kias^|^^|^540^|^^|^505^|^^|^506^|^507^|^12504^|^ac^|^508
10123132123^|^gsm1736606825^|^dev^|^cdev^|^3^|^mmc^|^^|^^|^n^|^as^|^cor^|^^|^541^|^^|^506^|^^|^507^|^508^|^12505^|^ac^|^509
10123132123^|^gsm1736606826^|^dev^|^cdev^|^3^|^mmc^|^^|^^|^n^|^as^|^kias^|^^|^542^|^^|^507^|^^|^508^|^509^|^12506^|^ac^|^510
10123132123^|^gsm1736606827^|^dev^|^cdev^|^3^|^mmc^|^^|^^|^n^|^as^|^kias^|^^|^543^|^^|^508^|^^|^509^|^510^|^12507^|^ac^|^511
10123132123^|^gsm1736606828^|^dev^|^cdev^|^3^|^mmc^|^^|^^|^n^|^as^|^kias^|^^|^544^|^^|^509^|^^|^510^|^511^|^12508^|^ac^|^512
10123132123^|^gsm1736606829^|^dev^|^cdev^|^3^|^mmc^|^^|^^|^n^|^as^|^kias^|^^|^545^|^^|^510^|^^|^511^|^512^|^12509^|^ac^|^513
10123132123^|^gsm1736606830^|^dev^|^cdev^|^3^|^mmc^|^^|^^|^n^|^as^|^kias^|^^|^546^|^^|^511^|^^|^512^|^513^|^12510^|^ac^|^514