name^|^value^|^source_system^|^scoring_id^|^customer_id^|^scoring_grp^|^subscr_id^|^household_id
churn_score^|^47^|^BDP^|^17^|^45189091^|^17^|^32837416^|^47
churn_score^|^48^|^BDP^|^18^|^45189092^|^18^|^32837417^|^48
churn_score^|^49^|^BDP^|^19^|^45189093^|^19^|^32837418^|^49
churn_score^|^50^|^BDP^|^20^|^45189094^|^20^|^32837419^|^50
churn_score^|^51^|^BDP^|^21^|^45189095^|^21^|^32837420^|^51
churn_score^|^52^|^BDP^|^22^|^45189096^|^22^|^32837421^|^52
churn_score^|^53^|^BDP^|^23^|^45189097^|^23^|^32837422^|^53
churn_score^|^54^|^BDP^|^24^|^45189098^|^24^|^32837423^|^54
churn_score^|^55^|^BDP^|^25^|^45189099^|^25^|^32837424^|^55
churn_score^|^56^|^BDP^|^26^|^45189100^|^26^|^32837425^|^56
churn_score^|^57^|^BDP^|^27^|^45189101^|^27^|^32837426^|^57
churn_score^|^58^|^BDP^|^28^|^45189102^|^28^|^32837427^|^58
churn_score^|^59^|^BDP^|^29^|^45189103^|^29^|^32837428^|^59
churn_score^|^60^|^BDP^|^30^|^45189104^|^30^|^32837429^|^60
churn_score^|^61^|^BDP^|^31^|^45189105^|^31^|^32837430^|^61
churn_score^|^62^|^BDP^|^32^|^45189106^|^32^|^32837431^|^62
churn_score^|^63^|^BDP^|^33^|^45189107^|^33^|^32837432^|^63
churn_score^|^64^|^BDP^|^34^|^45189108^|^34^|^32837433^|^64
churn_score^|^65^|^BDP^|^35^|^45189109^|^35^|^32837434^|^65
churn_score^|^66^|^BDP^|^36^|^45189110^|^36^|^32837435^|^66
churn_score^|^67^|^BDP^|^37^|^45189111^|^37^|^32837436^|^67
churn_score^|^68^|^BDP^|^38^|^45189112^|^38^|^32837437^|^68
churn_score^|^69^|^BDP^|^39^|^45189113^|^39^|^32837438^|^69
churn_score^|^70^|^BDP^|^40^|^45189114^|^40^|^32837439^|^70
churn_score^|^71^|^BDP^|^41^|^45189115^|^41^|^32837440^|^71
churn_score^|^72^|^BDP^|^42^|^45189116^|^42^|^32837441^|^72
churn_score^|^73^|^BDP^|^43^|^45189117^|^43^|^32837442^|^73
churn_score^|^74^|^BDP^|^44^|^45189118^|^44^|^32837443^|^74
churn_score^|^75^|^BDP^|^45^|^45189119^|^45^|^32837444^|^75
churn_score^|^76^|^BDP^|^46^|^45189120^|^46^|^32837445^|^76
churn_score^|^77^|^BDP^|^47^|^45189121^|^47^|^32837446^|^77
churn_score^|^78^|^BDP^|^48^|^45189122^|^48^|^32837447^|^78
churn_score^|^79^|^BDP^|^49^|^45189123^|^49^|^32837448^|^79
churn_score^|^80^|^BDP^|^50^|^45189124^|^50^|^32837449^|^80
churn_score^|^81^|^BDP^|^51^|^45189125^|^51^|^32837450^|^81
churn_score^|^82^|^BDP^|^52^|^45189126^|^52^|^32837451^|^82
churn_score^|^83^|^BDP^|^53^|^45189127^|^53^|^32837452^|^83
churn_score^|^84^|^BDP^|^54^|^45189128^|^54^|^32837453^|^84
churn_score^|^85^|^BDP^|^55^|^45189129^|^55^|^32837454^|^85
churn_score^|^86^|^BDP^|^56^|^45189130^|^56^|^32837455^|^86
churn_score^|^87^|^BDP^|^57^|^45189131^|^57^|^32837456^|^87
churn_score^|^88^|^BDP^|^58^|^45189132^|^58^|^32837457^|^88
churn_score^|^89^|^BDP^|^59^|^45189133^|^59^|^32837458^|^89
churn_score^|^90^|^BDP^|^60^|^45189134^|^60^|^32837459^|^90
churn_score^|^91^|^BDP^|^61^|^45189135^|^61^|^32837460^|^91
churn_score^|^92^|^BDP^|^62^|^45189136^|^62^|^32837461^|^92
churn_score^|^93^|^BDP^|^63^|^45189137^|^63^|^32837462^|^93
churn_score^|^94^|^BDP^|^64^|^45189138^|^64^|^32837463^|^94
churn_score^|^95^|^BDP^|^65^|^45189139^|^65^|^32837464^|^95
churn_score^|^96^|^BDP^|^66^|^45189140^|^66^|^32837465^|^96
churn_score^|^97^|^BDP^|^67^|^45189141^|^67^|^32837466^|^97
churn_score^|^98^|^BDP^|^68^|^45189142^|^68^|^32837467^|^98
churn_score^|^99^|^BDP^|^69^|^45189143^|^69^|^32837468^|^99
churn_score^|^100^|^BDP^|^70^|^45189144^|^70^|^32837469^|^100
churn_score^|^101^|^BDP^|^71^|^45189145^|^71^|^32837470^|^101
churn_score^|^102^|^BDP^|^72^|^45189146^|^72^|^32837471^|^102
churn_score^|^103^|^BDP^|^73^|^45189147^|^73^|^32837472^|^103
churn_score^|^104^|^BDP^|^74^|^45189148^|^74^|^32837473^|^104
churn_score^|^105^|^BDP^|^75^|^45189149^|^75^|^32837474^|^105
churn_score^|^106^|^BDP^|^76^|^45189150^|^76^|^32837475^|^106
churn_score^|^107^|^BDP^|^77^|^45189151^|^77^|^32837476^|^107
churn_score^|^108^|^BDP^|^78^|^45189152^|^78^|^32837477^|^108
churn_score^|^109^|^BDP^|^79^|^45189153^|^79^|^32837478^|^109
churn_score^|^110^|^BDP^|^80^|^45189154^|^80^|^32837479^|^110
churn_score^|^111^|^BDP^|^81^|^45189155^|^81^|^32837480^|^111
churn_score^|^112^|^BDP^|^82^|^45189156^|^82^|^32837481^|^112
churn_score^|^113^|^BDP^|^83^|^45189157^|^83^|^32837482^|^113
churn_score^|^114^|^BDP^|^84^|^45189158^|^84^|^32837483^|^114
churn_score^|^115^|^BDP^|^85^|^45189159^|^85^|^32837484^|^115
churn_score^|^116^|^BDP^|^86^|^45189160^|^86^|^32837485^|^116
churn_score^|^117^|^BDP^|^87^|^45189161^|^87^|^32837486^|^117
churn_score^|^118^|^BDP^|^88^|^45189162^|^88^|^32837487^|^118
churn_score^|^119^|^BDP^|^89^|^45189163^|^89^|^32837488^|^119
churn_score^|^120^|^BDP^|^90^|^45189164^|^90^|^32837489^|^120
churn_score^|^121^|^BDP^|^91^|^45189165^|^91^|^32837490^|^121
churn_score^|^122^|^BDP^|^92^|^45189166^|^92^|^32837491^|^122
churn_score^|^123^|^BDP^|^93^|^45189167^|^93^|^32837492^|^123
churn_score^|^124^|^BDP^|^94^|^45189168^|^94^|^32837493^|^124
churn_score^|^125^|^BDP^|^95^|^45189169^|^95^|^32837494^|^125
churn_score^|^126^|^BDP^|^96^|^45189170^|^96^|^32837495^|^126
churn_score^|^127^|^BDP^|^97^|^45189171^|^97^|^32837496^|^127
churn_score^|^128^|^BDP^|^98^|^45189172^|^98^|^32837497^|^128
churn_score^|^129^|^BDP^|^99^|^45189173^|^99^|^32837498^|^129
churn_score^|^130^|^BDP^|^100^|^45189174^|^100^|^32837499^|^130
churn_score^|^131^|^BDP^|^101^|^45189175^|^101^|^32837500^|^131
churn_score^|^132^|^BDP^|^102^|^45189176^|^102^|^32837501^|^132
churn_score^|^133^|^BDP^|^103^|^45189177^|^103^|^32837502^|^133
churn_score^|^134^|^BDP^|^104^|^45189178^|^104^|^32837503^|^134
churn_score^|^135^|^BDP^|^105^|^45189179^|^105^|^32837504^|^135
churn_score^|^136^|^BDP^|^106^|^45189180^|^106^|^32837505^|^136
churn_score^|^137^|^BDP^|^107^|^45189181^|^107^|^32837506^|^137
churn_score^|^138^|^BDP^|^108^|^45189182^|^108^|^32837507^|^138
churn_score^|^139^|^BDP^|^109^|^45189183^|^109^|^32837508^|^139
churn_score^|^140^|^BDP^|^110^|^45189184^|^110^|^32837509^|^140
churn_score^|^141^|^BDP^|^111^|^45189185^|^111^|^32837510^|^141
churn_score^|^142^|^BDP^|^112^|^45189186^|^112^|^32837511^|^142
churn_score^|^143^|^BDP^|^113^|^45189187^|^113^|^32837512^|^143
churn_score^|^144^|^BDP^|^114^|^45189188^|^114^|^32837513^|^144
churn_score^|^145^|^BDP^|^115^|^45189189^|^115^|^32837514^|^145
churn_score^|^146^|^BDP^|^116^|^45189190^|^116^|^32837515^|^146
churn_score^|^147^|^BDP^|^117^|^45189191^|^117^|^32837516^|^147
churn_score^|^148^|^BDP^|^118^|^45189192^|^118^|^32837517^|^148
churn_score^|^149^|^BDP^|^119^|^45189193^|^119^|^32837518^|^149
churn_score^|^150^|^BDP^|^120^|^45189194^|^120^|^32837519^|^150
churn_score^|^151^|^BDP^|^121^|^45189195^|^121^|^32837520^|^151
churn_score^|^152^|^BDP^|^122^|^45189196^|^122^|^32837521^|^152
churn_score^|^153^|^BDP^|^123^|^45189197^|^123^|^32837522^|^153
churn_score^|^154^|^BDP^|^124^|^45189198^|^124^|^32837523^|^154
churn_score^|^155^|^BDP^|^125^|^45189199^|^125^|^32837524^|^155
churn_score^|^156^|^BDP^|^126^|^45189200^|^126^|^32837525^|^156
churn_score^|^157^|^BDP^|^127^|^45189201^|^127^|^32837526^|^157
churn_score^|^158^|^BDP^|^128^|^45189202^|^128^|^32837527^|^158
churn_score^|^159^|^BDP^|^129^|^45189203^|^129^|^32837528^|^159
churn_score^|^160^|^BDP^|^130^|^45189204^|^130^|^32837529^|^160
churn_score^|^161^|^BDP^|^131^|^45189205^|^131^|^32837530^|^161
churn_score^|^162^|^BDP^|^132^|^45189206^|^132^|^32837531^|^162
churn_score^|^163^|^BDP^|^133^|^45189207^|^133^|^32837532^|^163
churn_score^|^164^|^BDP^|^134^|^45189208^|^134^|^32837533^|^164
churn_score^|^165^|^BDP^|^135^|^45189209^|^135^|^32837534^|^165
churn_score^|^166^|^BDP^|^136^|^45189210^|^136^|^32837535^|^166
churn_score^|^167^|^BDP^|^137^|^45189211^|^137^|^32837536^|^167
churn_score^|^168^|^BDP^|^138^|^45189212^|^138^|^32837537^|^168
churn_score^|^169^|^BDP^|^139^|^45189213^|^139^|^32837538^|^169
churn_score^|^170^|^BDP^|^140^|^45189214^|^140^|^32837539^|^170
churn_score^|^171^|^BDP^|^141^|^45189215^|^141^|^32837540^|^171
churn_score^|^172^|^BDP^|^142^|^45189216^|^142^|^32837541^|^172
churn_score^|^173^|^BDP^|^143^|^45189217^|^143^|^32837542^|^173
churn_score^|^174^|^BDP^|^144^|^45189218^|^144^|^32837543^|^174
churn_score^|^175^|^BDP^|^145^|^45189219^|^145^|^32837544^|^175
churn_score^|^176^|^BDP^|^146^|^45189220^|^146^|^32837545^|^176
churn_score^|^177^|^BDP^|^147^|^45189221^|^147^|^32837546^|^177
churn_score^|^178^|^BDP^|^148^|^45189222^|^148^|^32837547^|^178
churn_score^|^179^|^BDP^|^149^|^45189223^|^149^|^32837548^|^179
churn_score^|^180^|^BDP^|^150^|^45189224^|^150^|^32837549^|^180
churn_score^|^181^|^BDP^|^151^|^45189225^|^151^|^32837550^|^181
churn_score^|^182^|^BDP^|^152^|^45189226^|^152^|^32837551^|^182
churn_score^|^183^|^BDP^|^153^|^45189227^|^153^|^32837552^|^183
churn_score^|^184^|^BDP^|^154^|^45189228^|^154^|^32837553^|^184
churn_score^|^185^|^BDP^|^155^|^45189229^|^155^|^32837554^|^185
churn_score^|^186^|^BDP^|^156^|^45189230^|^156^|^32837555^|^186
churn_score^|^187^|^BDP^|^157^|^45189231^|^157^|^32837556^|^187
churn_score^|^188^|^BDP^|^158^|^45189232^|^158^|^32837557^|^188
churn_score^|^189^|^BDP^|^159^|^45189233^|^159^|^32837558^|^189
churn_score^|^190^|^BDP^|^160^|^45189234^|^160^|^32837559^|^190
churn_score^|^191^|^BDP^|^161^|^45189235^|^161^|^32837560^|^191
churn_score^|^192^|^BDP^|^162^|^45189236^|^162^|^32837561^|^192
churn_score^|^193^|^BDP^|^163^|^45189237^|^163^|^32837562^|^193
churn_score^|^194^|^BDP^|^164^|^45189238^|^164^|^32837563^|^194
churn_score^|^195^|^BDP^|^165^|^45189239^|^165^|^32837564^|^195
churn_score^|^196^|^BDP^|^166^|^45189240^|^166^|^32837565^|^196
churn_score^|^197^|^BDP^|^167^|^45189241^|^167^|^32837566^|^197
churn_score^|^198^|^BDP^|^168^|^45189242^|^168^|^32837567^|^198
churn_score^|^199^|^BDP^|^169^|^45189243^|^169^|^32837568^|^199
churn_score^|^200^|^BDP^|^170^|^45189244^|^170^|^32837569^|^200
churn_score^|^201^|^BDP^|^171^|^45189245^|^171^|^32837570^|^201
churn_score^|^202^|^BDP^|^172^|^45189246^|^172^|^32837571^|^202
churn_score^|^203^|^BDP^|^173^|^45189247^|^173^|^32837572^|^203
churn_score^|^204^|^BDP^|^174^|^45189248^|^174^|^32837573^|^204
churn_score^|^205^|^BDP^|^175^|^45189249^|^175^|^32837574^|^205
churn_score^|^206^|^BDP^|^176^|^45189250^|^176^|^32837575^|^206
churn_score^|^207^|^BDP^|^177^|^45189251^|^177^|^32837576^|^207
churn_score^|^208^|^BDP^|^178^|^45189252^|^178^|^32837577^|^208
churn_score^|^209^|^BDP^|^179^|^45189253^|^179^|^32837578^|^209
churn_score^|^210^|^BDP^|^180^|^45189254^|^180^|^32837579^|^210
churn_score^|^211^|^BDP^|^181^|^45189255^|^181^|^32837580^|^211
churn_score^|^212^|^BDP^|^182^|^45189256^|^182^|^32837581^|^212
churn_score^|^213^|^BDP^|^183^|^45189257^|^183^|^32837582^|^213
churn_score^|^214^|^BDP^|^184^|^45189258^|^184^|^32837583^|^214
churn_score^|^215^|^BDP^|^185^|^45189259^|^185^|^32837584^|^215
churn_score^|^216^|^BDP^|^186^|^45189260^|^186^|^32837585^|^216
churn_score^|^217^|^BDP^|^187^|^45189261^|^187^|^32837586^|^217
churn_score^|^218^|^BDP^|^188^|^45189262^|^188^|^32837587^|^218
churn_score^|^219^|^BDP^|^189^|^45189263^|^189^|^32837588^|^219
churn_score^|^220^|^BDP^|^190^|^45189264^|^190^|^32837589^|^220
churn_score^|^221^|^BDP^|^191^|^45189265^|^191^|^32837590^|^221
churn_score^|^222^|^BDP^|^192^|^45189266^|^192^|^32837591^|^222
churn_score^|^223^|^BDP^|^193^|^45189267^|^193^|^32837592^|^223
churn_score^|^224^|^BDP^|^194^|^45189268^|^194^|^32837593^|^224
churn_score^|^225^|^BDP^|^195^|^45189269^|^195^|^32837594^|^225
churn_score^|^226^|^BDP^|^196^|^45189270^|^196^|^32837595^|^226
churn_score^|^227^|^BDP^|^197^|^45189271^|^197^|^32837596^|^227
churn_score^|^228^|^BDP^|^198^|^45189272^|^198^|^32837597^|^228
churn_score^|^229^|^BDP^|^199^|^45189273^|^199^|^32837598^|^229
churn_score^|^230^|^BDP^|^200^|^45189274^|^200^|^32837599^|^230
churn_score^|^231^|^BDP^|^201^|^45189275^|^201^|^32837600^|^231
churn_score^|^232^|^BDP^|^202^|^45189276^|^202^|^32837601^|^232
churn_score^|^233^|^BDP^|^203^|^45189277^|^203^|^32837602^|^233
churn_score^|^234^|^BDP^|^204^|^45189278^|^204^|^32837603^|^234
churn_score^|^235^|^BDP^|^205^|^45189279^|^205^|^32837604^|^235
churn_score^|^236^|^BDP^|^206^|^45189280^|^206^|^32837605^|^236
churn_score^|^237^|^BDP^|^207^|^45189281^|^207^|^32837606^|^237
churn_score^|^238^|^BDP^|^208^|^45189282^|^208^|^32837607^|^238
churn_score^|^239^|^BDP^|^209^|^45189283^|^209^|^32837608^|^239
churn_score^|^240^|^BDP^|^210^|^45189284^|^210^|^32837609^|^240
churn_score^|^241^|^BDP^|^211^|^45189285^|^211^|^32837610^|^241
churn_score^|^242^|^BDP^|^212^|^45189286^|^212^|^32837611^|^242
churn_score^|^243^|^BDP^|^213^|^45189287^|^213^|^32837612^|^243
churn_score^|^244^|^BDP^|^214^|^45189288^|^214^|^32837613^|^244
churn_score^|^245^|^BDP^|^215^|^45189289^|^215^|^32837614^|^245
churn_score^|^246^|^BDP^|^216^|^45189290^|^216^|^32837615^|^246
churn_score^|^247^|^BDP^|^217^|^45189291^|^217^|^32837616^|^247
churn_score^|^248^|^BDP^|^218^|^45189292^|^218^|^32837617^|^248
churn_score^|^249^|^BDP^|^219^|^45189293^|^219^|^32837618^|^249
churn_score^|^250^|^BDP^|^220^|^45189294^|^220^|^32837619^|^250
churn_score^|^251^|^BDP^|^221^|^45189295^|^221^|^32837620^|^251
churn_score^|^252^|^BDP^|^222^|^45189296^|^222^|^32837621^|^252
churn_score^|^253^|^BDP^|^223^|^45189297^|^223^|^32837622^|^253
churn_score^|^254^|^BDP^|^224^|^45189298^|^224^|^32837623^|^254
churn_score^|^255^|^BDP^|^225^|^45189299^|^225^|^32837624^|^255
churn_score^|^256^|^BDP^|^226^|^45189300^|^226^|^32837625^|^256
churn_score^|^257^|^BDP^|^227^|^45189301^|^227^|^32837626^|^257
churn_score^|^258^|^BDP^|^228^|^45189302^|^228^|^32837627^|^258
churn_score^|^259^|^BDP^|^229^|^45189303^|^229^|^32837628^|^259
churn_score^|^260^|^BDP^|^230^|^45189304^|^230^|^32837629^|^260
churn_score^|^261^|^BDP^|^231^|^45189305^|^231^|^32837630^|^261
churn_score^|^262^|^BDP^|^232^|^45189306^|^232^|^32837631^|^262
churn_score^|^263^|^BDP^|^233^|^45189307^|^233^|^32837632^|^263
churn_score^|^264^|^BDP^|^234^|^45189308^|^234^|^32837633^|^264
churn_score^|^265^|^BDP^|^235^|^45189309^|^235^|^32837634^|^265
churn_score^|^266^|^BDP^|^236^|^45189310^|^236^|^32837635^|^266
churn_score^|^267^|^BDP^|^237^|^45189311^|^237^|^32837636^|^267
churn_score^|^268^|^BDP^|^238^|^45189312^|^238^|^32837637^|^268
churn_score^|^269^|^BDP^|^239^|^45189313^|^239^|^32837638^|^269
churn_score^|^270^|^BDP^|^240^|^45189314^|^240^|^32837639^|^270
churn_score^|^271^|^BDP^|^241^|^45189315^|^241^|^32837640^|^271
churn_score^|^272^|^BDP^|^242^|^45189316^|^242^|^32837641^|^272
churn_score^|^273^|^BDP^|^243^|^45189317^|^243^|^32837642^|^273
churn_score^|^274^|^BDP^|^244^|^45189318^|^244^|^32837643^|^274
churn_score^|^275^|^BDP^|^245^|^45189319^|^245^|^32837644^|^275
churn_score^|^276^|^BDP^|^246^|^45189320^|^246^|^32837645^|^276
churn_score^|^277^|^BDP^|^247^|^45189321^|^247^|^32837646^|^277
churn_score^|^278^|^BDP^|^248^|^45189322^|^248^|^32837647^|^278
churn_score^|^279^|^BDP^|^249^|^45189323^|^249^|^32837648^|^279
churn_score^|^280^|^BDP^|^250^|^45189324^|^250^|^32837649^|^280
churn_score^|^281^|^BDP^|^251^|^45189325^|^251^|^32837650^|^281
churn_score^|^282^|^BDP^|^252^|^45189326^|^252^|^32837651^|^282
churn_score^|^283^|^BDP^|^253^|^45189327^|^253^|^32837652^|^283
churn_score^|^284^|^BDP^|^254^|^45189328^|^254^|^32837653^|^284
churn_score^|^285^|^BDP^|^255^|^45189329^|^255^|^32837654^|^285
churn_score^|^286^|^BDP^|^256^|^45189330^|^256^|^32837655^|^286
churn_score^|^287^|^BDP^|^257^|^45189331^|^257^|^32837656^|^287
churn_score^|^288^|^BDP^|^258^|^45189332^|^258^|^32837657^|^288
churn_score^|^289^|^BDP^|^259^|^45189333^|^259^|^32837658^|^289
churn_score^|^290^|^BDP^|^260^|^45189334^|^260^|^32837659^|^290
churn_score^|^291^|^BDP^|^261^|^45189335^|^261^|^32837660^|^291
churn_score^|^292^|^BDP^|^262^|^45189336^|^262^|^32837661^|^292
churn_score^|^293^|^BDP^|^263^|^45189337^|^263^|^32837662^|^293
churn_score^|^294^|^BDP^|^264^|^45189338^|^264^|^32837663^|^294
churn_score^|^295^|^BDP^|^265^|^45189339^|^265^|^32837664^|^295
churn_score^|^296^|^BDP^|^266^|^45189340^|^266^|^32837665^|^296
churn_score^|^297^|^BDP^|^267^|^45189341^|^267^|^32837666^|^297
churn_score^|^298^|^BDP^|^268^|^45189342^|^268^|^32837667^|^298
churn_score^|^299^|^BDP^|^269^|^45189343^|^269^|^32837668^|^299
churn_score^|^300^|^BDP^|^270^|^45189344^|^270^|^32837669^|^300
churn_score^|^301^|^BDP^|^271^|^45189345^|^271^|^32837670^|^301
churn_score^|^302^|^BDP^|^272^|^45189346^|^272^|^32837671^|^302
churn_score^|^303^|^BDP^|^273^|^45189347^|^273^|^32837672^|^303
churn_score^|^304^|^BDP^|^274^|^45189348^|^274^|^32837673^|^304
churn_score^|^305^|^BDP^|^275^|^45189349^|^275^|^32837674^|^305
churn_score^|^306^|^BDP^|^276^|^45189350^|^276^|^32837675^|^306
churn_score^|^307^|^BDP^|^277^|^45189351^|^277^|^32837676^|^307
churn_score^|^308^|^BDP^|^278^|^45189352^|^278^|^32837677^|^308
churn_score^|^309^|^BDP^|^279^|^45189353^|^279^|^32837678^|^309
churn_score^|^310^|^BDP^|^280^|^45189354^|^280^|^32837679^|^310
churn_score^|^311^|^BDP^|^281^|^45189355^|^281^|^32837680^|^311
churn_score^|^312^|^BDP^|^282^|^45189356^|^282^|^32837681^|^312
churn_score^|^313^|^BDP^|^283^|^45189357^|^283^|^32837682^|^313
churn_score^|^314^|^BDP^|^284^|^45189358^|^284^|^32837683^|^314
churn_score^|^315^|^BDP^|^285^|^45189359^|^285^|^32837684^|^315
churn_score^|^316^|^BDP^|^286^|^45189360^|^286^|^32837685^|^316
churn_score^|^317^|^BDP^|^287^|^45189361^|^287^|^32837686^|^317
churn_score^|^318^|^BDP^|^288^|^45189362^|^288^|^32837687^|^318
churn_score^|^319^|^BDP^|^289^|^45189363^|^289^|^32837688^|^319
churn_score^|^320^|^BDP^|^290^|^45189364^|^290^|^32837689^|^320
churn_score^|^321^|^BDP^|^291^|^45189365^|^291^|^32837690^|^321
churn_score^|^322^|^BDP^|^292^|^45189366^|^292^|^32837691^|^322
churn_score^|^323^|^BDP^|^293^|^45189367^|^293^|^32837692^|^323
churn_score^|^324^|^BDP^|^294^|^45189368^|^294^|^32837693^|^324
churn_score^|^325^|^BDP^|^295^|^45189369^|^295^|^32837694^|^325
churn_score^|^326^|^BDP^|^296^|^45189370^|^296^|^32837695^|^326
churn_score^|^327^|^BDP^|^297^|^45189371^|^297^|^32837696^|^327
churn_score^|^328^|^BDP^|^298^|^45189372^|^298^|^32837697^|^328
churn_score^|^329^|^BDP^|^299^|^45189373^|^299^|^32837698^|^329
churn_score^|^330^|^BDP^|^300^|^45189374^|^300^|^32837699^|^330
churn_score^|^331^|^BDP^|^301^|^45189375^|^301^|^32837700^|^331
churn_score^|^332^|^BDP^|^302^|^45189376^|^302^|^32837701^|^332
churn_score^|^333^|^BDP^|^303^|^45189377^|^303^|^32837702^|^333
churn_score^|^334^|^BDP^|^304^|^45189378^|^304^|^32837703^|^334
churn_score^|^335^|^BDP^|^305^|^45189379^|^305^|^32837704^|^335
churn_score^|^336^|^BDP^|^306^|^45189380^|^306^|^32837705^|^336
churn_score^|^337^|^BDP^|^307^|^45189381^|^307^|^32837706^|^337
churn_score^|^338^|^BDP^|^308^|^45189382^|^308^|^32837707^|^338
churn_score^|^339^|^BDP^|^309^|^45189383^|^309^|^32837708^|^339
churn_score^|^340^|^BDP^|^310^|^45189384^|^310^|^32837709^|^340
churn_score^|^341^|^BDP^|^311^|^45189385^|^311^|^32837710^|^341
churn_score^|^342^|^BDP^|^312^|^45189386^|^312^|^32837711^|^342
churn_score^|^343^|^BDP^|^313^|^45189387^|^313^|^32837712^|^343
churn_score^|^344^|^BDP^|^314^|^45189388^|^314^|^32837713^|^344
churn_score^|^345^|^BDP^|^315^|^45189389^|^315^|^32837714^|^345
churn_score^|^346^|^BDP^|^316^|^45189390^|^316^|^32837715^|^346
churn_score^|^347^|^BDP^|^317^|^45189391^|^317^|^32837716^|^347
churn_score^|^348^|^BDP^|^318^|^45189392^|^318^|^32837717^|^348
churn_score^|^349^|^BDP^|^319^|^45189393^|^319^|^32837718^|^349
churn_score^|^350^|^BDP^|^320^|^45189394^|^320^|^32837719^|^350
churn_score^|^351^|^BDP^|^321^|^45189395^|^321^|^32837720^|^351
churn_score^|^352^|^BDP^|^322^|^45189396^|^322^|^32837721^|^352
churn_score^|^353^|^BDP^|^323^|^45189397^|^323^|^32837722^|^353
churn_score^|^354^|^BDP^|^324^|^45189398^|^324^|^32837723^|^354
churn_score^|^355^|^BDP^|^325^|^45189399^|^325^|^32837724^|^355
churn_score^|^356^|^BDP^|^326^|^45189400^|^326^|^32837725^|^356
churn_score^|^357^|^BDP^|^327^|^45189401^|^327^|^32837726^|^357
churn_score^|^358^|^BDP^|^328^|^45189402^|^328^|^32837727^|^358
churn_score^|^359^|^BDP^|^329^|^45189403^|^329^|^32837728^|^359
churn_score^|^360^|^BDP^|^330^|^45189404^|^330^|^32837729^|^360
churn_score^|^361^|^BDP^|^331^|^45189405^|^331^|^32837730^|^361
churn_score^|^362^|^BDP^|^332^|^45189406^|^332^|^32837731^|^362
churn_score^|^363^|^BDP^|^333^|^45189407^|^333^|^32837732^|^363
churn_score^|^364^|^BDP^|^334^|^45189408^|^334^|^32837733^|^364
churn_score^|^365^|^BDP^|^335^|^45189409^|^335^|^32837734^|^365
churn_score^|^366^|^BDP^|^336^|^45189410^|^336^|^32837735^|^366
churn_score^|^367^|^BDP^|^337^|^45189411^|^337^|^32837736^|^367
churn_score^|^368^|^BDP^|^338^|^45189412^|^338^|^32837737^|^368
churn_score^|^369^|^BDP^|^339^|^45189413^|^339^|^32837738^|^369
churn_score^|^370^|^BDP^|^340^|^45189414^|^340^|^32837739^|^370
churn_score^|^371^|^BDP^|^341^|^45189415^|^341^|^32837740^|^371
churn_score^|^372^|^BDP^|^342^|^45189416^|^342^|^32837741^|^372
churn_score^|^373^|^BDP^|^343^|^45189417^|^343^|^32837742^|^373
churn_score^|^374^|^BDP^|^344^|^45189418^|^344^|^32837743^|^374
churn_score^|^375^|^BDP^|^345^|^45189419^|^345^|^32837744^|^375
churn_score^|^376^|^BDP^|^346^|^45189420^|^346^|^32837745^|^376
churn_score^|^377^|^BDP^|^347^|^45189421^|^347^|^32837746^|^377
churn_score^|^378^|^BDP^|^348^|^45189422^|^348^|^32837747^|^378
churn_score^|^379^|^BDP^|^349^|^45189423^|^349^|^32837748^|^379
churn_score^|^380^|^BDP^|^350^|^45189424^|^350^|^32837749^|^380
churn_score^|^381^|^BDP^|^351^|^45189425^|^351^|^32837750^|^381
churn_score^|^382^|^BDP^|^352^|^45189426^|^352^|^32837751^|^382
churn_score^|^383^|^BDP^|^353^|^45189427^|^353^|^32837752^|^383
churn_score^|^384^|^BDP^|^354^|^45189428^|^354^|^32837753^|^384
churn_score^|^385^|^BDP^|^355^|^45189429^|^355^|^32837754^|^385
churn_score^|^386^|^BDP^|^356^|^45189430^|^356^|^32837755^|^386
churn_score^|^387^|^BDP^|^357^|^45189431^|^357^|^32837756^|^387
churn_score^|^388^|^BDP^|^358^|^45189432^|^358^|^32837757^|^388
churn_score^|^389^|^BDP^|^359^|^45189433^|^359^|^32837758^|^389
churn_score^|^390^|^BDP^|^360^|^45189434^|^360^|^32837759^|^390
churn_score^|^391^|^BDP^|^361^|^45189435^|^361^|^32837760^|^391
churn_score^|^392^|^BDP^|^362^|^45189436^|^362^|^32837761^|^392
churn_score^|^393^|^BDP^|^363^|^45189437^|^363^|^32837762^|^393
churn_score^|^394^|^BDP^|^364^|^45189438^|^364^|^32837763^|^394
churn_score^|^395^|^BDP^|^365^|^45189439^|^365^|^32837764^|^395
churn_score^|^396^|^BDP^|^366^|^45189440^|^366^|^32837765^|^396
churn_score^|^397^|^BDP^|^367^|^45189441^|^367^|^32837766^|^397
churn_score^|^398^|^BDP^|^368^|^45189442^|^368^|^32837767^|^398
churn_score^|^399^|^BDP^|^369^|^45189443^|^369^|^32837768^|^399
churn_score^|^400^|^BDP^|^370^|^45189444^|^370^|^32837769^|^400
churn_score^|^401^|^BDP^|^371^|^45189445^|^371^|^32837770^|^401
churn_score^|^402^|^BDP^|^372^|^45189446^|^372^|^32837771^|^402
churn_score^|^403^|^BDP^|^373^|^45189447^|^373^|^32837772^|^403
churn_score^|^404^|^BDP^|^374^|^45189448^|^374^|^32837773^|^404
churn_score^|^405^|^BDP^|^375^|^45189449^|^375^|^32837774^|^405
churn_score^|^406^|^BDP^|^376^|^45189450^|^376^|^32837775^|^406
churn_score^|^407^|^BDP^|^377^|^45189451^|^377^|^32837776^|^407
churn_score^|^408^|^BDP^|^378^|^45189452^|^378^|^32837777^|^408
churn_score^|^409^|^BDP^|^379^|^45189453^|^379^|^32837778^|^409
churn_score^|^410^|^BDP^|^380^|^45189454^|^380^|^32837779^|^410
churn_score^|^411^|^BDP^|^381^|^45189455^|^381^|^32837780^|^411
churn_score^|^412^|^BDP^|^382^|^45189456^|^382^|^32837781^|^412
churn_score^|^413^|^BDP^|^383^|^45189457^|^383^|^32837782^|^413
churn_score^|^414^|^BDP^|^384^|^45189458^|^384^|^32837783^|^414
churn_score^|^415^|^BDP^|^385^|^45189459^|^385^|^32837784^|^415
churn_score^|^416^|^BDP^|^386^|^45189460^|^386^|^32837785^|^416
churn_score^|^417^|^BDP^|^387^|^45189461^|^387^|^32837786^|^417
churn_score^|^418^|^BDP^|^388^|^45189462^|^388^|^32837787^|^418
churn_score^|^419^|^BDP^|^389^|^45189463^|^389^|^32837788^|^419
churn_score^|^420^|^BDP^|^390^|^45189464^|^390^|^32837789^|^420
churn_score^|^421^|^BDP^|^391^|^45189465^|^391^|^32837790^|^421
churn_score^|^422^|^BDP^|^392^|^45189466^|^392^|^32837791^|^422
churn_score^|^423^|^BDP^|^393^|^45189467^|^393^|^32837792^|^423
churn_score^|^424^|^BDP^|^394^|^45189468^|^394^|^32837793^|^424
churn_score^|^425^|^BDP^|^395^|^45189469^|^395^|^32837794^|^425
churn_score^|^426^|^BDP^|^396^|^45189470^|^396^|^32837795^|^426
churn_score^|^427^|^BDP^|^397^|^45189471^|^397^|^32837796^|^427
churn_score^|^428^|^BDP^|^398^|^45189472^|^398^|^32837797^|^428
churn_score^|^429^|^BDP^|^399^|^45189473^|^399^|^32837798^|^429
churn_score^|^430^|^BDP^|^400^|^45189474^|^400^|^32837799^|^430
churn_score^|^431^|^BDP^|^401^|^45189475^|^401^|^32837800^|^431
churn_score^|^432^|^BDP^|^402^|^45189476^|^402^|^32837801^|^432
churn_score^|^433^|^BDP^|^403^|^45189477^|^403^|^32837802^|^433
churn_score^|^434^|^BDP^|^404^|^45189478^|^404^|^32837803^|^434
churn_score^|^435^|^BDP^|^405^|^45189479^|^405^|^32837804^|^435
churn_score^|^436^|^BDP^|^406^|^45189480^|^406^|^32837805^|^436
churn_score^|^437^|^BDP^|^407^|^45189481^|^407^|^32837806^|^437
churn_score^|^438^|^BDP^|^408^|^45189482^|^408^|^32837807^|^438
churn_score^|^439^|^BDP^|^409^|^45189483^|^409^|^32837808^|^439
churn_score^|^440^|^BDP^|^410^|^45189484^|^410^|^32837809^|^440
churn_score^|^441^|^BDP^|^411^|^45189485^|^411^|^32837810^|^441
churn_score^|^442^|^BDP^|^412^|^45189486^|^412^|^32837811^|^442
churn_score^|^443^|^BDP^|^413^|^45189487^|^413^|^32837812^|^443
churn_score^|^444^|^BDP^|^414^|^45189488^|^414^|^32837813^|^444
churn_score^|^445^|^BDP^|^415^|^45189489^|^415^|^32837814^|^445
churn_score^|^446^|^BDP^|^416^|^45189490^|^416^|^32837815^|^446
churn_score^|^447^|^BDP^|^417^|^45189491^|^417^|^32837816^|^447
churn_score^|^448^|^BDP^|^418^|^45189492^|^418^|^32837817^|^448
churn_score^|^449^|^BDP^|^419^|^45189493^|^419^|^32837818^|^449
churn_score^|^450^|^BDP^|^420^|^45189494^|^420^|^32837819^|^450
churn_score^|^451^|^BDP^|^421^|^45189495^|^421^|^32837820^|^451
churn_score^|^452^|^BDP^|^422^|^45189496^|^422^|^32837821^|^452
churn_score^|^453^|^BDP^|^423^|^45189497^|^423^|^32837822^|^453
churn_score^|^454^|^BDP^|^424^|^45189498^|^424^|^32837823^|^454
churn_score^|^455^|^BDP^|^425^|^45189499^|^425^|^32837824^|^455
churn_score^|^456^|^BDP^|^426^|^45189500^|^426^|^32837825^|^456
churn_score^|^457^|^BDP^|^427^|^45189501^|^427^|^32837826^|^457
churn_score^|^458^|^BDP^|^428^|^45189502^|^428^|^32837827^|^458
churn_score^|^459^|^BDP^|^429^|^45189503^|^429^|^32837828^|^459
churn_score^|^460^|^BDP^|^430^|^45189504^|^430^|^32837829^|^460
churn_score^|^461^|^BDP^|^431^|^45189505^|^431^|^32837830^|^461
churn_score^|^462^|^BDP^|^432^|^45189506^|^432^|^32837831^|^462
churn_score^|^463^|^BDP^|^433^|^45189507^|^433^|^32837832^|^463
churn_score^|^464^|^BDP^|^434^|^45189508^|^434^|^32837833^|^464
churn_score^|^465^|^BDP^|^435^|^45189509^|^435^|^32837834^|^465
churn_score^|^466^|^BDP^|^436^|^45189510^|^436^|^32837835^|^466
churn_score^|^467^|^BDP^|^437^|^45189511^|^437^|^32837836^|^467
churn_score^|^468^|^BDP^|^438^|^45189512^|^438^|^32837837^|^468
churn_score^|^469^|^BDP^|^439^|^45189513^|^439^|^32837838^|^469
churn_score^|^470^|^BDP^|^440^|^45189514^|^440^|^32837839^|^470
churn_score^|^471^|^BDP^|^441^|^45189515^|^441^|^32837840^|^471
churn_score^|^472^|^BDP^|^442^|^45189516^|^442^|^32837841^|^472
churn_score^|^473^|^BDP^|^443^|^45189517^|^443^|^32837842^|^473
churn_score^|^474^|^BDP^|^444^|^45189518^|^444^|^32837843^|^474
churn_score^|^475^|^BDP^|^445^|^45189519^|^445^|^32837844^|^475
churn_score^|^476^|^BDP^|^446^|^45189520^|^446^|^32837845^|^476
churn_score^|^477^|^BDP^|^447^|^45189521^|^447^|^32837846^|^477
churn_score^|^478^|^BDP^|^448^|^45189522^|^448^|^32837847^|^478
churn_score^|^479^|^BDP^|^449^|^45189523^|^449^|^32837848^|^479
churn_score^|^480^|^BDP^|^450^|^45189524^|^450^|^32837849^|^480
churn_score^|^481^|^BDP^|^451^|^45189525^|^451^|^32837850^|^481
churn_score^|^482^|^BDP^|^452^|^45189526^|^452^|^32837851^|^482
churn_score^|^483^|^BDP^|^453^|^45189527^|^453^|^32837852^|^483
churn_score^|^484^|^BDP^|^454^|^45189528^|^454^|^32837853^|^484
churn_score^|^485^|^BDP^|^455^|^45189529^|^455^|^32837854^|^485
churn_score^|^486^|^BDP^|^456^|^45189530^|^456^|^32837855^|^486
churn_score^|^487^|^BDP^|^457^|^45189531^|^457^|^32837856^|^487
churn_score^|^488^|^BDP^|^458^|^45189532^|^458^|^32837857^|^488
churn_score^|^489^|^BDP^|^459^|^45189533^|^459^|^32837858^|^489
churn_score^|^490^|^BDP^|^460^|^45189534^|^460^|^32837859^|^490
churn_score^|^491^|^BDP^|^461^|^45189535^|^461^|^32837860^|^491
churn_score^|^492^|^BDP^|^462^|^45189536^|^462^|^32837861^|^492
churn_score^|^493^|^BDP^|^463^|^45189537^|^463^|^32837862^|^493
churn_score^|^494^|^BDP^|^464^|^45189538^|^464^|^32837863^|^494
churn_score^|^495^|^BDP^|^465^|^45189539^|^465^|^32837864^|^495
churn_score^|^496^|^BDP^|^466^|^45189540^|^466^|^32837865^|^496
churn_score^|^497^|^BDP^|^467^|^45189541^|^467^|^32837866^|^497
churn_score^|^498^|^BDP^|^468^|^45189542^|^468^|^32837867^|^498
churn_score^|^499^|^BDP^|^469^|^45189543^|^469^|^32837868^|^499
churn_score^|^500^|^BDP^|^470^|^45189544^|^470^|^32837869^|^500
churn_score^|^501^|^BDP^|^471^|^45189545^|^471^|^32837870^|^501
churn_score^|^502^|^BDP^|^472^|^45189546^|^472^|^32837871^|^502
churn_score^|^503^|^BDP^|^473^|^45189547^|^473^|^32837872^|^503
churn_score^|^504^|^BDP^|^474^|^45189548^|^474^|^32837873^|^504
churn_score^|^505^|^BDP^|^475^|^45189549^|^475^|^32837874^|^505
churn_score^|^506^|^BDP^|^476^|^45189550^|^476^|^32837875^|^506
churn_score^|^507^|^BDP^|^477^|^45189551^|^477^|^32837876^|^507
churn_score^|^508^|^BDP^|^478^|^45189552^|^478^|^32837877^|^508
churn_score^|^509^|^BDP^|^479^|^45189553^|^479^|^32837878^|^509
churn_score^|^510^|^BDP^|^480^|^45189554^|^480^|^32837879^|^510
churn_score^|^511^|^BDP^|^481^|^45189555^|^481^|^32837880^|^511
churn_score^|^512^|^BDP^|^482^|^45189556^|^482^|^32837881^|^512
churn_score^|^513^|^BDP^|^483^|^45189557^|^483^|^32837882^|^513
churn_score^|^514^|^BDP^|^484^|^45189558^|^484^|^32837883^|^514
churn_score^|^515^|^BDP^|^485^|^45189559^|^485^|^32837884^|^515
churn_score^|^516^|^BDP^|^486^|^45189560^|^486^|^32837885^|^516
churn_score^|^517^|^BDP^|^487^|^45189561^|^487^|^32837886^|^517
churn_score^|^518^|^BDP^|^488^|^45189562^|^488^|^32837887^|^518
churn_score^|^519^|^BDP^|^489^|^45189563^|^489^|^32837888^|^519
churn_score^|^520^|^BDP^|^490^|^45189564^|^490^|^32837889^|^520
churn_score^|^521^|^BDP^|^491^|^45189565^|^491^|^32837890^|^521
churn_score^|^522^|^BDP^|^492^|^45189566^|^492^|^32837891^|^522
churn_score^|^523^|^BDP^|^493^|^45189567^|^493^|^32837892^|^523
churn_score^|^524^|^BDP^|^494^|^45189568^|^494^|^32837893^|^524
churn_score^|^525^|^BDP^|^495^|^45189569^|^495^|^32837894^|^525
churn_score^|^526^|^BDP^|^496^|^45189570^|^496^|^32837895^|^526
churn_score^|^527^|^BDP^|^497^|^45189571^|^497^|^32837896^|^527
churn_score^|^528^|^BDP^|^498^|^45189572^|^498^|^32837897^|^528
churn_score^|^529^|^BDP^|^499^|^45189573^|^499^|^32837898^|^529
churn_score^|^530^|^BDP^|^500^|^45189574^|^500^|^32837899^|^530
churn_score^|^531^|^BDP^|^501^|^45189575^|^501^|^32837900^|^531
churn_score^|^532^|^BDP^|^502^|^45189576^|^502^|^32837901^|^532
churn_score^|^533^|^BDP^|^503^|^45189577^|^503^|^32837902^|^533
churn_score^|^534^|^BDP^|^504^|^45189578^|^504^|^32837903^|^534
churn_score^|^535^|^BDP^|^505^|^45189579^|^505^|^32837904^|^535
churn_score^|^536^|^BDP^|^506^|^45189580^|^506^|^32837905^|^536
churn_score^|^537^|^BDP^|^507^|^45189581^|^507^|^32837906^|^537
churn_score^|^538^|^BDP^|^508^|^45189582^|^508^|^32837907^|^538
churn_score^|^539^|^BDP^|^509^|^45189583^|^509^|^32837908^|^539
churn_score^|^540^|^BDP^|^510^|^45189584^|^510^|^32837909^|^540
churn_score^|^541^|^BDP^|^511^|^45189585^|^511^|^32837910^|^541
churn_score^|^542^|^BDP^|^512^|^45189586^|^512^|^32837911^|^542
churn_score^|^543^|^BDP^|^513^|^45189587^|^513^|^32837912^|^543
churn_score^|^544^|^BDP^|^514^|^45189588^|^514^|^32837913^|^544
churn_score^|^545^|^BDP^|^515^|^45189589^|^515^|^32837914^|^545
churn_score^|^546^|^BDP^|^516^|^45189590^|^516^|^32837915^|^546
churn_score^|^547^|^BDP^|^517^|^45189591^|^517^|^32837916^|^547
churn_score^|^548^|^BDP^|^518^|^45189592^|^518^|^32837917^|^548
churn_score^|^549^|^BDP^|^519^|^45189593^|^519^|^32837918^|^549
churn_score^|^550^|^BDP^|^520^|^45189594^|^520^|^32837919^|^550
churn_score^|^551^|^BDP^|^521^|^45189595^|^521^|^32837920^|^551
churn_score^|^552^|^BDP^|^522^|^45189596^|^522^|^32837921^|^552
churn_score^|^553^|^BDP^|^523^|^45189597^|^523^|^32837922^|^553
churn_score^|^554^|^BDP^|^524^|^45189598^|^524^|^32837923^|^554
churn_score^|^555^|^BDP^|^525^|^45189599^|^525^|^32837924^|^555
churn_score^|^556^|^BDP^|^526^|^45189600^|^526^|^32837925^|^556
churn_score^|^557^|^BDP^|^527^|^45189601^|^527^|^32837926^|^557
churn_score^|^558^|^BDP^|^528^|^45189602^|^528^|^32837927^|^558
churn_score^|^559^|^BDP^|^529^|^45189603^|^529^|^32837928^|^559
churn_score^|^560^|^BDP^|^530^|^45189604^|^530^|^32837929^|^560
churn_score^|^561^|^BDP^|^531^|^45189605^|^531^|^32837930^|^561
churn_score^|^562^|^BDP^|^532^|^45189606^|^532^|^32837931^|^562
churn_score^|^563^|^BDP^|^533^|^45189607^|^533^|^32837932^|^563
churn_score^|^564^|^BDP^|^534^|^45189608^|^534^|^32837933^|^564
churn_score^|^565^|^BDP^|^535^|^45189609^|^535^|^32837934^|^565
churn_score^|^566^|^BDP^|^536^|^45189610^|^536^|^32837935^|^566
churn_score^|^567^|^BDP^|^537^|^45189611^|^537^|^32837936^|^567
churn_score^|^568^|^BDP^|^538^|^45189612^|^538^|^32837937^|^568
churn_score^|^569^|^BDP^|^539^|^45189613^|^539^|^32837938^|^569
churn_score^|^570^|^BDP^|^540^|^45189614^|^540^|^32837939^|^570
churn_score^|^571^|^BDP^|^541^|^45189615^|^541^|^32837940^|^571
churn_score^|^572^|^BDP^|^542^|^45189616^|^542^|^32837941^|^572
churn_score^|^573^|^BDP^|^543^|^45189617^|^543^|^32837942^|^573
churn_score^|^574^|^BDP^|^544^|^45189618^|^544^|^32837943^|^574
churn_score^|^575^|^BDP^|^545^|^45189619^|^545^|^32837944^|^575
churn_score^|^576^|^BDP^|^546^|^45189620^|^546^|^32837945^|^576
churn_score^|^577^|^BDP^|^547^|^45189621^|^547^|^32837946^|^577
churn_score^|^578^|^BDP^|^548^|^45189622^|^548^|^32837947^|^578
churn_score^|^579^|^BDP^|^549^|^45189623^|^549^|^32837948^|^579
churn_score^|^580^|^BDP^|^550^|^45189624^|^550^|^32837949^|^580
churn_score^|^581^|^BDP^|^551^|^45189625^|^551^|^32837950^|^581
churn_score^|^582^|^BDP^|^552^|^45189626^|^552^|^32837951^|^582
churn_score^|^583^|^BDP^|^553^|^45189627^|^553^|^32837952^|^583
churn_score^|^584^|^BDP^|^554^|^45189628^|^554^|^32837953^|^584
churn_score^|^585^|^BDP^|^555^|^45189629^|^555^|^32837954^|^585
churn_score^|^586^|^BDP^|^556^|^45189630^|^556^|^32837955^|^586
churn_score^|^587^|^BDP^|^557^|^45189631^|^557^|^32837956^|^587
churn_score^|^588^|^BDP^|^558^|^45189632^|^558^|^32837957^|^588
churn_score^|^589^|^BDP^|^559^|^45189633^|^559^|^32837958^|^589
churn_score^|^590^|^BDP^|^560^|^45189634^|^560^|^32837959^|^590
churn_score^|^591^|^BDP^|^561^|^45189635^|^561^|^32837960^|^591
churn_score^|^592^|^BDP^|^562^|^45189636^|^562^|^32837961^|^592
churn_score^|^593^|^BDP^|^563^|^45189637^|^563^|^32837962^|^593
churn_score^|^594^|^BDP^|^564^|^45189638^|^564^|^32837963^|^594
churn_score^|^595^|^BDP^|^565^|^45189639^|^565^|^32837964^|^595
churn_score^|^596^|^BDP^|^566^|^45189640^|^566^|^32837965^|^596
churn_score^|^597^|^BDP^|^567^|^45189641^|^567^|^32837966^|^597
churn_score^|^598^|^BDP^|^568^|^45189642^|^568^|^32837967^|^598
churn_score^|^599^|^BDP^|^569^|^45189643^|^569^|^32837968^|^599
churn_score^|^600^|^BDP^|^570^|^45189644^|^570^|^32837969^|^600
churn_score^|^601^|^BDP^|^571^|^45189645^|^571^|^32837970^|^601
churn_score^|^602^|^BDP^|^572^|^45189646^|^572^|^32837971^|^602
churn_score^|^603^|^BDP^|^573^|^45189647^|^573^|^32837972^|^603
churn_score^|^604^|^BDP^|^574^|^45189648^|^574^|^32837973^|^604
churn_score^|^605^|^BDP^|^575^|^45189649^|^575^|^32837974^|^605
churn_score^|^606^|^BDP^|^576^|^45189650^|^576^|^32837975^|^606
churn_score^|^607^|^BDP^|^577^|^45189651^|^577^|^32837976^|^607
churn_score^|^608^|^BDP^|^578^|^45189652^|^578^|^32837977^|^608
churn_score^|^609^|^BDP^|^579^|^45189653^|^579^|^32837978^|^609
churn_score^|^610^|^BDP^|^580^|^45189654^|^580^|^32837979^|^610
churn_score^|^611^|^BDP^|^581^|^45189655^|^581^|^32837980^|^611
churn_score^|^612^|^BDP^|^582^|^45189656^|^582^|^32837981^|^612
churn_score^|^613^|^BDP^|^583^|^45189657^|^583^|^32837982^|^613
churn_score^|^614^|^BDP^|^584^|^45189658^|^584^|^32837983^|^614
churn_score^|^615^|^BDP^|^585^|^45189659^|^585^|^32837984^|^615
churn_score^|^616^|^BDP^|^586^|^45189660^|^586^|^32837985^|^616
churn_score^|^617^|^BDP^|^587^|^45189661^|^587^|^32837986^|^617
churn_score^|^618^|^BDP^|^588^|^45189662^|^588^|^32837987^|^618
churn_score^|^619^|^BDP^|^589^|^45189663^|^589^|^32837988^|^619
churn_score^|^620^|^BDP^|^590^|^45189664^|^590^|^32837989^|^620
churn_score^|^621^|^BDP^|^591^|^45189665^|^591^|^32837990^|^621
churn_score^|^622^|^BDP^|^592^|^45189666^|^592^|^32837991^|^622
churn_score^|^623^|^BDP^|^593^|^45189667^|^593^|^32837992^|^623
churn_score^|^624^|^BDP^|^594^|^45189668^|^594^|^32837993^|^624
churn_score^|^625^|^BDP^|^595^|^45189669^|^595^|^32837994^|^625
churn_score^|^626^|^BDP^|^596^|^45189670^|^596^|^32837995^|^626
churn_score^|^627^|^BDP^|^597^|^45189671^|^597^|^32837996^|^627
churn_score^|^628^|^BDP^|^598^|^45189672^|^598^|^32837997^|^628
churn_score^|^629^|^BDP^|^599^|^45189673^|^599^|^32837998^|^629
churn_score^|^630^|^BDP^|^600^|^45189674^|^600^|^32837999^|^630
churn_score^|^631^|^BDP^|^601^|^45189675^|^601^|^32838000^|^631
churn_score^|^632^|^BDP^|^602^|^45189676^|^602^|^32838001^|^632
churn_score^|^633^|^BDP^|^603^|^45189677^|^603^|^32838002^|^633
churn_score^|^634^|^BDP^|^604^|^45189678^|^604^|^32838003^|^634
churn_score^|^635^|^BDP^|^605^|^45189679^|^605^|^32838004^|^635
churn_score^|^636^|^BDP^|^606^|^45189680^|^606^|^32838005^|^636
churn_score^|^637^|^BDP^|^607^|^45189681^|^607^|^32838006^|^637
churn_score^|^638^|^BDP^|^608^|^45189682^|^608^|^32838007^|^638
churn_score^|^639^|^BDP^|^609^|^45189683^|^609^|^32838008^|^639
churn_score^|^640^|^BDP^|^610^|^45189684^|^610^|^32838009^|^640
churn_score^|^641^|^BDP^|^611^|^45189685^|^611^|^32838010^|^641
churn_score^|^642^|^BDP^|^612^|^45189686^|^612^|^32838011^|^642
churn_score^|^643^|^BDP^|^613^|^45189687^|^613^|^32838012^|^643
churn_score^|^644^|^BDP^|^614^|^45189688^|^614^|^32838013^|^644
churn_score^|^645^|^BDP^|^615^|^45189689^|^615^|^32838014^|^645
churn_score^|^646^|^BDP^|^616^|^45189690^|^616^|^32838015^|^646
churn_score^|^647^|^BDP^|^617^|^45189691^|^617^|^32838016^|^647
churn_score^|^648^|^BDP^|^618^|^45189692^|^618^|^32838017^|^648
churn_score^|^649^|^BDP^|^619^|^45189693^|^619^|^32838018^|^649
churn_score^|^650^|^BDP^|^620^|^45189694^|^620^|^32838019^|^650
churn_score^|^651^|^BDP^|^621^|^45189695^|^621^|^32838020^|^651
churn_score^|^652^|^BDP^|^622^|^45189696^|^622^|^32838021^|^652
churn_score^|^653^|^BDP^|^623^|^45189697^|^623^|^32838022^|^653
churn_score^|^654^|^BDP^|^624^|^45189698^|^624^|^32838023^|^654
churn_score^|^655^|^BDP^|^625^|^45189699^|^625^|^32838024^|^655
churn_score^|^656^|^BDP^|^626^|^45189700^|^626^|^32838025^|^656
churn_score^|^657^|^BDP^|^627^|^45189701^|^627^|^32838026^|^657
churn_score^|^658^|^BDP^|^628^|^45189702^|^628^|^32838027^|^658
churn_score^|^659^|^BDP^|^629^|^45189703^|^629^|^32838028^|^659
churn_score^|^660^|^BDP^|^630^|^45189704^|^630^|^32838029^|^660
churn_score^|^661^|^BDP^|^631^|^45189705^|^631^|^32838030^|^661
churn_score^|^662^|^BDP^|^632^|^45189706^|^632^|^32838031^|^662
churn_score^|^663^|^BDP^|^633^|^45189707^|^633^|^32838032^|^663
churn_score^|^664^|^BDP^|^634^|^45189708^|^634^|^32838033^|^664
churn_score^|^665^|^BDP^|^635^|^45189709^|^635^|^32838034^|^665
churn_score^|^666^|^BDP^|^636^|^45189710^|^636^|^32838035^|^666
churn_score^|^667^|^BDP^|^637^|^45189711^|^637^|^32838036^|^667
churn_score^|^668^|^BDP^|^638^|^45189712^|^638^|^32838037^|^668
churn_score^|^669^|^BDP^|^639^|^45189713^|^639^|^32838038^|^669
churn_score^|^670^|^BDP^|^640^|^45189714^|^640^|^32838039^|^670
churn_score^|^671^|^BDP^|^641^|^45189715^|^641^|^32838040^|^671
churn_score^|^672^|^BDP^|^642^|^45189716^|^642^|^32838041^|^672
churn_score^|^673^|^BDP^|^643^|^45189717^|^643^|^32838042^|^673
churn_score^|^674^|^BDP^|^644^|^45189718^|^644^|^32838043^|^674
churn_score^|^675^|^BDP^|^645^|^45189719^|^645^|^32838044^|^675
churn_score^|^676^|^BDP^|^646^|^45189720^|^646^|^32838045^|^676
churn_score^|^677^|^BDP^|^647^|^45189721^|^647^|^32838046^|^677
churn_score^|^678^|^BDP^|^648^|^45189722^|^648^|^32838047^|^678
churn_score^|^679^|^BDP^|^649^|^45189723^|^649^|^32838048^|^679
churn_score^|^680^|^BDP^|^650^|^45189724^|^650^|^32838049^|^680
churn_score^|^681^|^BDP^|^651^|^45189725^|^651^|^32838050^|^681
churn_score^|^682^|^BDP^|^652^|^45189726^|^652^|^32838051^|^682
churn_score^|^683^|^BDP^|^653^|^45189727^|^653^|^32838052^|^683
churn_score^|^684^|^BDP^|^654^|^45189728^|^654^|^32838053^|^684
churn_score^|^685^|^BDP^|^655^|^45189729^|^655^|^32838054^|^685
churn_score^|^686^|^BDP^|^656^|^45189730^|^656^|^32838055^|^686
churn_score^|^687^|^BDP^|^657^|^45189731^|^657^|^32838056^|^687
churn_score^|^688^|^BDP^|^658^|^45189732^|^658^|^32838057^|^688
churn_score^|^689^|^BDP^|^659^|^45189733^|^659^|^32838058^|^689
churn_score^|^690^|^BDP^|^660^|^45189734^|^660^|^32838059^|^690
churn_score^|^691^|^BDP^|^661^|^45189735^|^661^|^32838060^|^691
churn_score^|^692^|^BDP^|^662^|^45189736^|^662^|^32838061^|^692
churn_score^|^693^|^BDP^|^663^|^45189737^|^663^|^32838062^|^693
churn_score^|^694^|^BDP^|^664^|^45189738^|^664^|^32838063^|^694
churn_score^|^695^|^BDP^|^665^|^45189739^|^665^|^32838064^|^695
churn_score^|^696^|^BDP^|^666^|^45189740^|^666^|^32838065^|^696
churn_score^|^697^|^BDP^|^667^|^45189741^|^667^|^32838066^|^697
churn_score^|^698^|^BDP^|^668^|^45189742^|^668^|^32838067^|^698
churn_score^|^699^|^BDP^|^669^|^45189743^|^669^|^32838068^|^699
churn_score^|^700^|^BDP^|^670^|^45189744^|^670^|^32838069^|^700
churn_score^|^701^|^BDP^|^671^|^45189745^|^671^|^32838070^|^701
churn_score^|^702^|^BDP^|^672^|^45189746^|^672^|^32838071^|^702
churn_score^|^703^|^BDP^|^673^|^45189747^|^673^|^32838072^|^703
churn_score^|^704^|^BDP^|^674^|^45189748^|^674^|^32838073^|^704
churn_score^|^705^|^BDP^|^675^|^45189749^|^675^|^32838074^|^705
churn_score^|^706^|^BDP^|^676^|^45189750^|^676^|^32838075^|^706
churn_score^|^707^|^BDP^|^677^|^45189751^|^677^|^32838076^|^707
churn_score^|^708^|^BDP^|^678^|^45189752^|^678^|^32838077^|^708
churn_score^|^709^|^BDP^|^679^|^45189753^|^679^|^32838078^|^709
churn_score^|^710^|^BDP^|^680^|^45189754^|^680^|^32838079^|^710
churn_score^|^711^|^BDP^|^681^|^45189755^|^681^|^32838080^|^711
churn_score^|^712^|^BDP^|^682^|^45189756^|^682^|^32838081^|^712
churn_score^|^713^|^BDP^|^683^|^45189757^|^683^|^32838082^|^713
churn_score^|^714^|^BDP^|^684^|^45189758^|^684^|^32838083^|^714
churn_score^|^715^|^BDP^|^685^|^45189759^|^685^|^32838084^|^715
churn_score^|^716^|^BDP^|^686^|^45189760^|^686^|^32838085^|^716
churn_score^|^717^|^BDP^|^687^|^45189761^|^687^|^32838086^|^717
churn_score^|^718^|^BDP^|^688^|^45189762^|^688^|^32838087^|^718
churn_score^|^719^|^BDP^|^689^|^45189763^|^689^|^32838088^|^719
churn_score^|^720^|^BDP^|^690^|^45189764^|^690^|^32838089^|^720
churn_score^|^721^|^BDP^|^691^|^45189765^|^691^|^32838090^|^721
churn_score^|^722^|^BDP^|^692^|^45189766^|^692^|^32838091^|^722
churn_score^|^723^|^BDP^|^693^|^45189767^|^693^|^32838092^|^723
churn_score^|^724^|^BDP^|^694^|^45189768^|^694^|^32838093^|^724
churn_score^|^725^|^BDP^|^695^|^45189769^|^695^|^32838094^|^725
churn_score^|^726^|^BDP^|^696^|^45189770^|^696^|^32838095^|^726
churn_score^|^727^|^BDP^|^697^|^45189771^|^697^|^32838096^|^727
churn_score^|^728^|^BDP^|^698^|^45189772^|^698^|^32838097^|^728
churn_score^|^729^|^BDP^|^699^|^45189773^|^699^|^32838098^|^729
churn_score^|^730^|^BDP^|^700^|^45189774^|^700^|^32838099^|^730
churn_score^|^731^|^BDP^|^701^|^45189775^|^701^|^32838100^|^731
churn_score^|^732^|^BDP^|^702^|^45189776^|^702^|^32838101^|^732
churn_score^|^733^|^BDP^|^703^|^45189777^|^703^|^32838102^|^733
churn_score^|^734^|^BDP^|^704^|^45189778^|^704^|^32838103^|^734
churn_score^|^735^|^BDP^|^705^|^45189779^|^705^|^32838104^|^735
churn_score^|^736^|^BDP^|^706^|^45189780^|^706^|^32838105^|^736
churn_score^|^737^|^BDP^|^707^|^45189781^|^707^|^32838106^|^737
churn_score^|^738^|^BDP^|^708^|^45189782^|^708^|^32838107^|^738
churn_score^|^739^|^BDP^|^709^|^45189783^|^709^|^32838108^|^739
churn_score^|^740^|^BDP^|^710^|^45189784^|^710^|^32838109^|^740
churn_score^|^741^|^BDP^|^711^|^45189785^|^711^|^32838110^|^741
churn_score^|^742^|^BDP^|^712^|^45189786^|^712^|^32838111^|^742
churn_score^|^743^|^BDP^|^713^|^45189787^|^713^|^32838112^|^743
churn_score^|^744^|^BDP^|^714^|^45189788^|^714^|^32838113^|^744
churn_score^|^745^|^BDP^|^715^|^45189789^|^715^|^32838114^|^745
churn_score^|^746^|^BDP^|^716^|^45189790^|^716^|^32838115^|^746
churn_score^|^747^|^BDP^|^717^|^45189791^|^717^|^32838116^|^747
churn_score^|^748^|^BDP^|^718^|^45189792^|^718^|^32838117^|^748
churn_score^|^749^|^BDP^|^719^|^45189793^|^719^|^32838118^|^749
churn_score^|^750^|^BDP^|^720^|^45189794^|^720^|^32838119^|^750
churn_score^|^751^|^BDP^|^721^|^45189795^|^721^|^32838120^|^751
churn_score^|^752^|^BDP^|^722^|^45189796^|^722^|^32838121^|^752
churn_score^|^753^|^BDP^|^723^|^45189797^|^723^|^32838122^|^753
churn_score^|^754^|^BDP^|^724^|^45189798^|^724^|^32838123^|^754
churn_score^|^755^|^BDP^|^725^|^45189799^|^725^|^32838124^|^755
churn_score^|^756^|^BDP^|^726^|^45189800^|^726^|^32838125^|^756
churn_score^|^757^|^BDP^|^727^|^45189801^|^727^|^32838126^|^757
churn_score^|^758^|^BDP^|^728^|^45189802^|^728^|^32838127^|^758
churn_score^|^759^|^BDP^|^729^|^45189803^|^729^|^32838128^|^759
churn_score^|^760^|^BDP^|^730^|^45189804^|^730^|^32838129^|^760
churn_score^|^761^|^BDP^|^731^|^45189805^|^731^|^32838130^|^761
churn_score^|^762^|^BDP^|^732^|^45189806^|^732^|^32838131^|^762
churn_score^|^763^|^BDP^|^733^|^45189807^|^733^|^32838132^|^763
churn_score^|^764^|^BDP^|^734^|^45189808^|^734^|^32838133^|^764
churn_score^|^765^|^BDP^|^735^|^45189809^|^735^|^32838134^|^765
churn_score^|^766^|^BDP^|^736^|^45189810^|^736^|^32838135^|^766
churn_score^|^767^|^BDP^|^737^|^45189811^|^737^|^32838136^|^767
churn_score^|^768^|^BDP^|^738^|^45189812^|^738^|^32838137^|^768
churn_score^|^769^|^BDP^|^739^|^45189813^|^739^|^32838138^|^769
churn_score^|^770^|^BDP^|^740^|^45189814^|^740^|^32838139^|^770
churn_score^|^771^|^BDP^|^741^|^45189815^|^741^|^32838140^|^771
churn_score^|^772^|^BDP^|^742^|^45189816^|^742^|^32838141^|^772
churn_score^|^773^|^BDP^|^743^|^45189817^|^743^|^32838142^|^773
churn_score^|^774^|^BDP^|^744^|^45189818^|^744^|^32838143^|^774
churn_score^|^775^|^BDP^|^745^|^45189819^|^745^|^32838144^|^775
churn_score^|^776^|^BDP^|^746^|^45189820^|^746^|^32838145^|^776
churn_score^|^777^|^BDP^|^747^|^45189821^|^747^|^32838146^|^777
churn_score^|^778^|^BDP^|^748^|^45189822^|^748^|^32838147^|^778
churn_score^|^779^|^BDP^|^749^|^45189823^|^749^|^32838148^|^779
churn_score^|^780^|^BDP^|^750^|^45189824^|^750^|^32838149^|^780
churn_score^|^781^|^BDP^|^751^|^45189825^|^751^|^32838150^|^781
churn_score^|^782^|^BDP^|^752^|^45189826^|^752^|^32838151^|^782
churn_score^|^783^|^BDP^|^753^|^45189827^|^753^|^32838152^|^783
churn_score^|^784^|^BDP^|^754^|^45189828^|^754^|^32838153^|^784
churn_score^|^785^|^BDP^|^755^|^45189829^|^755^|^32838154^|^785
churn_score^|^786^|^BDP^|^756^|^45189830^|^756^|^32838155^|^786
churn_score^|^787^|^BDP^|^757^|^45189831^|^757^|^32838156^|^787
churn_score^|^788^|^BDP^|^758^|^45189832^|^758^|^32838157^|^788
churn_score^|^789^|^BDP^|^759^|^45189833^|^759^|^32838158^|^789
churn_score^|^790^|^BDP^|^760^|^45189834^|^760^|^32838159^|^790
churn_score^|^791^|^BDP^|^761^|^45189835^|^761^|^32838160^|^791
churn_score^|^792^|^BDP^|^762^|^45189836^|^762^|^32838161^|^792
churn_score^|^793^|^BDP^|^763^|^45189837^|^763^|^32838162^|^793
churn_score^|^794^|^BDP^|^764^|^45189838^|^764^|^32838163^|^794
churn_score^|^795^|^BDP^|^765^|^45189839^|^765^|^32838164^|^795
churn_score^|^796^|^BDP^|^766^|^45189840^|^766^|^32838165^|^796
churn_score^|^797^|^BDP^|^767^|^45189841^|^767^|^32838166^|^797
churn_score^|^798^|^BDP^|^768^|^45189842^|^768^|^32838167^|^798
churn_score^|^799^|^BDP^|^769^|^45189843^|^769^|^32838168^|^799
churn_score^|^800^|^BDP^|^770^|^45189844^|^770^|^32838169^|^800
churn_score^|^801^|^BDP^|^771^|^45189845^|^771^|^32838170^|^801
churn_score^|^802^|^BDP^|^772^|^45189846^|^772^|^32838171^|^802
churn_score^|^803^|^BDP^|^773^|^45189847^|^773^|^32838172^|^803
churn_score^|^804^|^BDP^|^774^|^45189848^|^774^|^32838173^|^804
churn_score^|^805^|^BDP^|^775^|^45189849^|^775^|^32838174^|^805
churn_score^|^806^|^BDP^|^776^|^45189850^|^776^|^32838175^|^806
churn_score^|^807^|^BDP^|^777^|^45189851^|^777^|^32838176^|^807
churn_score^|^808^|^BDP^|^778^|^45189852^|^778^|^32838177^|^808
churn_score^|^809^|^BDP^|^779^|^45189853^|^779^|^32838178^|^809
churn_score^|^810^|^BDP^|^780^|^45189854^|^780^|^32838179^|^810
churn_score^|^811^|^BDP^|^781^|^45189855^|^781^|^32838180^|^811
churn_score^|^812^|^BDP^|^782^|^45189856^|^782^|^32838181^|^812
churn_score^|^813^|^BDP^|^783^|^45189857^|^783^|^32838182^|^813
churn_score^|^814^|^BDP^|^784^|^45189858^|^784^|^32838183^|^814
churn_score^|^815^|^BDP^|^785^|^45189859^|^785^|^32838184^|^815
churn_score^|^816^|^BDP^|^786^|^45189860^|^786^|^32838185^|^816
churn_score^|^817^|^BDP^|^787^|^45189861^|^787^|^32838186^|^817
churn_score^|^818^|^BDP^|^788^|^45189862^|^788^|^32838187^|^818
churn_score^|^819^|^BDP^|^789^|^45189863^|^789^|^32838188^|^819
churn_score^|^820^|^BDP^|^790^|^45189864^|^790^|^32838189^|^820
churn_score^|^821^|^BDP^|^791^|^45189865^|^791^|^32838190^|^821
churn_score^|^822^|^BDP^|^792^|^45189866^|^792^|^32838191^|^822
churn_score^|^823^|^BDP^|^793^|^45189867^|^793^|^32838192^|^823
churn_score^|^824^|^BDP^|^794^|^45189868^|^794^|^32838193^|^824
churn_score^|^825^|^BDP^|^795^|^45189869^|^795^|^32838194^|^825
churn_score^|^826^|^BDP^|^796^|^45189870^|^796^|^32838195^|^826
churn_score^|^827^|^BDP^|^797^|^45189871^|^797^|^32838196^|^827
churn_score^|^828^|^BDP^|^798^|^45189872^|^798^|^32838197^|^828
churn_score^|^829^|^BDP^|^799^|^45189873^|^799^|^32838198^|^829
churn_score^|^830^|^BDP^|^800^|^45189874^|^800^|^32838199^|^830
churn_score^|^831^|^BDP^|^801^|^45189875^|^801^|^32838200^|^831
churn_score^|^832^|^BDP^|^802^|^45189876^|^802^|^32838201^|^832
churn_score^|^833^|^BDP^|^803^|^45189877^|^803^|^32838202^|^833
churn_score^|^834^|^BDP^|^804^|^45189878^|^804^|^32838203^|^834
churn_score^|^835^|^BDP^|^805^|^45189879^|^805^|^32838204^|^835
churn_score^|^836^|^BDP^|^806^|^45189880^|^806^|^32838205^|^836
churn_score^|^837^|^BDP^|^807^|^45189881^|^807^|^32838206^|^837
churn_score^|^838^|^BDP^|^808^|^45189882^|^808^|^32838207^|^838
churn_score^|^839^|^BDP^|^809^|^45189883^|^809^|^32838208^|^839
churn_score^|^840^|^BDP^|^810^|^45189884^|^810^|^32838209^|^840
churn_score^|^841^|^BDP^|^811^|^45189885^|^811^|^32838210^|^841
churn_score^|^842^|^BDP^|^812^|^45189886^|^812^|^32838211^|^842
churn_score^|^843^|^BDP^|^813^|^45189887^|^813^|^32838212^|^843
churn_score^|^844^|^BDP^|^814^|^45189888^|^814^|^32838213^|^844
churn_score^|^845^|^BDP^|^815^|^45189889^|^815^|^32838214^|^845
churn_score^|^846^|^BDP^|^816^|^45189890^|^816^|^32838215^|^846
churn_score^|^847^|^BDP^|^817^|^45189891^|^817^|^32838216^|^847
churn_score^|^848^|^BDP^|^818^|^45189892^|^818^|^32838217^|^848
churn_score^|^849^|^BDP^|^819^|^45189893^|^819^|^32838218^|^849
churn_score^|^850^|^BDP^|^820^|^45189894^|^820^|^32838219^|^850
churn_score^|^851^|^BDP^|^821^|^45189895^|^821^|^32838220^|^851
churn_score^|^852^|^BDP^|^822^|^45189896^|^822^|^32838221^|^852
churn_score^|^853^|^BDP^|^823^|^45189897^|^823^|^32838222^|^853
churn_score^|^854^|^BDP^|^824^|^45189898^|^824^|^32838223^|^854
churn_score^|^855^|^BDP^|^825^|^45189899^|^825^|^32838224^|^855
churn_score^|^856^|^BDP^|^826^|^45189900^|^826^|^32838225^|^856
churn_score^|^857^|^BDP^|^827^|^45189901^|^827^|^32838226^|^857
churn_score^|^858^|^BDP^|^828^|^45189902^|^828^|^32838227^|^858
churn_score^|^859^|^BDP^|^829^|^45189903^|^829^|^32838228^|^859
churn_score^|^860^|^BDP^|^830^|^45189904^|^830^|^32838229^|^860
churn_score^|^861^|^BDP^|^831^|^45189905^|^831^|^32838230^|^861
churn_score^|^862^|^BDP^|^832^|^45189906^|^832^|^32838231^|^862
churn_score^|^863^|^BDP^|^833^|^45189907^|^833^|^32838232^|^863
churn_score^|^864^|^BDP^|^834^|^45189908^|^834^|^32838233^|^864
churn_score^|^865^|^BDP^|^835^|^45189909^|^835^|^32838234^|^865
churn_score^|^866^|^BDP^|^836^|^45189910^|^836^|^32838235^|^866
churn_score^|^867^|^BDP^|^837^|^45189911^|^837^|^32838236^|^867
churn_score^|^868^|^BDP^|^838^|^45189912^|^838^|^32838237^|^868
churn_score^|^869^|^BDP^|^839^|^45189913^|^839^|^32838238^|^869
churn_score^|^870^|^BDP^|^840^|^45189914^|^840^|^32838239^|^870
churn_score^|^871^|^BDP^|^841^|^45189915^|^841^|^32838240^|^871
churn_score^|^872^|^BDP^|^842^|^45189916^|^842^|^32838241^|^872
churn_score^|^873^|^BDP^|^843^|^45189917^|^843^|^32838242^|^873
churn_score^|^874^|^BDP^|^844^|^45189918^|^844^|^32838243^|^874
churn_score^|^875^|^BDP^|^845^|^45189919^|^845^|^32838244^|^875
churn_score^|^876^|^BDP^|^846^|^45189920^|^846^|^32838245^|^876
churn_score^|^877^|^BDP^|^847^|^45189921^|^847^|^32838246^|^877
churn_score^|^878^|^BDP^|^848^|^45189922^|^848^|^32838247^|^878
churn_score^|^879^|^BDP^|^849^|^45189923^|^849^|^32838248^|^879
churn_score^|^880^|^BDP^|^850^|^45189924^|^850^|^32838249^|^880
churn_score^|^881^|^BDP^|^851^|^45189925^|^851^|^32838250^|^881
churn_score^|^882^|^BDP^|^852^|^45189926^|^852^|^32838251^|^882
churn_score^|^883^|^BDP^|^853^|^45189927^|^853^|^32838252^|^883
churn_score^|^884^|^BDP^|^854^|^45189928^|^854^|^32838253^|^884
churn_score^|^885^|^BDP^|^855^|^45189929^|^855^|^32838254^|^885
churn_score^|^886^|^BDP^|^856^|^45189930^|^856^|^32838255^|^886
churn_score^|^887^|^BDP^|^857^|^45189931^|^857^|^32838256^|^887
churn_score^|^888^|^BDP^|^858^|^45189932^|^858^|^32838257^|^888
churn_score^|^889^|^BDP^|^859^|^45189933^|^859^|^32838258^|^889
churn_score^|^890^|^BDP^|^860^|^45189934^|^860^|^32838259^|^890
churn_score^|^891^|^BDP^|^861^|^45189935^|^861^|^32838260^|^891
churn_score^|^892^|^BDP^|^862^|^45189936^|^862^|^32838261^|^892
churn_score^|^893^|^BDP^|^863^|^45189937^|^863^|^32838262^|^893
churn_score^|^894^|^BDP^|^864^|^45189938^|^864^|^32838263^|^894
churn_score^|^895^|^BDP^|^865^|^45189939^|^865^|^32838264^|^895
churn_score^|^896^|^BDP^|^866^|^45189940^|^866^|^32838265^|^896
churn_score^|^897^|^BDP^|^867^|^45189941^|^867^|^32838266^|^897
churn_score^|^898^|^BDP^|^868^|^45189942^|^868^|^32838267^|^898
churn_score^|^899^|^BDP^|^869^|^45189943^|^869^|^32838268^|^899
churn_score^|^900^|^BDP^|^870^|^45189944^|^870^|^32838269^|^900
churn_score^|^901^|^BDP^|^871^|^45189945^|^871^|^32838270^|^901
churn_score^|^902^|^BDP^|^872^|^45189946^|^872^|^32838271^|^902
churn_score^|^903^|^BDP^|^873^|^45189947^|^873^|^32838272^|^903
churn_score^|^904^|^BDP^|^874^|^45189948^|^874^|^32838273^|^904
churn_score^|^905^|^BDP^|^875^|^45189949^|^875^|^32838274^|^905
churn_score^|^906^|^BDP^|^876^|^45189950^|^876^|^32838275^|^906
churn_score^|^907^|^BDP^|^877^|^45189951^|^877^|^32838276^|^907
churn_score^|^908^|^BDP^|^878^|^45189952^|^878^|^32838277^|^908
churn_score^|^909^|^BDP^|^879^|^45189953^|^879^|^32838278^|^909
churn_score^|^910^|^BDP^|^880^|^45189954^|^880^|^32838279^|^910
churn_score^|^911^|^BDP^|^881^|^45189955^|^881^|^32838280^|^911
churn_score^|^912^|^BDP^|^882^|^45189956^|^882^|^32838281^|^912
churn_score^|^913^|^BDP^|^883^|^45189957^|^883^|^32838282^|^913
churn_score^|^914^|^BDP^|^884^|^45189958^|^884^|^32838283^|^914
churn_score^|^915^|^BDP^|^885^|^45189959^|^885^|^32838284^|^915
churn_score^|^916^|^BDP^|^886^|^45189960^|^886^|^32838285^|^916
churn_score^|^917^|^BDP^|^887^|^45189961^|^887^|^32838286^|^917
churn_score^|^918^|^BDP^|^888^|^45189962^|^888^|^32838287^|^918
churn_score^|^919^|^BDP^|^889^|^45189963^|^889^|^32838288^|^919
churn_score^|^920^|^BDP^|^890^|^45189964^|^890^|^32838289^|^920
churn_score^|^921^|^BDP^|^891^|^45189965^|^891^|^32838290^|^921
churn_score^|^922^|^BDP^|^892^|^45189966^|^892^|^32838291^|^922
churn_score^|^923^|^BDP^|^893^|^45189967^|^893^|^32838292^|^923
churn_score^|^924^|^BDP^|^894^|^45189968^|^894^|^32838293^|^924
churn_score^|^925^|^BDP^|^895^|^45189969^|^895^|^32838294^|^925
churn_score^|^926^|^BDP^|^896^|^45189970^|^896^|^32838295^|^926
churn_score^|^927^|^BDP^|^897^|^45189971^|^897^|^32838296^|^927
churn_score^|^928^|^BDP^|^898^|^45189972^|^898^|^32838297^|^928
churn_score^|^929^|^BDP^|^899^|^45189973^|^899^|^32838298^|^929
churn_score^|^930^|^BDP^|^900^|^45189974^|^900^|^32838299^|^930
churn_score^|^931^|^BDP^|^901^|^45189975^|^901^|^32838300^|^931
churn_score^|^932^|^BDP^|^902^|^45189976^|^902^|^32838301^|^932
churn_score^|^933^|^BDP^|^903^|^45189977^|^903^|^32838302^|^933
churn_score^|^934^|^BDP^|^904^|^45189978^|^904^|^32838303^|^934
churn_score^|^935^|^BDP^|^905^|^45189979^|^905^|^32838304^|^935
churn_score^|^936^|^BDP^|^906^|^45189980^|^906^|^32838305^|^936
churn_score^|^937^|^BDP^|^907^|^45189981^|^907^|^32838306^|^937
churn_score^|^938^|^BDP^|^908^|^45189982^|^908^|^32838307^|^938
churn_score^|^939^|^BDP^|^909^|^45189983^|^909^|^32838308^|^939
churn_score^|^940^|^BDP^|^910^|^45189984^|^910^|^32838309^|^940
churn_score^|^941^|^BDP^|^911^|^45189985^|^911^|^32838310^|^941
churn_score^|^942^|^BDP^|^912^|^45189986^|^912^|^32838311^|^942
churn_score^|^943^|^BDP^|^913^|^45189987^|^913^|^32838312^|^943
churn_score^|^944^|^BDP^|^914^|^45189988^|^914^|^32838313^|^944
churn_score^|^945^|^BDP^|^915^|^45189989^|^915^|^32838314^|^945
churn_score^|^946^|^BDP^|^916^|^45189990^|^916^|^32838315^|^946
churn_score^|^947^|^BDP^|^917^|^45189991^|^917^|^32838316^|^947
churn_score^|^948^|^BDP^|^918^|^45189992^|^918^|^32838317^|^948
churn_score^|^949^|^BDP^|^919^|^45189993^|^919^|^32838318^|^949
churn_score^|^950^|^BDP^|^920^|^45189994^|^920^|^32838319^|^950
churn_score^|^951^|^BDP^|^921^|^45189995^|^921^|^32838320^|^951
churn_score^|^952^|^BDP^|^922^|^45189996^|^922^|^32838321^|^952
churn_score^|^953^|^BDP^|^923^|^45189997^|^923^|^32838322^|^953
churn_score^|^954^|^BDP^|^924^|^45189998^|^924^|^32838323^|^954
churn_score^|^955^|^BDP^|^925^|^45189999^|^925^|^32838324^|^955
churn_score^|^956^|^BDP^|^926^|^45190000^|^926^|^32838325^|^956
churn_score^|^957^|^BDP^|^927^|^45190001^|^927^|^32838326^|^957
churn_score^|^958^|^BDP^|^928^|^45190002^|^928^|^32838327^|^958
churn_score^|^959^|^BDP^|^929^|^45190003^|^929^|^32838328^|^959
churn_score^|^960^|^BDP^|^930^|^45190004^|^930^|^32838329^|^960
churn_score^|^961^|^BDP^|^931^|^45190005^|^931^|^32838330^|^961
churn_score^|^962^|^BDP^|^932^|^45190006^|^932^|^32838331^|^962
churn_score^|^963^|^BDP^|^933^|^45190007^|^933^|^32838332^|^963
churn_score^|^964^|^BDP^|^934^|^45190008^|^934^|^32838333^|^964
churn_score^|^965^|^BDP^|^935^|^45190009^|^935^|^32838334^|^965
churn_score^|^966^|^BDP^|^936^|^45190010^|^936^|^32838335^|^966
churn_score^|^967^|^BDP^|^937^|^45190011^|^937^|^32838336^|^967
churn_score^|^968^|^BDP^|^938^|^45190012^|^938^|^32838337^|^968
churn_score^|^969^|^BDP^|^939^|^45190013^|^939^|^32838338^|^969
churn_score^|^970^|^BDP^|^940^|^45190014^|^940^|^32838339^|^970
churn_score^|^971^|^BDP^|^941^|^45190015^|^941^|^32838340^|^971
churn_score^|^972^|^BDP^|^942^|^45190016^|^942^|^32838341^|^972
churn_score^|^973^|^BDP^|^943^|^45190017^|^943^|^32838342^|^973
churn_score^|^974^|^BDP^|^944^|^45190018^|^944^|^32838343^|^974
churn_score^|^975^|^BDP^|^945^|^45190019^|^945^|^32838344^|^975
churn_score^|^976^|^BDP^|^946^|^45190020^|^946^|^32838345^|^976
churn_score^|^977^|^BDP^|^947^|^45190021^|^947^|^32838346^|^977
churn_score^|^978^|^BDP^|^948^|^45190022^|^948^|^32838347^|^978
churn_score^|^979^|^BDP^|^949^|^45190023^|^949^|^32838348^|^979
churn_score^|^980^|^BDP^|^950^|^45190024^|^950^|^32838349^|^980
churn_score^|^981^|^BDP^|^951^|^45190025^|^951^|^32838350^|^981
churn_score^|^982^|^BDP^|^952^|^45190026^|^952^|^32838351^|^982
churn_score^|^983^|^BDP^|^953^|^45190027^|^953^|^32838352^|^983
churn_score^|^984^|^BDP^|^954^|^45190028^|^954^|^32838353^|^984
churn_score^|^985^|^BDP^|^955^|^45190029^|^955^|^32838354^|^985
churn_score^|^986^|^BDP^|^956^|^45190030^|^956^|^32838355^|^986
churn_score^|^987^|^BDP^|^957^|^45190031^|^957^|^32838356^|^987
churn_score^|^988^|^BDP^|^958^|^45190032^|^958^|^32838357^|^988
churn_score^|^989^|^BDP^|^959^|^45190033^|^959^|^32838358^|^989
churn_score^|^990^|^BDP^|^960^|^45190034^|^960^|^32838359^|^990
churn_score^|^991^|^BDP^|^961^|^45190035^|^961^|^32838360^|^991
churn_score^|^992^|^BDP^|^962^|^45190036^|^962^|^32838361^|^992
churn_score^|^993^|^BDP^|^963^|^45190037^|^963^|^32838362^|^993
churn_score^|^994^|^BDP^|^964^|^45190038^|^964^|^32838363^|^994
churn_score^|^995^|^BDP^|^965^|^45190039^|^965^|^32838364^|^995
churn_score^|^996^|^BDP^|^966^|^45190040^|^966^|^32838365^|^996
churn_score^|^997^|^BDP^|^967^|^45190041^|^967^|^32838366^|^997
churn_score^|^998^|^BDP^|^968^|^45190042^|^968^|^32838367^|^998
churn_score^|^999^|^BDP^|^969^|^45190043^|^969^|^32838368^|^999
churn_score^|^1000^|^BDP^|^970^|^45190044^|^970^|^32838369^|^1000
churn_score^|^1001^|^BDP^|^971^|^45190045^|^971^|^32838370^|^1001
churn_score^|^1002^|^BDP^|^972^|^45190046^|^972^|^32838371^|^1002
churn_score^|^1003^|^BDP^|^973^|^45190047^|^973^|^32838372^|^1003
churn_score^|^1004^|^BDP^|^974^|^45190048^|^974^|^32838373^|^1004
churn_score^|^1005^|^BDP^|^975^|^45190049^|^975^|^32838374^|^1005
churn_score^|^1006^|^BDP^|^976^|^45190050^|^976^|^32838375^|^1006
churn_score^|^1007^|^BDP^|^977^|^45190051^|^977^|^32838376^|^1007
churn_score^|^1008^|^BDP^|^978^|^45190052^|^978^|^32838377^|^1008
churn_score^|^1009^|^BDP^|^979^|^45190053^|^979^|^32838378^|^1009
churn_score^|^1010^|^BDP^|^980^|^45190054^|^980^|^32838379^|^1010
churn_score^|^1011^|^BDP^|^981^|^45190055^|^981^|^32838380^|^1011
churn_score^|^1012^|^BDP^|^982^|^45190056^|^982^|^32838381^|^1012
churn_score^|^1013^|^BDP^|^983^|^45190057^|^983^|^32838382^|^1013
churn_score^|^1014^|^BDP^|^984^|^45190058^|^984^|^32838383^|^1014
churn_score^|^1015^|^BDP^|^985^|^45190059^|^985^|^32838384^|^1015
churn_score^|^1016^|^BDP^|^986^|^45190060^|^986^|^32838385^|^1016
churn_score^|^1017^|^BDP^|^987^|^45190061^|^987^|^32838386^|^1017
churn_score^|^1018^|^BDP^|^988^|^45190062^|^988^|^32838387^|^1018
churn_score^|^1019^|^BDP^|^989^|^45190063^|^989^|^32838388^|^1019
churn_score^|^1020^|^BDP^|^990^|^45190064^|^990^|^32838389^|^1020
churn_score^|^1021^|^BDP^|^991^|^45190065^|^991^|^32838390^|^1021
churn_score^|^1022^|^BDP^|^992^|^45190066^|^992^|^32838391^|^1022
churn_score^|^1023^|^BDP^|^993^|^45190067^|^993^|^32838392^|^1023
churn_score^|^1024^|^BDP^|^994^|^45190068^|^994^|^32838393^|^1024
churn_score^|^1025^|^BDP^|^995^|^45190069^|^995^|^32838394^|^1025
churn_score^|^1026^|^BDP^|^996^|^45190070^|^996^|^32838395^|^1026
churn_score^|^1027^|^BDP^|^997^|^45190071^|^997^|^32838396^|^1027
churn_score^|^1028^|^BDP^|^998^|^45190072^|^998^|^32838397^|^1028
churn_score^|^1029^|^BDP^|^999^|^45190073^|^999^|^32838398^|^1029
churn_score^|^1030^|^BDP^|^1000^|^45190074^|^1000^|^32838399^|^1030
churn_score^|^1031^|^BDP^|^1001^|^45190075^|^1001^|^32838400^|^1031
churn_score^|^1032^|^BDP^|^1002^|^45190076^|^1002^|^32838401^|^1032
churn_score^|^1033^|^BDP^|^1003^|^45190077^|^1003^|^32838402^|^1033
churn_score^|^1034^|^BDP^|^1004^|^45190078^|^1004^|^32838403^|^1034
churn_score^|^1035^|^BDP^|^1005^|^45190079^|^1005^|^32838404^|^1035
churn_score^|^1036^|^BDP^|^1006^|^45190080^|^1006^|^32838405^|^1036
churn_score^|^1037^|^BDP^|^1007^|^45190081^|^1007^|^32838406^|^1037
churn_score^|^1038^|^BDP^|^1008^|^45190082^|^1008^|^32838407^|^1038
churn_score^|^1039^|^BDP^|^1009^|^45190083^|^1009^|^32838408^|^1039
churn_score^|^1040^|^BDP^|^1010^|^45190084^|^1010^|^32838409^|^1040
churn_score^|^1041^|^BDP^|^1011^|^45190085^|^1011^|^32838410^|^1041
churn_score^|^1042^|^BDP^|^1012^|^45190086^|^1012^|^32838411^|^1042
churn_score^|^1043^|^BDP^|^1013^|^45190087^|^1013^|^32838412^|^1043
churn_score^|^1044^|^BDP^|^1014^|^45190088^|^1014^|^32838413^|^1044
churn_score^|^1045^|^BDP^|^1015^|^45190089^|^1015^|^32838414^|^1045
churn_score^|^1046^|^BDP^|^1016^|^45190090^|^1016^|^32838415^|^1046